36.8957791032697,14.409169026182
36.9033048848453,14.4104216648904
36.9108306664208,14.4116743035988
36.9183564479964,14.4129269423072
36.9258822295719,14.4141795810156
36.9334080111475,14.4154322197241
36.9409337927231,14.4166848584325
36.9484595742986,14.4179374971409
36.9559853558742,14.4191901358493
36.9635111374497,14.4204427745577
36.9710369190253,14.4216954132661
36.9785627006008,14.4229480519746
36.9860884821764,14.424200690683
36.9936142637519,14.4254533293914
37.0011400453275,14.4267059680998
37.008665826903,14.4279586068082
37.0161916084786,14.4292112455166
37.0237173900542,14.4304638842251
37.0312431716297,14.4317165229335
37.0387689532053,14.4329691616419
37.0462947347808,14.4342218003503
37.0538205163564,14.4354744390587
37.0613462979319,14.4367270777672
37.0688720795075,14.4379797164756
37.0763978610831,14.439232355184
37.0839236426586,14.4404849938924
37.0914494242342,14.4417376326008
37.0989752058097,14.4429902713092
37.1065009873853,14.4442429100177
37.1140267689608,14.4454955487261
37.1215525505364,14.4467481874345
37.1290783321119,14.4480008261429
37.1366041136875,14.4492534648513
37.144129895263,14.4505061035598
37.1516556768386,14.4517587422682
37.1591814584142,14.4530113809766
37.1667072399897,14.454264019685
37.1742330215653,14.4555166583934
37.1817588031408,14.4567692971018
37.1892845847164,14.4580219358103
37.1968103662919,14.4592745745187
37.2043361478675,14.4605272132271
37.211861929443,14.4617798519355
37.2193877110186,14.4630324906439
37.2269134925942,14.4642851293524
37.2344392741697,14.4655377680608
37.2419650557453,14.4667904067692
37.2494908373208,14.4680430454776
37.2570166188964,14.469295684186
37.2645424004719,14.4705483228944
37.2720681820475,14.4718009616029
37.279593963623,14.4730536003113
37.2820358319167,14.4734388800759
37.2844777002104,14.4738241598405
37.286919568504,14.4742094396052
37.2893614367977,14.4745947193698
37.2918033050914,14.4749799991344
37.2942451733851,14.4753652788991
37.2966870416787,14.4757505586637
37.2991289099724,14.4761358384283
37.3015707782661,14.476521118193
37.3040126465597,14.4769063979576
37.3064545148534,14.4772916777222
37.3088963831471,14.4776769574869
37.3113382514407,14.4780622372515
37.3137801197344,14.4784475170161
37.3162219880281,14.4788327967808
37.3186638563217,14.4792180765454
37.3211057246154,14.47960335631
37.3235475929091,14.4799886360747
37.3259894612027,14.4803739158393
37.3284313294964,14.4807591956039
37.3308731977901,14.4811444753686
37.3333150660837,14.4815297551332
37.3357569343774,14.4819150348978
37.3381988026711,14.4823003146625
37.3406406709648,14.4826855944271
37.3430825392584,14.4830708741917
37.3455244075521,14.4834561539564
37.3479662758458,14.483841433721
37.3504081441394,14.4842267134856
37.3528500124331,14.4846119932503
37.3552918807268,14.4849972730149
37.3577337490204,14.4853825527795
37.3601756173141,14.4857678325442
37.3626174856078,14.4861531123088
37.3650593539014,14.4865383920734
37.3675012221951,14.4869236718381
37.3699430904888,14.4873089516027
37.3723849587824,14.4876942313673
37.3748268270761,14.488079511132
37.3772686953698,14.4884647908966
37.3797105636635,14.4888500706612
37.3821524319571,14.4892353504259
37.3845943002508,14.4896206301905
37.3870361685445,14.4900059099551
37.3894780368381,14.4903911897198
37.3919199051318,14.4907764694844
37.3943617734255,14.491161749249
37.3968036417191,14.4915470290137
37.3992455100128,14.4919323087783
37.4016873783065,14.4923175885429
37.4041292466001,14.4927028683076
37.4065711148938,14.4930881480722
37.4090129831875,14.4934734278369
37.4114548514811,14.4938587076015
37.4138967197748,14.4942439873661
37.4163385880685,14.4946292671308
37.4187804563621,14.4950145468954
37.4212223246558,14.49539982666
37.4236641929495,14.4957851064246
37.4261060612432,14.4961703861893
37.4285479295368,14.4965556659539
37.4309897978305,14.4969409457186
37.4334316661242,14.4973262254832
37.4358735344178,14.4977115052478
37.4383154027115,14.4980967850125
37.4407572710052,14.4984820647771
37.4431991392988,14.4988673445417
37.4456410075925,14.4992526243064
37.4480828758862,14.499637904071
37.4505247441798,14.5000231838356
37.4529666124735,14.5004084636003
37.4554084807672,14.5007937433649
37.4578503490608,14.5011790231295
37.4602922173545,14.5015643028942
37.4627340856482,14.5019495826588
37.4651759539418,14.5023348624234
37.4676178222355,14.5027201421881
37.4700596905292,14.5031054219527
37.4725015588229,14.5034907017173
37.4749434271165,14.503875981482
37.4773852954102,14.5042612612466
37.4798271637039,14.5046465410112
37.4822690319975,14.5050318207759
37.4847109002912,14.5054171005405
37.4871527685849,14.5058023803051
37.4895946368785,14.5061876600698
37.4920365051722,14.5065729398344
37.4944783734659,14.506958219599
37.4969202417595,14.5073434993637
37.4993621100532,14.5077287791283
37.5018039783469,14.5081140588929
37.5042458466405,14.5084993386576
37.5066877149342,14.5088846184222
37.5091295832279,14.5092698981868
37.5115714515215,14.5096551779515
37.5140133198152,14.5100404577161
37.5164551881089,14.5104257374807
37.5188970564026,14.5108110172454
37.5213389246962,14.51119629701
37.5237807929899,14.5115815767746
37.5262226612836,14.5119668565393
37.5286645295772,14.5123521363039
37.5311063978709,14.5127374160685
37.5335482661646,14.5131226958332
37.5359901344582,14.5135079755978
37.5384320027519,14.5138932553624
37.5408738710456,14.5142785351271
37.5433157393392,14.5146638148917
37.5457576076329,14.5150490946563
37.5481994759266,14.515434374421
37.5506413442203,14.5158196541856
37.5530832125139,14.5162049339502
37.5555250808076,14.5165902137149
37.5579669491013,14.5169754934795
37.5604088173949,14.5173607732441
37.5628506856886,14.5177460530088
37.5652925539823,14.5181313327734
37.5677344222759,14.518516612538
37.5701762905696,14.5189018923027
37.5726181588633,14.5192871720673
37.5750600271569,14.5196724518319
37.5775018954506,14.5200577315966
37.5799437637443,14.5204430113612
37.5823856320379,14.5208282911258
37.5848275003316,14.5212135708905
37.5872693686253,14.5215988506551
37.5897112369189,14.5219841304197
37.5921531052126,14.5223694101844
37.5945949735063,14.522754689949
37.5970368418,14.5231399697136
37.5994787100936,14.5235252494783
37.6019205783873,14.5239105292429
37.604362446681,14.5242958090075
37.6068043149746,14.5246810887722
37.6092461832683,14.5250663685368
37.611688051562,14.5254516483014
37.6141299198556,14.5258369280661
37.6165717881493,14.5262222078307
37.619013656443,14.5266074875953
37.6214555247366,14.52699276736
37.6238973930303,14.5273780471246
37.626339261324,14.5277633268892
37.6287811296176,14.5281486066539
37.6312229979113,14.5285338864185
37.633664866205,14.5289191661831
37.6361067344986,14.5293044459478
37.6385486027923,14.5296897257124
37.640990471086,14.530075005477
37.6434323393797,14.5304602852417
37.6458742076733,14.5308455650063
37.648316075967,14.5312308447709
37.6507579442607,14.5316161245356
37.6531998125543,14.5320014043002
37.655641680848,14.5323866840648
37.6580835491417,14.5327719638295
37.6605254174353,14.5331572435941
37.662967285729,14.5335425233587
37.6654091540227,14.5339278031234
37.6678510223163,14.534313082888
37.67029289061,14.5346983626526
37.6727347589037,14.5350836424173
37.6751766271973,14.5354689221819
37.677618495491,14.5358542019465
37.6800603637847,14.5362394817112
37.6825022320783,14.5366247614758
37.684944100372,14.5370100412404
37.6873859686657,14.5373953210051
37.6898278369593,14.5377806007697
37.692269705253,14.5381658805343
37.6947115735467,14.538551160299
37.6971534418403,14.5389364400636
37.699595310134,14.5393217198282
37.7020371784277,14.5397069995929
37.7044790467214,14.5400922793575
37.706920915015,14.5404775591221
37.7093627833087,14.5408628388868
37.7118046516024,14.5412481186514
37.714246519896,14.541633398416
37.7166883881897,14.5420186781807
37.7191302564834,14.5424039579453
37.721572124777,14.5427892377099
37.7240139930707,14.5431745174746
37.7264558613644,14.5435597972392
37.7288977296581,14.5439450770038
37.7313395979517,14.5443303567685
37.7337814662454,14.5447156365331
37.736223334539,14.5451009162977
37.7386652028327,14.5454861960624
37.7411070711264,14.545871475827
37.7435489394201,14.5462567555916
37.7459908077137,14.5466420353563
37.7484326760074,14.5470273151209
37.7508745443011,14.5474125948855
37.7533164125947,14.5477978746502
37.7557582808884,14.5481831544148
37.7582001491821,14.5485684341794
37.7606420174757,14.5489537139441
37.7630838857694,14.5493389937087
37.7655257540631,14.5497242734733
37.772646219993,14.5508477457936
37.779766685923,14.5519712181138
37.7868871518529,14.553094690434
37.7940076177828,14.5542181627542
37.8011280837128,14.5553416350744
37.8082485496427,14.5564651073947
37.8153690155727,14.5575885797149
37.8224894815026,14.5587120520351
37.8296099474325,14.5598355243553
37.8367304133625,14.5609589966756
37.8438508792924,14.5620824689958
37.8509713452223,14.563205941316
37.8580918111523,14.5643294136362
37.8652122770822,14.5654528859565
37.8723327430122,14.5665763582767
37.8794532089421,14.5676998305969
37.8865736748721,14.5688233029171
37.893694140802,14.5699467752373
37.9008146067319,14.5710702475576
37.9079350726619,14.5721937198778
37.9150555385918,14.573317192198
37.9221760045218,14.5744406645182
37.9292964704517,14.5755641368385
37.9364169363816,14.5766876091587
37.9435374023116,14.5778110814789
37.9506578682415,14.5789345537991
37.9577783341715,14.5800580261194
37.9648988001014,14.5811814984396
37.9720192660313,14.5823049707598
37.9791397319613,14.58342844308
37.9862601978912,14.5845519154002
37.9933806638211,14.5856753877205
38.0005011297511,14.5867988600407
38.007621595681,14.5879223323609
38.014742061611,14.5890458046811
38.0218625275409,14.5901692770014
38.0289829934708,14.5912927493216
38.0361034594008,14.5924162216418
38.0432239253307,14.593539693962
38.0503443912607,14.5946631662823
38.0574648571906,14.5957866386025
38.0645853231205,14.5969101109227
38.0717057890505,14.5980335832429
38.0788262549804,14.5991570555631
38.0859467209104,14.6002805278834
38.0930671868403,14.6014040002036
38.1001876527702,14.6025274725238
38.1073081187002,14.603650944844
38.1144285846301,14.6047744171643
38.1215490505601,14.6058978894845
38.12866951649,14.6070213618047
38.1357899824199,14.6081448341249
38.1429104483499,14.6092683064452
38.1500309142798,14.6103917787654
38.1571513802098,14.6115152510856
38.1642718461397,14.6126387234058
38.1713923120696,14.6137621957261
38.1785127779996,14.6148856680463
38.1856332439295,14.6160091403665
38.1927537098595,14.6171326126867
38.1998741757894,14.6182560850069
38.2069946417193,14.6193795573272
38.2141151076493,14.6205030296474
38.2212355735792,14.6216265019676
38.2283560395092,14.6227499742878
38.2354765054391,14.6238734466081
38.242596971369,14.6249969189283
38.249717437299,14.6261203912485
38.2568379032289,14.6272438635687
38.2639583691589,14.628367335889
38.2710788350888,14.6294908082092
38.2781993010187,14.6306142805294
38.2853197669487,14.6317377528496
38.2924402328786,14.6328612251698
38.2995606988086,14.6339846974901
38.3066811647385,14.6351081698103
38.3138016306684,14.6362316421305
38.3209220965984,14.6373551144507
38.3280425625283,14.638478586771
38.4842762133751,14.6695508921308
38.5237704359555,14.6758790853211
38.8462044478707,14.7283104889258
38.9476247055691,14.7481171995277
38.9595342960339,14.7489308669542
39.3867346018777,14.8251754234932
39.427036232594,14.8370019111552
39.4724628256494,14.84252144534
39.5910825788174,14.8535765296169
39.6675713503442,14.863111701848
39.7745722084624,14.874020887317
39.935390452478,14.8963638446113
40.0047428089864,14.9093625711621
40.043170332197,14.9153397836097
40.2709837213749,14.9361169906669
40.278477885618,14.9372380097676
40.2859720498611,14.9383590288683
40.2934662141042,14.939480047969
40.3009603783473,14.9406010670698
40.3084545425904,14.9417220861705
40.3159487068335,14.9428431052712
40.3234428710766,14.9439641243719
40.3309370353197,14.9450851434726
40.3384311995628,14.9462061625733
40.3459253638059,14.947327181674
40.353419528049,14.9484482007747
40.3609136922921,14.9495692198754
40.3684078565352,14.9506902389761
40.3759020207783,14.9518112580768
40.3833961850214,14.9529322771775
40.3908903492645,14.9540532962783
40.3983845135076,14.955174315379
40.4058786777507,14.9562953344797
40.4133728419938,14.9574163535804
40.4208670062369,14.9585373726811
40.42836117048,14.9596583917818
40.4358553347231,14.9607794108825
40.4433494989662,14.9619004299832
40.4508436632093,14.9630214490839
40.4583378274524,14.9641424681846
40.4658319916955,14.9652634872853
40.4733261559386,14.9663845063861
40.4808203201817,14.9675055254868
40.4883144844248,14.9686265445875
40.4958086486679,14.9697475636882
40.503302812911,14.9708685827889
40.5107969771541,14.9719896018896
40.5182911413972,14.9731106209903
40.5257853056403,14.974231640091
40.5332794698834,14.9753526591917
40.5407736341265,14.9764736782924
40.5482677983696,14.9775946973931
40.5557619626127,14.9787157164938
40.5632561268558,14.9798367355946
40.5707502910989,14.9809577546953
40.578244455342,14.982078773796
40.5857386195851,14.9831997928967
40.5932327838282,14.9843208119974
40.6007269480713,14.9854418310981
40.6082211123144,14.9865628501988
40.6157152765575,14.9876838692995
40.6232094408006,14.9888048884002
40.6307036050437,14.9899259075009
40.6381977692868,14.9910469266016
40.6456919335299,14.9921679457023
40.653186097773,14.9932889648031
40.6606802620161,14.9944099839038
40.6681744262592,14.9955310030045
40.6756685905023,14.9966520221052
40.6831627547454,14.9977730412059
40.6906569189885,14.9988940603066
40.6981510832316,15.0000150794073
40.7056452474747,15.001136098508
40.7131394117178,15.0022571176087
40.7206335759609,15.0033781367094
40.728127740204,15.0044991558101
40.7356219044471,15.0056201749109
40.7431160686902,15.0067411940116
40.7506102329333,15.0078622131123
40.7581043971764,15.008983232213
40.7655985614195,15.0101042513137
40.7730927256626,15.0112252704144
40.7805868899057,15.0123462895151
40.7880810541488,15.0134673086158
40.7955752183919,15.0145883277165
40.8030693826351,15.0157093468172
40.8105635468782,15.0168303659179
40.8180577111213,15.0179513850186
40.8255518753643,15.0190724041194
40.8330460396075,15.0201934232201
40.8405402038506,15.0213144423208
40.8480343680937,15.0224354614215
40.8555285323367,15.0235564805222
40.8630226965799,15.0246774996229
40.870516860823,15.0257985187236
40.8780110250661,15.0269195378243
40.8855051893092,15.028040556925
40.8929993535523,15.0291615760257
40.9004935177954,15.0302825951264
40.9079876820385,15.0314036142272
40.9154818462816,15.0325246333279
40.9229760105247,15.0336456524286
40.9304701747678,15.0347666715293
40.9379643390109,15.03588769063
40.945458503254,15.0370087097307
40.9529526674971,15.0381297288314
40.9604468317402,15.0392507479321
40.9679409959833,15.0403717670328
40.9754351602264,15.0414927861335
40.9829293244695,15.0426138052342
40.9904234887126,15.0437348243349
40.9979176529557,15.0448558434357
41.0054118171988,15.0459768625364
41.0129059814419,15.0470978816371
41.020400145685,15.0482189007378
41.0278943099281,15.0493399198385
41.0353884741712,15.0504609389392
41.0428826384143,15.0515819580399
41.0503768026574,15.0527029771406
41.0578709669005,15.0538239962413
41.0653651311436,15.054945015342
41.0728592953867,15.0560660344427
41.0803534596298,15.0571870535434
41.0878476238729,15.0583080726442
41.095341788116,15.0594290917449
41.1028359523591,15.0605501108456
41.1103301166022,15.0616711299463
41.1178242808453,15.062792149047
41.1253184450884,15.0639131681477
41.1328126093315,15.0650341872484
41.1403067735746,15.0661552063491
41.1478009378177,15.0672762254498
41.1552951020608,15.0683972445505
41.1627892663039,15.0695182636512
41.170283430547,15.0706392827519
41.1777775947901,15.0717603018527
41.1852717590332,15.0728813209534
41.1879911525227,15.0732658796048
41.1907105460121,15.0736504382562
41.1934299395016,15.0740349969077
41.196149332991,15.0744195555591
41.1988687264805,15.0748041142105
41.2015881199699,15.075188672862
41.2043075134594,15.0755732315134
41.2070269069489,15.0759577901649
41.2097463004383,15.0763423488163
41.2124656939278,15.0767269074677
41.2151850874172,15.0771114661192
41.2179044809067,15.0774960247706
41.2206238743961,15.077880583422
41.2233432678856,15.0782651420735
41.2260626613751,15.0786497007249
41.2287820548645,15.0790342593763
41.231501448354,15.0794188180278
41.2342208418434,15.0798033766792
41.2369402353329,15.0801879353306
41.2396596288224,15.0805724939821
41.2423790223118,15.0809570526335
41.2450984158013,15.0813416112849
41.2478178092907,15.0817261699364
41.2505372027802,15.0821107285878
41.2532565962696,15.0824952872393
41.2559759897591,15.0828798458907
41.2586953832486,15.0832644045421
41.261414776738,15.0836489631936
41.2641341702275,15.084033521845
41.2668535637169,15.0844180804964
41.2695729572064,15.0848026391479
41.2722923506958,15.0851871977993
41.2750117441853,15.0855717564507
41.2777311376747,15.0859563151022
41.2804505311642,15.0863408737536
41.2831699246537,15.086725432405
41.2858893181431,15.0871099910565
41.2886087116326,15.0874945497079
41.291328105122,15.0878791083594
41.2940474986115,15.0882636670108
41.2967668921009,15.0886482256622
41.2994862855904,15.0890327843137
41.3022056790799,15.0894173429651
41.3049250725693,15.0898019016165
41.3076444660588,15.090186460268
41.3103638595482,15.0905710189194
41.3130832530377,15.0909555775708
41.3158026465271,15.0913401362223
41.3185220400166,15.0917246948737
41.3212414335061,15.0921092535251
41.3239608269955,15.0924938121766
41.326680220485,15.092878370828
41.3293996139744,15.0932629294794
41.3321190074639,15.0936474881309
41.3348384009534,15.0940320467823
41.3375577944428,15.0944166054338
41.3402771879323,15.0948011640852
41.3429965814217,15.0951857227366
41.3457159749112,15.0955702813881
41.3484353684006,15.0959548400395
41.3511547618901,15.0963393986909
41.3538741553795,15.0967239573424
41.356593548869,15.0971085159938
41.3593129423585,15.0974930746452
41.3620323358479,15.0978776332967
41.3647517293374,15.0982621919481
41.3674711228268,15.0986467505995
41.3701905163163,15.099031309251
41.3729099098057,15.0994158679024
41.3756293032952,15.0998004265539
41.3783486967847,15.1001849852053
41.3810680902741,15.1005695438567
41.3837874837636,15.1009541025082
41.386506877253,15.1013386611596
41.3892262707425,15.101723219811
41.3919456642319,15.1021077784625
41.3946650577214,15.1024923371139
41.3973844512109,15.1028768957653
41.4001038447003,15.1032614544168
41.4028232381898,15.1036460130682
41.4055426316792,15.1040305717196
41.4082620251687,15.1044151303711
41.4109814186581,15.1047996890225
41.4137008121476,15.105184247674
41.4164202056371,15.1055688063254
41.4191395991265,15.1059533649768
41.421858992616,15.1063379236283
41.4245783861054,15.1067224822797
41.4272977795949,15.1071070409311
41.4300171730843,15.1074915995826
41.4327365665738,15.107876158234
41.4354559600633,15.1082607168854
41.4381753535527,15.1086452755369
41.4408947470422,15.1090298341883
41.4436141405316,15.1094143928397
41.4463335340211,15.1097989514912
41.4490529275106,15.1101835101426
41.451772321,15.110568068794
41.4544917144895,15.1109526274455
41.4572111079789,15.1113371860969
41.4599305014684,15.1117217447484
41.4626498949578,15.1121063033998
41.4653692884473,15.1124908620512
41.4680886819367,15.1128754207027
41.4708080754262,15.1132599793541
41.4735274689157,15.1136445380055
41.4762468624051,15.114029096657
41.4789662558946,15.1144136553084
41.481685649384,15.1147982139598
41.4844050428735,15.1151827726113
41.4871244363629,15.1155673312627
41.4898438298524,15.1159518899141
41.4925632233419,15.1163364485656
41.4952826168313,15.116721007217
41.4980020103208,15.1171055658684
41.5007214038102,15.1174901245199
41.5034407972997,15.1178746831713
41.5061601907891,15.1182592418228
41.5088795842786,15.1186438004742
41.5115989777681,15.1190283591256
41.5143183712575,15.1194129177771
41.517037764747,15.1197974764285
41.5197571582364,15.1201820350799
41.5224765517259,15.1205665937314
41.5251959452154,15.1209511523828
41.5279153387048,15.1213357110342
41.5306347321943,15.1217202696857
41.5333541256837,15.1221048283371
41.5360735191732,15.1224893869885
41.5387929126626,15.12287394564
41.5415123061521,15.1232585042914
41.5442316996415,15.1236430629429
41.546951093131,15.1240276215943
41.5496704866205,15.1244121802457
41.5523898801099,15.1247967388972
41.5551092735994,15.1251812975486
41.5578286670888,15.1255658562
41.5605480605783,15.1259504148515
41.5632674540677,15.1263349735029
41.5659868475572,15.1267195321543
41.5687062410467,15.1271040908058
41.5714256345361,15.1274886494572
41.5741450280256,15.1278732081086
41.576864421515,15.1282577667601
41.5795838150045,15.1286423254115
41.5823032084939,15.129026884063
41.5850226019834,15.1294114427144
41.5877419954729,15.1297960013658
41.5904613889623,15.1301805600173
41.5931807824518,15.1305651186687
41.5959001759412,15.1309496773201
41.5986195694307,15.1313342359716
41.6013389629202,15.131718794623
41.6040583564096,15.1321033532744
41.6067777498991,15.1324879119259
41.6094971433885,15.1328724705773
41.612216536878,15.1332570292287
41.6149359303674,15.1336415878802
41.6176553238569,15.1340261465316
41.6203747173464,15.134410705183
41.6230941108358,15.1347952638345
41.6258135043253,15.1351798224859
41.6285328978147,15.1355643811374
41.6312522913042,15.1359489397888
41.6339716847936,15.1363334984402
41.6366910782831,15.1367180570917
41.6394104717725,15.1371026157431
41.642129865262,15.1374871743945
41.6448492587515,15.137871733046
41.6475686522409,15.1382562916974
41.6502880457304,15.1386408503488
41.6530074392198,15.1390254090003
41.6557268327093,15.1394099676517
41.6584462261987,15.1397945263031
41.6611656196882,15.1401790849546
41.6638850131777,15.140563643606
41.6666044066671,15.1409482022575
41.6693238001566,15.1413327609089
41.672043193646,15.1417173195603
41.6747625871355,15.1421018782118
41.6774819806249,15.1424864368632
41.6802013741144,15.1428709955146
41.6829207676039,15.1432555541661
41.6856401610933,15.1436401128175
41.6883595545828,15.1440246714689
41.6910789480722,15.1444092301204
41.6937983415617,15.1447937887718
41.6965177350512,15.1451783474232
41.6992371285406,15.1455629060747
41.7019565220301,15.1459474647261
41.7046759155195,15.1463320233775
41.707395309009,15.146716582029
41.7101147024984,15.1471011406804
41.7128340959879,15.1474856993319
41.7155534894773,15.1478702579833
41.7182728829668,15.1482548166347
41.7209922764563,15.1486393752862
41.7237116699457,15.1490239339376
41.7264310634352,15.149408492589
41.734360790334,15.1505298621497
41.7422905172329,15.1516512317103
41.7502202441318,15.1527726012709
41.7581499710306,15.1538939708316
41.7660796979295,15.1550153403922
41.7740094248283,15.1561367099529
41.7819391517272,15.1572580795135
41.7898688786261,15.1583794490741
41.7977986055249,15.1595008186348
41.8057283324238,15.1606221881954
41.8136580593227,15.1617435577561
41.8215877862215,15.1628649273167
41.8295175131204,15.1639862968773
41.8374472400192,15.165107666438
41.8453769669181,15.1662290359986
41.853306693817,15.1673504055593
41.8612364207158,15.1684717751199
41.8691661476147,15.1695931446805
41.8770958745135,15.1707145142412
41.8850256014124,15.1718358838018
41.8929553283113,15.1729572533625
41.9008850552101,15.1740786229231
41.908814782109,15.1751999924837
41.9167445090078,15.1763213620444
41.9246742359067,15.177442731605
41.9326039628056,15.1785641011657
41.9405336897044,15.1796854707263
41.9484634166033,15.1808068402869
41.9563931435022,15.1819282098476
41.964322870401,15.1830495794082
41.9722525972999,15.1841709489688
41.9801823241987,15.1852923185295
41.9881120510976,15.1864136880901
41.9960417779965,15.1875350576508
42.0039715048953,15.1886564272114
42.0119012317942,15.189777796772
42.019830958693,15.1908991663327
42.0277606855919,15.1920205358933
42.0356904124908,15.193141905454
42.0436201393896,15.1942632750146
42.0515498662885,15.1953846445752
42.0594795931874,15.1965060141359
42.0674093200862,15.1976273836965
42.0753390469851,15.1987487532572
42.0832687738839,15.1998701228178
42.0911985007828,15.2009914923784
42.0991282276817,15.2021128619391
42.1070579545805,15.2032342314997
42.1149876814794,15.2043556010604
42.1229174083782,15.205476970621
42.1308471352771,15.2065983401816
42.138776862176,15.2077197097423
42.1467065890748,15.2088410793029
42.1546363159737,15.2099624488636
42.1625660428725,15.2110838184242
42.1704957697714,15.2122051879848
42.1784254966703,15.2133265575455
42.1863552235691,15.2144479271061
42.194284950468,15.2155692966668
42.2022146773669,15.2166906662274
42.2101444042657,15.217812035788
42.2180741311646,15.2189334053487
42.2260038580634,15.2200547749093
42.2339335849623,15.2211761444699
42.2418633118612,15.2222975140306
42.24979303876,15.2234188835912
42.2577227656589,15.2245402531519
42.2656524925577,15.2256616227125
42.2735822194566,15.2267829922731
42.2815119463555,15.2279043618338
42.2894416732543,15.2290257313944
42.2973714001532,15.2301471009551
42.3053011270521,15.2312684705157
42.3132308539509,15.2323898400763
42.3211605808498,15.233511209637
42.3290903077486,15.2346325791976
42.3370200346475,15.2357539487583
42.3449497615464,15.2368753183189
42.3528794884452,15.2379966878795
42.3608092153441,15.2391180574402
42.3687389422429,15.2402394270008
42.3766686691418,15.2413607965615
42.3845983960407,15.2424821661221
42.3925281229395,15.2436035356827
42.5443045776218,15.2715243546734
42.7528342631584,15.3107672572265
42.95051506185,15.3446230494384
43.0311163389598,15.3495006523741
43.0913547425276,15.3539841595256
43.3044467163086,15.3725610351562
43.3075524442162,15.3729739876399
43.3106581721238,15.3733869401235
43.3137639000314,15.3737998926071
43.316869627939,15.3742128450907
43.3199753558466,15.3746257975743
43.3230810837542,15.3750387500579
43.3261868116618,15.3754517025415
43.3292925395694,15.3758646550251
43.332398267477,15.3762776075087
43.3355039953846,15.3766905599923
43.3386097232922,15.3771035124759
43.3417154511998,15.3775164649595
43.3448211791074,15.3779294174431
43.347926907015,15.3783423699267
43.3510326349226,15.3787553224103
43.3541383628301,15.3791682748939
43.3572440907378,15.3795812273775
43.3603498186453,15.3799941798611
43.3634555465529,15.3804071323447
43.3665612744605,15.3808200848283
43.3696670023681,15.3812330373119
43.3727727302757,15.3816459897955
43.3758784581833,15.3820589422791
43.3789841860909,15.3824718947627
43.3820899139985,15.3828848472463
43.3851956419061,15.3832977997299
43.3883013698137,15.3837107522135
43.3914070977213,15.3841237046971
43.3945128256289,15.3845366571807
43.3976185535365,15.3849496096643
43.4007242814441,15.3853625621479
43.4038300093517,15.3857755146315
43.4069357372593,15.3861884671151
43.4100414651669,15.3866014195987
43.4131471930745,15.3870143720824
43.4162529209821,15.387427324566
43.4193586488897,15.3878402770496
43.4224643767973,15.3882532295332
43.4255701047049,15.3886661820168
43.4286758326125,15.3890791345004
43.4317815605201,15.389492086984
43.4348872884277,15.3899050394676
43.4379930163353,15.3903179919512
43.4410987442429,15.3907309444348
43.4442044721505,15.3911438969184
43.4473102000581,15.391556849402
43.4504159279657,15.3919698018856
43.4535216558733,15.3923827543692
43.4566273837809,15.3927957068528
43.4597331116885,15.3932086593364
43.462838839596,15.39362161182
43.4659445675037,15.3940345643036
43.4690502954112,15.3944475167872
43.4721560233188,15.3948604692708
43.4752617512264,15.3952734217544
43.478367479134,15.395686374238
43.4814732070416,15.3960993267216
43.4845789349492,15.3965122792052
43.4876846628568,15.3969252316888
43.4907903907644,15.3973381841724
43.493896118672,15.397751136656
43.4970018465796,15.3981640891396
43.5001075744872,15.3985770416232
43.5032133023948,15.3989899941068
43.5063190303024,15.3994029465904
43.50942475821,15.399815899074
43.5125304861176,15.4002288515576
43.5156362140252,15.4006418040413
43.5187419419328,15.4010547565249
43.5218476698404,15.4014677090085
43.524953397748,15.4018806614921
43.5280591256556,15.4022936139757
43.5311648535632,15.4027065664593
43.5342705814708,15.4031195189429
43.5373763093784,15.4035324714265
43.540482037286,15.4039454239101
43.5435877651936,15.4043583763937
43.5466934931012,15.4047713288773
43.5497992210088,15.4051842813609
43.5529049489164,15.4055972338445
43.556010676824,15.4060101863281
43.5591164047316,15.4064231388117
43.5622221326392,15.4068360912953
43.5653278605468,15.4072490437789
43.5684335884544,15.4076619962625
43.571539316362,15.4080749487461
43.5746450442695,15.4084879012297
43.5777507721772,15.4089008537133
43.5808565000847,15.4093138061969
43.5839622279923,15.4097267586805
43.5870679558999,15.4101397111641
43.5901736838075,15.4105526636477
43.5932794117151,15.4109656161313
43.5963851396227,15.4113785686149
43.5994908675303,15.4117915210985
43.6025965954379,15.4122044735821
43.6057023233455,15.4126174260657
43.6088080512531,15.4130303785493
43.6119137791607,15.4134433310329
43.6150195070683,15.4138562835165
43.6181252349759,15.4142692360002
43.6212309628835,15.4146821884838
43.6243366907911,15.4150951409674
43.6274424186987,15.415508093451
43.6305481466063,15.4159210459346
43.6336538745139,15.4163339984182
43.6367596024215,15.4167469509018
43.6398653303291,15.4171599033854
43.6429710582367,15.417572855869
43.6460767861443,15.4179858083526
43.6491825140519,15.4183987608362
43.6522882419595,15.4188117133198
43.6553939698671,15.4192246658034
43.6584996977747,15.419637618287
43.6616054256823,15.4200505707706
43.6647111535899,15.4204635232542
43.6678168814975,15.4208764757378
43.6709226094051,15.4212894282214
43.6740283373127,15.421702380705
43.6771340652203,15.4221153331886
43.6802397931279,15.4225282856722
43.6833455210355,15.4229412381558
43.6864512489431,15.4233541906394
43.6895569768507,15.423767143123
43.6926627047582,15.4241800956066
43.6957684326658,15.4245930480902
43.6988741605734,15.4250060005738
43.701979888481,15.4254189530574
43.7050856163886,15.425831905541
43.7081913442962,15.4262448580246
43.7112970722038,15.4266578105082
43.7144028001114,15.4270707629918
43.717508528019,15.4274837154754
43.7206142559266,15.4278966679591
43.7237199838342,15.4283096204427
43.7268257117418,15.4287225729263
43.7299314396494,15.4291355254099
43.733037167557,15.4295484778935
43.7361428954646,15.4299614303771
43.7392486233722,15.4303743828607
43.7423543512798,15.4307873353443
43.7454600791874,15.4312002878279
43.748565807095,15.4316132403115
43.7516715350026,15.4320261927951
43.7547772629102,15.4324391452787
43.7578829908178,15.4328520977623
43.7609887187254,15.4332650502459
43.764094446633,15.4336780027295
43.7672001745406,15.4340909552131
43.7703059024482,15.4345039076967
43.7734116303558,15.4349168601803
43.7765173582634,15.4353298126639
43.779623086171,15.4357427651475
43.7827288140786,15.4361557176311
43.7858345419862,15.4365686701147
43.7889402698938,15.4369816225983
43.7920459978014,15.4373945750819
43.795151725709,15.4378075275655
43.7982574536166,15.4382204800491
43.8013631815242,15.4386334325327
43.8044689094317,15.4390463850163
43.8075746373393,15.4394593374999
43.8106803652469,15.4398722899835
43.8137860931545,15.4402852424671
43.8168918210621,15.4406981949507
43.8199975489697,15.4411111474343
43.8231032768773,15.4415240999179
43.8262090047849,15.4419370524016
43.8293147326925,15.4423500048852
43.8324204606001,15.4427629573688
43.8355261885077,15.4431759098524
43.8386319164153,15.443588862336
43.8417376443229,15.4440018148196
43.8448433722305,15.4444147673032
43.8479491001381,15.4448277197868
43.8510548280457,15.4452406722704
43.8541605559533,15.445653624754
43.8572662838609,15.4460665772376
43.8603720117685,15.4464795297212
43.8634777396761,15.4468924822048
43.8665834675837,15.4473054346884
43.8696891954913,15.447718387172
43.8727949233989,15.4481313396556
43.8759006513065,15.4485442921392
43.8790063792141,15.4489572446228
43.8821121071217,15.4493701971064
43.8852178350293,15.44978314959
43.8883235629369,15.4501961020736
43.8914292908445,15.4506090545572
43.8945350187521,15.4510220070408
43.8976407466597,15.4514349595244
43.9007464745673,15.451847912008
43.9038522024749,15.4522608644916
43.9069579303825,15.4526738169752
43.9100636582901,15.4530867694588
43.9131693861977,15.4534997219424
43.9162751141052,15.453912674426
43.9193808420128,15.4543256269096
43.9224865699204,15.4547385793932
43.9315428444996,15.4559427451125
43.9405991190788,15.4571469108318
43.949655393658,15.458351076551
43.9587116682372,15.4595552422703
43.9677679428164,15.4607594079895
43.9768242173957,15.4619635737088
43.9858804919749,15.4631677394281
43.9949367665541,15.4643719051473
44.0039930411333,15.4655760708666
44.0130493157125,15.4667802365858
44.0221055902917,15.4679844023051
44.0311618648709,15.4691885680243
44.0402181394501,15.4703927337436
44.0492744140293,15.4715968994629
44.0583306886085,15.4728010651821
44.0673869631877,15.4740052309014
44.0764432377669,15.4752093966206
44.0854995123461,15.4764135623399
44.0945557869253,15.4776177280592
44.1036120615045,15.4788218937784
44.1126683360837,15.4800260594977
44.1217246106629,15.4812302252169
44.1307808852421,15.4824343909362
44.1398371598213,15.4836385566554
44.1488934344005,15.4848427223747
44.1579497089797,15.486046888094
44.1670059835589,15.4872510538132
44.1760622581381,15.4884552195325
44.1851185327173,15.4896593852517
44.1941748072965,15.490863550971
44.2032310818757,15.4920677166903
44.2122873564549,15.4932718824095
44.2213436310341,15.4944760481288
44.2303999056133,15.495680213848
44.2394561801925,15.4968843795673
44.2485124547717,15.4980885452865
44.2575687293509,15.4992927110058
44.2666250039301,15.5004968767251
44.2756812785093,15.5017010424443
44.2847375530885,15.5029052081636
44.2937938276677,15.5041093738828
44.3028501022469,15.5053135396021
44.3119063768261,15.5065177053214
44.3209626514053,15.5077218710406
44.3300189259845,15.5089260367599
44.3390752005637,15.5101302024791
44.3481314751429,15.5113343681984
44.3571877497221,15.5125385339176
44.3662440243013,15.5137426996369
44.3753002988805,15.5149468653562
44.3843565734597,15.5161510310754
44.3934128480389,15.5173551967947
44.4024691226181,15.5185593625139
44.4115253971974,15.5197635282332
44.4205816717765,15.5209676939524
44.4296379463558,15.5221718596717
44.4386942209349,15.523376025391
44.4477504955142,15.5245801911102
44.4568067700934,15.5257843568295
44.4658630446726,15.5269885225487
44.4749193192518,15.528192688268
44.483975593831,15.5293968539873
44.4930318684102,15.5306010197065
44.5020881429894,15.5318051854258
44.5111444175686,15.533009351145
44.5202006921478,15.5342135168643
44.529256966727,15.5354176825835
44.5383132413062,15.5366218483028
44.5473695158854,15.5378260140221
44.5564257904646,15.5390301797413
44.5654820650438,15.5402343454606
44.574538339623,15.5414385111798
44.5835946142022,15.5426426768991
44.5926508887814,15.5438468426184
44.6017071633606,15.5450510083376
44.6107634379398,15.5462551740569
44.619819712519,15.5474593397761
44.6288759870982,15.5486635054954
44.6379322616774,15.5498676712146
44.6469885362566,15.5510718369339
44.6560448108358,15.5522760026532
44.665101085415,15.5534801683724
44.6741573599942,15.5546843340917
44.6832136345734,15.5558884998109
44.6922699091526,15.5570926655302
44.7013261837318,15.5582968312495
44.710382458311,15.5595009969687
44.7194387328902,15.560705162688
44.7284950074694,15.5619093284072
44.7375512820486,15.5631134941265
44.7466075566278,15.5643176598457
44.755663831207,15.565521825565
44.7647201057862,15.5667259912843
44.7737763803654,15.5679301570035
44.7828326549446,15.5691343227228
44.7918889295238,15.570338488442
44.800945204103,15.5715426541613
44.8100014786822,15.5727468198806
44.8190577532614,15.5739509855998
44.8281140278406,15.5751551513191
44.8371703024198,15.5763593170383
44.8462265769991,15.5775634827576
44.8552828515783,15.5787676484768
44.8643391261575,15.5799718141961
44.8733954007367,15.5811759799154
44.8824516753159,15.5823801456346
44.8915079498951,15.5835843113539
44.9005642244743,15.5847884770731
44.9096204990535,15.5859926427924
44.9186767736327,15.5871968085117
44.9277330482119,15.5884009742309
44.9367893227911,15.5896051399502
44.9458455973703,15.5908093056694
44.9549018719495,15.5920134713887
44.9639581465287,15.5932176371079
44.9730144211079,15.5944218028272
44.9820706956871,15.5956259685465
44.9911269702663,15.5968301342657
45.0581858437204,15.6068185065334
45.1179148143751,15.6136884543353
45.1269710889543,15.6148926200546
45.1360273635335,15.6160967857738
45.1450836381127,15.6173009514931
45.1541399126919,15.6185051172124
45.1631961872711,15.6197092829316
45.1722524618503,15.6209134486509
45.1813087364295,15.6221176143701
45.1903650110087,15.6233217800894
45.1994212855879,15.6245259458087
45.2084775601671,15.6257301115279
45.2175338347463,15.6269342772472
45.2265901093255,15.6281384429664
45.2356463839047,15.6293426086857
45.2447026584839,15.6305467744049
45.2537589330631,15.6317509401242
45.2628152076423,15.6329551058435
45.2718714822215,15.6341592715627
45.368698516451,15.6494478872319
45.5175533717293,15.6735858808538
45.6672074228105,15.6997289657805
45.7221671163625,15.7080710936579
45.8378274501605,15.7172349558708
46.0231114015115,15.7315336115601
46.0261565667189,15.7319128570094
46.0292017319264,15.7322921024588
46.0322468971338,15.7326713479081
46.0352920623413,15.7330505933574
46.0383372275487,15.7334298388068
46.0413823927562,15.7338090842561
46.0444275579636,15.7341883297054
46.0474727231711,15.7345675751548
46.0505178883785,15.7349468206041
46.0535630535859,15.7353260660534
46.0566082187934,15.7357053115028
46.0596533840009,15.7360845569521
46.0626985492083,15.7364638024014
46.0657437144157,15.7368430478508
46.0687888796232,15.7372222933001
46.0718340448306,15.7376015387494
46.0748792100381,15.7379807841988
46.0779243752455,15.7383600296481
46.080969540453,15.7387392750974
46.0840147056604,15.7391185205468
46.0870598708679,15.7394977659961
46.184740454537,15.7541417841407
46.2819504441445,15.7637694747533
46.284995609352,15.7641487202026
46.2880407745594,15.764527965652
46.2910859397669,15.7649072111013
46.2941311049743,15.7652864565506
46.2971762701817,15.765665702
46.3002214353892,15.7660449474493
46.3032666005966,15.7664241928986
46.3063117658041,15.7668034383479
46.3093569310115,15.7671826837973
46.312402096219,15.7675619292466
46.3154472614264,15.7679411746959
46.3184924266339,15.7683204201453
46.3215375918413,15.7686996655946
46.3245827570488,15.7690789110439
46.3276279222562,15.7694581564933
46.3306730874637,15.7698374019426
46.3395527617552,15.7709432782538
46.3484324360468,15.772049154565
46.3573121103383,15.7731550308762
46.3661917846299,15.7742609071874
46.3750714589215,15.7753667834986
46.383951133213,15.7764726598098
46.3928308075046,15.777578536121
46.4017104817962,15.7786844124322
46.4105901560877,15.7797902887434
46.4194698303793,15.7808961650546
46.4283495046708,15.7820020413658
46.4372291789624,15.7831079176771
46.446108853254,15.7842137939883
46.4549885275455,15.7853196702995
46.4638682018371,15.7864255466107
46.4727478761287,15.7875314229219
46.4816275504202,15.7886372992331
46.4905072247118,15.7897431755443
46.4993868990033,15.7908490518555
46.5082665732949,15.7919549281667
46.5171462475865,15.7930608044779
46.526025921878,15.7941666807891
46.5349055961696,15.7952725571003
46.5437852704611,15.7963784334115
46.5526649447527,15.7974843097227
46.5615446190443,15.7985901860339
46.5704242933358,15.7996960623451
46.5793039676274,15.8008019386563
46.5881836419189,15.8019078149675
46.5970633162105,15.8030136912787
46.6059429905021,15.8041195675899
46.6148226647936,15.8052254439011
46.6237023390852,15.8063313202124
46.6325820133767,15.8074371965236
46.6414616876683,15.8085430728348
46.6503413619599,15.809648949146
46.6592210362514,15.8107548254572
46.668100710543,15.8118607017684
46.6769803848346,15.8129665780796
46.6858600591261,15.8140724543908
46.6947397334177,15.815178330702
46.7036194077092,15.8162842070132
46.7124990820008,15.8173900833244
46.7213787562924,15.8184959596356
46.7302584305839,15.8196018359468
46.7391381048755,15.820707712258
46.748017779167,15.8218135885692
46.7568974534586,15.8229194648804
46.7657771277502,15.8240253411916
46.7746568020417,15.8251312175028
46.7835364763333,15.826237093814
46.7924161506249,15.8273429701252
46.8012958249164,15.8284488464364
46.810175499208,15.8295547227476
46.8190551734995,15.8306605990589
46.8279348477911,15.8317664753701
46.8368145220827,15.8328723516813
46.8456941963742,15.8339782279925
46.8545738706658,15.8350841043037
46.8634535449573,15.8361899806149
46.8723332192489,15.8372958569261
46.8812128935405,15.8384017332373
46.890092567832,15.8395076095485
46.8989722421236,15.8406134858597
46.9078519164152,15.8417193621709
46.9167315907067,15.8428252384821
46.9256112649983,15.8439311147933
46.9344909392898,15.8450369911045
46.9433706135814,15.8461428674157
46.952250287873,15.8472487437269
46.9611299621645,15.8483546200381
46.9700096364561,15.8494604963493
46.9788893107476,15.8505663726605
46.9877689850392,15.8516722489717
46.9966486593308,15.8527781252829
47.0055283336223,15.8538840015941
47.0144080079139,15.8549898779054
47.0232876822054,15.8560957542166
47.032167356497,15.8572016305278
47.0410470307886,15.858307506839
47.0499267050801,15.8594133831502
47.0588063793717,15.8605192594614
47.0676860536633,15.8616251357726
47.0765657279548,15.8627310120838
47.0854454022464,15.863836888395
47.0943250765379,15.8649427647062
47.1032047508295,15.8660486410174
47.1120844251211,15.8671545173286
47.1209640994126,15.8682603936398
47.1298437737042,15.869366269951
47.1387234479958,15.8704721462622
47.1476031222873,15.8715780225734
47.1564827965789,15.8726838988846
47.1653624708704,15.8737897751958
47.174242145162,15.874895651507
47.1831218194536,15.8760015278182
47.1920014937451,15.8771074041294
47.2008811680367,15.8782132804406
47.2097608423282,15.8793191567519
47.2186405166198,15.8804250330631
47.2275201909114,15.8815309093743
47.2363998652029,15.8826367856855
47.2452795394945,15.8837426619967
47.254159213786,15.8848485383079
47.2630388880776,15.8859544146191
47.2719185623692,15.8870602909303
47.2807982366607,15.8881661672415
47.2896779109523,15.8892720435527
47.2985575852438,15.8903779198639
47.3074372595354,15.8914837961751
47.316316933827,15.8925896724863
47.3251966081185,15.8936955487975
47.3340762824101,15.8948014251087
47.3429559567017,15.8959073014199
47.3518356309932,15.8970131777311
47.3607153052848,15.8981190540423
47.3695949795763,15.8992249303535
47.3784746538679,15.9003308066647
47.3873543281595,15.9014366829759
47.396234002451,15.9025425592872
47.4051136767426,15.9036484355984
47.4139933510342,15.9047543119096
47.4228730253257,15.9058601882208
47.4317526996173,15.906966064532
47.4406323739088,15.9080719408432
47.4495120482004,15.9091778171544
47.458391722492,15.9102836934656
47.4672713967835,15.9113895697768
47.4761510710751,15.912495446088
47.4850307453666,15.9136013223992
47.4939104196582,15.9147071987104
47.5027900939498,15.9158130750216
47.5116697682413,15.9169189513328
47.5205494425329,15.918024827644
47.5294291168245,15.9191307039552
47.538308791116,15.9202365802664
47.5471884654076,15.9213424565776
47.5560681396991,15.9224483328888
47.5649478139907,15.9235542092
47.5738274882823,15.9246600855112
47.5827071625738,15.9257659618224
47.5915868368654,15.9268718381337
47.6004665111569,15.9279777144449
47.6093461854485,15.9290835907561
47.6182258597401,15.9301894670673
47.6271055340316,15.9312953433785
47.6359852083232,15.9324012196897
47.6448648826147,15.9335070960009
47.6537445569063,15.9346129723121
47.6626242311979,15.9357188486233
47.6715039054894,15.9368247249345
47.680383579781,15.9379306012457
47.6892632540726,15.9390364775569
47.6981429283641,15.9401423538681
47.7070226026557,15.9412482301793
47.7159022769472,15.9423541064905
47.7247819512388,15.9434599828017
47.7336616255304,15.9445658591129
47.7425412998219,15.9456717354241
47.7514209741135,15.9467776117353
47.760300648405,15.9478834880465
47.7691803226966,15.9489893643577
47.7780599969882,15.9500952406689
47.7869396712797,15.9512011169802
47.7958193455713,15.9523069932914
47.8046990198629,15.9534128696026
47.8135786941544,15.9545187459138
47.822458368446,15.955624622225
47.8313380427375,15.9567304985362
47.8402177170291,15.9578363748474
47.8490973913207,15.9589422511586
47.8579770656122,15.9600481274698
47.8668567399038,15.961154003781
47.8757364141953,15.9622598800922
47.8846160884869,15.9633657564034
47.8934957627785,15.9644716327146
47.90237543707,15.9655775090258
47.9112551113616,15.966683385337
47.9201347856531,15.9677892616482
47.9290144599447,15.9688951379594
47.9378941342363,15.9700010142706
47.9467738085278,15.9711068905818
47.9556534828194,15.972212766893
47.9645331571109,15.9733186432042
47.9734128314025,15.9744245195154
47.9822925056941,15.9755303958267
47.9911721799856,15.9766362721379
48.0000518542772,15.9777421484491
48.0089315285688,15.9788480247603
48.0178112028603,15.9799539010715
48.0266908771519,15.9810597773827
48.0355705514434,15.9821656536939
48.044450225735,15.9832715300051
48.0533299000266,15.9843774063163
48.0622095743181,15.9854832826275
48.0710892486097,15.9865891589387
48.0799689229013,15.9876950352499
48.0888485971928,15.9888009115611
48.0977282714844,15.9899067878723
48.100928069341,15.9902792929163
48.1041278671975,15.9906517979604
48.1073276650541,15.9910243030044
48.1105274629107,15.9913968080484
48.1137272607673,15.9917693130924
48.1169270586238,15.9921418181365
48.1201268564804,15.9925143231805
48.123326654337,15.9928868282245
48.1265264521936,15.9932593332685
48.1297262500501,15.9936318383125
48.1329260479067,15.9940043433566
48.1361258457633,15.9943768484006
48.1393256436199,15.9947493534446
48.1425254414765,15.9951218584886
48.145725239333,15.9954943635327
48.1489250371896,15.9958668685767
48.1521248350462,15.9962393736207
48.1553246329028,15.9966118786647
48.1585244307593,15.9969843837088
48.1617242286159,15.9973568887528
48.1649240264725,15.9977293937968
48.1681238243291,15.9981018988408
48.1713236221856,15.9984744038848
48.1745234200422,15.9988469089289
48.1777232178988,15.9992194139729
48.1809230157554,15.9995919190169
48.184122813612,15.9999644240609
48.1873226114685,16.000336929105
48.1905224093251,16.000709434149
48.1937222071817,16.001081939193
48.1969220050383,16.001454444237
48.2001218028948,16.0018269492811
48.2033216007514,16.0021994543251
48.206521398608,16.0025719593691
48.2097211964646,16.0029444644131
48.2129209943212,16.0033169694572
48.2161207921777,16.0036894745012
48.2193205900343,16.0040619795452
48.2225203878909,16.0044344845892
48.2257201857475,16.0048069896332
48.228919983604,16.0051794946773
48.2321197814606,16.0055519997213
48.2353195793172,16.0059245047653
48.2385193771738,16.0062970098093
48.2417191750304,16.0066695148534
48.2449189728869,16.0070420198974
48.2481187707435,16.0074145249414
48.2513185686001,16.0077870299854
48.2545183664567,16.0081595350295
48.2577181643132,16.0085320400735
48.2609179621698,16.0089045451175
48.2641177600264,16.0092770501615
48.267317557883,16.0096495552055
48.2705173557395,16.0100220602496
48.2737171535961,16.0103945652936
48.2769169514527,16.0107670703376
48.2801167493093,16.0111395753816
48.2833165471659,16.0115120804257
48.2865163450224,16.0118845854697
48.289716142879,16.0122570905137
48.2929159407356,16.0126295955577
48.2961157385922,16.0130021006018
48.2993155364487,16.0133746056458
48.3025153343053,16.0137471106898
48.3057151321619,16.0141196157338
48.3089149300185,16.0144921207779
48.312114727875,16.0148646258219
48.3153145257316,16.0152371308659
48.3185143235882,16.0156096359099
48.3217141214448,16.0159821409539
48.3249139193014,16.016354645998
48.3281137171579,16.016727151042
48.3313135150145,16.017099656086
48.3345133128711,16.01747216113
48.3377131107277,16.0178446661741
48.3409129085842,16.0182171712181
48.3441127064408,16.0185896762621
48.3473125042974,16.0189621813061
48.350512302154,16.0193346863502
48.3537121000105,16.0197071913942
48.3569118978671,16.0200796964382
48.3601116957237,16.0204522014822
48.3633114935803,16.0208247065262
48.3665112914369,16.0211972115703
48.3697110892934,16.0215697166143
48.37291088715,16.0219422216583
48.3761106850066,16.0223147267023
48.3793104828632,16.0226872317464
48.3825102807197,16.0230597367904
48.3857100785763,16.0234322418344
48.3889098764329,16.0238047468784
48.3921096742895,16.0241772519225
48.3953094721461,16.0245497569665
48.3985092700026,16.0249222620105
48.4017090678592,16.0252947670545
48.4049088657158,16.0256672720985
48.4081086635724,16.0260397771426
48.4113084614289,16.0264122821866
48.4145082592855,16.0267847872306
48.4177080571421,16.0271572922746
48.4209078549987,16.0275297973187
48.4241076528553,16.0279023023627
48.4273074507118,16.0282748074067
48.4305072485684,16.0286473124507
48.433707046425,16.0290198174948
48.4369068442816,16.0293923225388
48.4401066421381,16.0297648275828
48.4433064399947,16.0301373326268
48.4465062378513,16.0305098376709
48.4497060357079,16.0308823427149
48.4529058335644,16.0312548477589
48.456105631421,16.0316273528029
48.4593054292776,16.0319998578469
48.4625052271342,16.032372362891
48.4657050249908,16.032744867935
48.4689048228473,16.033117372979
48.4721046207039,16.033489878023
48.4753044185605,16.0338623830671
48.4785042164171,16.0342348881111
48.4817040142736,16.0346073931551
48.4849038121302,16.0349798981991
48.4881036099868,16.0353524032432
48.4913034078434,16.0357249082872
48.4945032056999,16.0360974133312
48.4977030035565,16.0364699183752
48.5009028014131,16.0368424234192
48.5041025992697,16.0372149284633
48.5073023971263,16.0375874335073
48.5105021949828,16.0379599385513
48.5137019928394,16.0383324435953
48.516901790696,16.0387049486394
48.5201015885526,16.0390774536834
48.5233013864091,16.0394499587274
48.5265011842657,16.0398224637714
48.5297009821223,16.0401949688155
48.5329007799789,16.0405674738595
48.5361005778354,16.0409399789035
48.539300375692,16.0413124839475
48.5425001735486,16.0416849889916
48.5456999714052,16.0420574940356
48.5488997692618,16.0424299990796
48.5520995671183,16.0428025041236
48.5552993649749,16.0431750091676
48.5584991628315,16.0435475142117
48.5616989606881,16.0439200192557
48.5648987585446,16.0442925242997
48.5680985564012,16.0446650293437
48.5712983542578,16.0450375343878
48.5744981521144,16.0454100394318
48.577697949971,16.0457825444758
48.5808977478275,16.0461550495198
48.5840975456841,16.0465275545639
48.5872973435407,16.0469000596079
48.5904971413973,16.0472725646519
48.5936969392538,16.0476450696959
48.5968967371104,16.0480175747399
48.600096534967,16.048390079784
48.6032963328236,16.048762584828
48.6064961306802,16.049135089872
48.6096959285367,16.049507594916
48.6128957263933,16.0498800999601
48.6160955242499,16.0502526050041
48.6192953221065,16.0506251100481
48.622495119963,16.0509976150921
48.6256949178196,16.0513701201362
48.6288947156762,16.0517426251802
48.6320945135328,16.0521151302242
48.6352943113893,16.0524876352682
48.6384941092459,16.0528601403122
48.6416939071025,16.0532326453563
48.6448937049591,16.0536051504003
48.6480935028157,16.0539776554443
48.6512933006722,16.0543501604883
48.6544930985288,16.0547226655324
48.6576928963854,16.0550951705764
48.660892694242,16.0554676756204
48.6640924920985,16.0558401806644
48.6672922899551,16.0562126857085
48.6704920878117,16.0565851907525
48.6736918856683,16.0569576957965
48.7511917767524,16.0675628033096
48.8277938619667,16.0748975051339
48.8371244436691,16.075983726484
49.0195032834142,16.1061765638155
49.2103477117631,16.1194325804877
49.2196782934655,16.1205188018378
49.2290088751678,16.1216050231879
49.2383394568702,16.122691244538
49.2476700385725,16.1237774658881
49.2570006202749,16.1248636872382
49.2663312019772,16.1259499085883
49.2756617836796,16.1270361299384
49.2849923653819,16.1281223512885
49.2943229470843,16.1292085726385
49.3036535287866,16.1302947939886
49.312984110489,16.1313810153387
49.3223146921913,16.1324672366888
49.3316452738937,16.1335534580389
49.340975855596,16.134639679389
49.3503064372984,16.1357259007391
49.3596370190007,16.1368121220892
49.3689676007031,16.1378983434393
49.3782981824054,16.1389845647894
49.3876287641078,16.1400707861395
49.3969593458101,16.1411570074896
49.4062899275125,16.1422432288397
49.4156205092148,16.1433294501898
49.4249510909172,16.1444156715399
49.4342816726195,16.1455018928899
49.4436122543219,16.14658811424
49.4529428360242,16.1476743355901
49.4622734177266,16.1487605569402
49.4716039994289,16.1498467782903
49.4809345811313,16.1509329996404
49.4902651628336,16.1520192209905
49.499595744536,16.1531054423406
49.5089263262383,16.1541916636907
49.5182569079407,16.1552778850408
49.527587489643,16.1563641063909
49.5369180713454,16.157450327741
49.5462486530477,16.1585365490911
49.5555792347501,16.1596227704412
49.5649098164524,16.1607089917912
49.5742403981548,16.1617952131413
49.5835709798571,16.1628814344914
49.5929015615595,16.1639676558415
49.6022321432618,16.1650538771916
49.6115627249642,16.1661400985417
49.6208933066665,16.1672263198918
49.6302238883689,16.1683125412419
49.6395544700712,16.169398762592
49.6488850517736,16.1704849839421
49.6582156334759,16.1715712052922
49.6675462151783,16.1726574266423
49.6768767968806,16.1737436479924
49.686207378583,16.1748298693425
49.6955379602853,16.1759160906926
49.7048685419877,16.1770023120426
49.71419912369,16.1780885333927
49.7235297053924,16.1791747547428
49.7328602870947,16.1802609760929
49.7421908687971,16.181347197443
49.9595931316045,16.2195696059502
50.1917614326059,16.2423590660537
50.3432726947168,16.2557643845883
50.4538709164454,16.2689306533605
50.5912738037109,16.2801933403015
50.5946529106288,16.2805593152649
50.5980320175467,16.2809252902283
50.6014111244646,16.2812912651917
50.6047902313825,16.2816572401551
50.6081693383004,16.2820232151185
50.6115484452182,16.2823891900819
50.6149275521361,16.2827551650453
50.618306659054,16.2831211400087
50.6216857659719,16.2834871149721
50.6250648728898,16.2838530899355
50.6284439798077,16.2842190648989
50.6318230867256,16.2845850398623
50.6352021936434,16.2849510148257
50.6385813005613,16.2853169897891
50.6419604074792,16.2856829647525
50.6453395143971,16.2860489397159
50.648718621315,16.2864149146793
50.6520977282329,16.2867808896427
50.6554768351507,16.2871468646061
50.6588559420686,16.2875128395695
50.6622350489865,16.2878788145329
50.6656141559044,16.2882447894963
50.6689932628223,16.2886107644597
50.6723723697402,16.2889767394231
50.675751476658,16.2893427143865
50.6791305835759,16.2897086893499
50.6825096904938,16.2900746643133
50.6858887974117,16.2904406392766
50.6892679043296,16.2908066142401
50.6926470112475,16.2911725892034
50.6960261181653,16.2915385641668
50.6994052250832,16.2919045391302
50.7027843320011,16.2922705140936
50.706163438919,16.292636489057
50.7095425458369,16.2930024640204
50.7129216527548,16.2933684389838
50.7163007596726,16.2937344139472
50.7196798665905,16.2941003889106
50.7230589735084,16.294466363874
50.7264380804263,16.2948323388374
50.7298171873442,16.2951983138008
50.7331962942621,16.2955642887642
50.73657540118,16.2959302637276
50.7399545080978,16.296296238691
50.7433336150157,16.2966622136544
50.7467127219336,16.2970281886178
50.7500918288515,16.2973941635812
50.7534709357694,16.2977601385446
50.7568500426873,16.298126113508
50.7602291496051,16.2984920884714
50.763608256523,16.2988580634348
50.7669873634409,16.2992240383982
50.7703664703588,16.2995900133616
50.7737455772767,16.299955988325
50.7771246841946,16.3003219632884
50.7805037911125,16.3006879382518
50.7838828980303,16.3010539132152
50.7872620049482,16.3014198881786
50.7906411118661,16.301785863142
50.794020218784,16.3021518381054
50.7973993257019,16.3025178130688
50.8007784326198,16.3028837880322
50.8041575395376,16.3032497629956
50.8075366464555,16.303615737959
50.8109157533734,16.3039817129224
50.8142948602913,16.3043476878858
50.8176739672092,16.3047136628492
50.8210530741271,16.3050796378126
50.8244321810449,16.305445612776
50.8278112879628,16.3058115877394
50.8311903948807,16.3061775627028
50.8345695017986,16.3065435376662
50.8379486087165,16.3069095126296
50.8413277156344,16.3072754875929
50.8447068225523,16.3076414625563
50.8480859294701,16.3080074375197
50.851465036388,16.3083734124831
50.8548441433059,16.3087393874465
50.8582232502238,16.3091053624099
50.8616023571417,16.3094713373733
50.8649814640596,16.3098373123367
50.8683605709774,16.3102032873001
50.8717396778953,16.3105692622635
50.8751187848132,16.3109352372269
50.8784978917311,16.3113012121903
50.881876998649,16.3116671871537
50.8852561055669,16.3120331621171
50.8886352124848,16.3123991370805
50.8920143194026,16.3127651120439
50.8953934263205,16.3131310870073
50.8987725332384,16.3134970619707
50.9021516401563,16.3138630369341
50.9055307470742,16.3142290118975
50.9089098539921,16.3145949868609
50.9122889609099,16.3149609618243
50.9156680678278,16.3153269367877
50.9190471747457,16.3156929117511
50.9224262816636,16.3160588867145
50.9258053885815,16.3164248616779
50.9291844954994,16.3167908366413
50.9325636024172,16.3171568116047
50.9359427093351,16.3175227865681
50.939321816253,16.3178887615315
50.9427009231709,16.3182547364949
50.9460800300888,16.3186207114583
50.9494591370067,16.3189866864217
50.9528382439246,16.3193526613851
50.9562173508424,16.3197186363485
50.9595964577603,16.3200846113119
50.9629755646782,16.3204505862753
50.9663546715961,16.3208165612387
50.969733778514,16.3211825362021
50.9731128854319,16.3215485111655
50.9764919923497,16.3219144861289
50.9798710992676,16.3222804610923
50.9832502061855,16.3226464360557
50.9866293131034,16.3230124110191
50.9900084200213,16.3233783859825
50.9933875269392,16.3237443609459
50.996766633857,16.3241103359092
51.0001457407749,16.3244763108727
51.0035248476928,16.324842285836
51.0069039546107,16.3252082607994
51.0102830615286,16.3255742357628
51.0136621684465,16.3259402107262
51.0170412753643,16.3263061856896
51.0204203822822,16.326672160653
51.0237994892001,16.3270381356164
51.027178596118,16.3274041105798
51.0305577030359,16.3277700855432
51.0339368099538,16.3281360605066
51.0373159168716,16.32850203547
51.0406950237895,16.3288680104334
51.0440741307074,16.3292339853968
51.0474532376253,16.3295999603602
51.0508323445432,16.3299659353236
51.0542114514611,16.330331910287
51.057590558379,16.3306978852504
51.0609696652968,16.3310638602138
51.0643487722147,16.3314298351772
51.0677278791326,16.3317958101406
51.0711069860505,16.332161785104
51.0744860929684,16.3325277600674
51.0778651998863,16.3328937350308
51.0812443068041,16.3332597099942
51.084623413722,16.3336256849576
51.0880025206399,16.333991659921
51.0913816275578,16.3343576348844
51.0947607344757,16.3347236098478
51.0981398413936,16.3350895848112
51.1015189483114,16.3354555597746
51.1048980552293,16.335821534738
51.1082771621472,16.3361875097014
51.1116562690651,16.3365534846648
51.115035375983,16.3369194596282
51.1184144829009,16.3372854345916
51.1217935898188,16.337651409555
51.1251726967366,16.3380173845184
51.1285518036545,16.3383833594818
51.1319309105724,16.3387493344452
51.1353100174903,16.3391153094086
51.1386891244082,16.339481284372
51.1420682313261,16.3398472593354
51.1454473382439,16.3402132342988
51.1488264451618,16.3405792092622
51.1522055520797,16.3409451842255
51.1555846589976,16.341311159189
51.1589637659155,16.3416771341523
51.1623428728334,16.3420431091157
51.1657219797513,16.3424090840791
51.1691010866691,16.3427750590425
51.172480193587,16.3431410340059
51.1758593005049,16.3435070089693
51.1792384074228,16.3438729839327
51.1826175143407,16.3442389588961
51.1859966212586,16.3446049338595
51.1893757281764,16.3449709088229
51.1927548350943,16.3453368837863
51.1961339420122,16.3457028587497
51.1995130489301,16.3460688337131
51.202892155848,16.3464348086765
51.2062712627659,16.3468007836399
51.2096503696838,16.3471667586033
51.2130294766016,16.3475327335667
51.2164085835195,16.3478987085301
51.2197876904374,16.3482646834935
51.2231667973553,16.3486306584569
51.2265459042732,16.3489966334203
51.2299250111911,16.3493626083837
51.2333041181089,16.3497285833471
51.2366832250268,16.3500945583105
51.2400623319447,16.3504605332739
51.2434414388626,16.3508265082373
51.2468205457805,16.3511924832007
51.2501996526983,16.3515584581641
51.2535787596162,16.3519244331275
51.3212464250723,16.3604304309254
51.3918108693814,16.3668956940379
51.40166431469,16.3679628737317
51.4115177599986,16.3690300534256
51.4213712053072,16.3700972331194
51.4312246506158,16.3711644128133
51.4410780959243,16.3722315925072
51.4509315412329,16.373298772201
51.4607849865415,16.3743659518949
51.4706384318501,16.3754331315887
51.4804918771587,16.3765003112826
51.4903453224672,16.3775674909765
51.5001987677758,16.3786346706703
51.5100522130844,16.3797018503642
51.519905658393,16.3807690300581
51.5297591037016,16.3818362097519
51.5396125490101,16.3829033894458
51.5494659943187,16.3839705691396
51.5593194396273,16.3850377488335
51.5691728849359,16.3861049285274
51.5790263302445,16.3871721082212
51.588879775553,16.3882392879151
51.5987332208616,16.3893064676089
51.6085866661702,16.3903736473028
51.6184401114788,16.3914408269967
51.6282935567874,16.3925080066905
51.6381470020959,16.3935751863844
51.6480004474045,16.3946423660782
51.6578538927131,16.3957095457721
51.6677073380217,16.396776725466
51.6775607833303,16.3978439051598
51.6874142286388,16.3989110848537
51.6972676739474,16.3999782645475
51.707121119256,16.4010454442414
51.7169745645646,16.4021126239353
51.7268280098732,16.4031798036291
51.7366814551817,16.404246983323
51.7465349004903,16.4053141630169
51.7563883457989,16.4063813427107
51.7662417911075,16.4074485224046
51.7760952364161,16.4085157020984
51.7859486817246,16.4095828817923
51.7958021270332,16.4106500614862
51.8056555723418,16.41171724118
51.8155090176504,16.4127844208739
51.825362462959,16.4138516005677
51.8352159082675,16.4149187802616
51.8450693535761,16.4159859599555
51.8549227988847,16.4170531396493
51.8647762441933,16.4181203193432
51.8746296895019,16.419187499037
51.8844831348104,16.4202546787309
51.894336580119,16.4213218584248
51.9041900254276,16.4223890381186
51.9140434707362,16.4234562178125
51.9238969160448,16.4245233975063
51.9337503613533,16.4255905772002
51.9436038066619,16.4266577568941
51.9534572519705,16.4277249365879
51.9633106972791,16.4287921162818
51.9731641425877,16.4298592959756
51.9830175878962,16.4309264756695
51.9928710332048,16.4319936553634
52.0027244785134,16.4330608350572
52.012577923822,16.4341280147511
52.0224313691306,16.4351951944449
52.0322848144391,16.4362623741388
52.0421382597477,16.4373295538327
52.0519917050563,16.4383967335265
52.0618451503649,16.4394639132204
52.0716985956735,16.4405310929143
52.081552040982,16.4415982726081
52.0914054862906,16.442665452302
52.1012589315992,16.4437326319958
52.1111123769078,16.4447998116897
52.1209658222164,16.4458669913836
52.1308192675249,16.4469341710774
52.1406727128335,16.4480013507713
52.1505261581421,16.4490685304651
52.1603796034507,16.450135710159
52.1702330487593,16.4512028898529
52.1800864940679,16.4522700695467
52.1899399393764,16.4533372492406
52.199793384685,16.4544044289344
52.2096468299936,16.4554716086283
52.2195002753022,16.4565387883222
52.2293537206107,16.457605968016
52.2392071659193,16.4586731477099
52.2490606112279,16.4597403274037
52.2589140565365,16.4608075070976
52.2687675018451,16.4618746867915
52.2786209471537,16.4629418664853
52.2884743924622,16.4640090461792
52.2983278377708,16.465076225873
52.3081812830794,16.4661434055669
52.318034728388,16.4672105852608
52.3278881736965,16.4682777649546
52.3377416190051,16.4693449446485
52.3475950643137,16.4704121243423
52.3574485096223,16.4714793040362
52.3673019549309,16.4725464837301
52.3771554002395,16.4736136634239
52.387008845548,16.4746808431178
52.3968622908566,16.4757480228117
52.4067157361652,16.4768152025055
52.4165691814738,16.4778823821994
52.4264226267823,16.4789495618932
52.4362760720909,16.4800167415871
52.4461295173995,16.481083921281
52.4559829627081,16.4821511009748
52.4658364080167,16.4832182806687
52.4756898533253,16.4842854603625
52.4855432986338,16.4853526400564
52.4953967439424,16.4864198197503
52.505250189251,16.4874869994441
52.5151036345596,16.488554179138
52.5249570798682,16.4896213588318
52.5348105251767,16.4906885385257
52.5446639704853,16.4917557182196
52.5545174157939,16.4928228979134
52.5643708611025,16.4938900776073
52.5742243064111,16.4949572573011
52.5840777517196,16.496024436995
52.5939311970282,16.4970916166889
52.6037846423368,16.4981587963827
52.6136380876454,16.4992259760766
52.6234915329539,16.5002931557704
52.6333449782625,16.5013603354643
52.6431984235711,16.5024275151582
52.6530518688797,16.503494694852
52.6629053141883,16.5045618745459
52.6727587594969,16.5056290542398
52.6826122048054,16.5066962339336
52.692465650114,16.5077634136275
52.7023190954226,16.5088305933213
52.7121725407312,16.5098977730152
52.7220259860398,16.5109649527091
52.7318794313483,16.5120321324029
52.7417328766569,16.5130993120968
52.7515863219655,16.5141664917906
52.7614397672741,16.5152336714845
52.7712932125827,16.5163008511784
52.7811466578912,16.5173680308722
52.7910001031998,16.5184352105661
52.8008535485084,16.5195023902599
52.810706993817,16.5205695699538
52.8205604391256,16.5216367496477
52.8304138844341,16.5227039293415
52.8402673297427,16.5237711090354
52.8501207750513,16.5248382887292
52.8599742203599,16.5259054684231
52.8698276656685,16.526972648117
52.879681110977,16.5280398278108
52.8895345562856,16.5291070075047
52.8993880015942,16.5301741871985
52.9092414469028,16.5312413668924
52.9190948922114,16.5323085465863
52.9289483375199,16.5333757262801
52.9388017828285,16.534442905974
52.9486552281371,16.5355100856678
52.9585086734457,16.5365772653617
52.9683621187543,16.5376444450556
52.9782155640628,16.5387116247494
52.9880690093714,16.5397788044433
52.99792245468,16.5408459841372
53.0077758999886,16.541913163831
53.0176293452972,16.5429803435249
53.0274827906057,16.5440475232187
53.0373362359143,16.5451147029126
53.0471896812229,16.5461818826065
53.0570431265315,16.5472490623003
53.0668965718401,16.5483162419942
53.0767500171486,16.549383421688
53.0866034624572,16.5504506013819
53.0964569077658,16.5515177810758
53.1063103530744,16.5525849607696
53.116163798383,16.5536521404635
53.1260172436915,16.5547193201573
53.1358706890001,16.5557864998512
53.1457241343087,16.5568536795451
53.1555775796173,16.5579208592389
53.1654310249259,16.5589880389328
53.1752844702344,16.5600552186266
53.185137915543,16.5611223983205
53.1949913608516,16.5621895780144
53.2048448061602,16.5632567577082
53.2146982514688,16.5643239374021
53.2245516967773,16.5653911170959
53.2281430521689,16.5657510201861
53.2317344075604,16.5661109232762
53.2353257629519,16.5664708263663
53.2389171183434,16.5668307294564
53.2425084737349,16.5671906325465
53.2460998291265,16.5675505356366
53.249691184518,16.5679104387268
53.2532825399095,16.5682703418169
53.256873895301,16.568630244907
53.2604652506925,16.5689901479971
53.264056606084,16.5693500510872
53.2676479614756,16.5697099541773
53.2712393168671,16.5700698572675
53.2748306722586,16.5704297603576
53.2784220276501,16.5707896634477
53.2820133830416,16.5711495665378
53.2856047384332,16.5715094696279
53.2891960938247,16.571869372718
53.2927874492162,16.5722292758082
53.2963788046077,16.5725891788983
53.2999701599992,16.5729490819884
53.3035615153907,16.5733089850785
53.3071528707823,16.5736688881686
53.3107442261738,16.5740287912587
53.3143355815653,16.5743886943489
53.3179269369568,16.574748597439
53.3215182923483,16.5751085005291
53.3251096477399,16.5754684036192
53.3287010031314,16.5758283067093
53.3322923585229,16.5761882097995
53.3358837139144,16.5765481128896
53.3394750693059,16.5769080159797
53.3430664246974,16.5772679190698
53.346657780089,16.5776278221599
53.3502491354805,16.57798772525
53.353840490872,16.5783476283402
53.3574318462635,16.5787075314303
53.361023201655,16.5790674345204
53.3646145570465,16.5794273376105
53.3682059124381,16.5797872407006
53.3717972678296,16.5801471437907
53.3753886232211,16.5805070468809
53.3789799786126,16.580866949971
53.3825713340041,16.5812268530611
53.3861626893957,16.5815867561512
53.3897540447872,16.5819466592413
53.3933454001787,16.5823065623314
53.3969367555702,16.5826664654216
53.4005281109617,16.5830263685117
53.4041194663533,16.5833862716018
53.4077108217448,16.5837461746919
53.4113021771363,16.584106077782
53.4148935325278,16.5844659808721
53.4184848879193,16.5848258839623
53.4220762433108,16.5851857870524
53.4256675987024,16.5855456901425
53.4292589540939,16.5859055932326
53.4328503094854,16.5862654963227
53.4364416648769,16.5866253994128
53.4400330202684,16.586985302503
53.4436243756599,16.5873452055931
53.4472157310515,16.5877051086832
53.450807086443,16.5880650117733
53.4543984418345,16.5884249148634
53.457989797226,16.5887848179535
53.4615811526175,16.5891447210437
53.4651725080091,16.5895046241338
53.4687638634006,16.5898645272239
53.4723552187921,16.590224430314
53.4759465741836,16.5905843334041
53.4795379295751,16.5909442364942
53.4831292849667,16.5913041395844
53.4867206403582,16.5916640426745
53.4903119957497,16.5920239457646
53.4939033511412,16.5923838488547
53.4974947065327,16.5927437519448
53.5010860619242,16.5931036550349
53.5046774173158,16.5934635581251
53.5082687727073,16.5938234612152
53.5118601280988,16.5941833643053
53.5154514834903,16.5945432673954
53.5190428388818,16.5949031704855
53.5226341942734,16.5952630735756
53.5262255496649,16.5956229766658
53.5298169050564,16.5959828797559
53.5334082604479,16.596342782846
53.5369996158394,16.5967026859361
53.5405909712309,16.5970625890262
53.5441823266224,16.5974224921163
53.547773682014,16.5977823952065
53.5513650374055,16.5981422982966
53.554956392797,16.5985022013867
53.5585477481885,16.5988621044768
53.56213910358,16.5992220075669
53.5657304589716,16.599581910657
53.5693218143631,16.5999418137472
53.5729131697546,16.6003017168373
53.5765045251461,16.6006616199274
53.5800958805376,16.6010215230175
53.5836872359292,16.6013814261076
53.5872785913207,16.6017413291978
53.5908699467122,16.6021012322879
53.5944613021037,16.602461135378
53.5980526574952,16.6028210384681
53.6016440128867,16.6031809415582
53.6052353682783,16.6035408446483
53.6088267236698,16.6039007477384
53.6124180790613,16.6042606508286
53.6160094344528,16.6046205539187
53.6196007898443,16.6049804570088
53.6231921452358,16.6053403600989
53.6267835006274,16.605700263189
53.6303748560189,16.6060601662791
53.6339662114104,16.6064200693693
53.6375575668019,16.6067799724594
53.6411489221934,16.6071398755495
53.644740277585,16.6074997786396
53.6483316329765,16.6078596817297
53.651922988368,16.6082195848198
53.6555143437595,16.60857948791
53.659105699151,16.6089393910001
53.6626970545426,16.6092992940902
53.6662884099341,16.6096591971803
53.6698797653256,16.6100191002704
53.6734711207171,16.6103790033606
53.6770624761086,16.6107389064507
53.6806538315001,16.6110988095408
53.6842451868917,16.6114587126309
53.6878365422832,16.611818615721
53.6914278976747,16.6121785188111
53.6950192530662,16.6125384219013
53.6986106084577,16.6128983249914
53.7022019638493,16.6132582280815
53.7057933192408,16.6136181311716
53.7093846746323,16.6139780342617
53.7129760300238,16.6143379373518
53.7165673854153,16.614697840442
53.7201587408068,16.6150577435321
53.7237500961984,16.6154176466222
53.7273414515899,16.6157775497123
53.7309328069814,16.6161374528024
53.7345241623729,16.6164973558925
53.7381155177644,16.6168572589827
53.7417068731559,16.6172171620728
53.7452982285475,16.6175770651629
53.748889583939,16.617936968253
53.7524809393305,16.6182968713431
53.756072294722,16.6186567744332
53.7596636501135,16.6190166775234
53.7632550055051,16.6193765806135
53.7668463608966,16.6197364837036
53.7704377162881,16.6200963867937
53.7740290716796,16.6204562898838
53.7776204270711,16.6208161929739
53.7812117824627,16.6211760960641
53.7848031378542,16.6215359991542
53.7883944932457,16.6218959022443
53.7919858486372,16.6222558053344
53.7955772040287,16.6226157084245
53.7991685594202,16.6229756115146
53.8027599148118,16.6233355146048
53.8063512702033,16.6236954176949
53.8099426255948,16.624055320785
53.8135339809863,16.6244152238751
53.8171253363778,16.6247751269652
53.8207166917693,16.6251350300553
53.8243080471609,16.6254949331455
53.8278994025524,16.6258548362356
53.8314907579439,16.6262147393257
53.8350821133354,16.6265746424158
53.8386734687269,16.6269345455059
53.8422648241185,16.627294448596
53.84585617951,16.6276543516862
53.8494475349015,16.6280142547763
53.853038890293,16.6283741578664
53.8566302456845,16.6287340609565
53.860221601076,16.6290939640466
53.8638129564676,16.6294538671367
53.8674043118591,16.6298137702269
53.8709956672506,16.630173673317
53.8745870226421,16.6305335764071
53.8781783780336,16.6308934794972
53.8817697334252,16.6312533825873
53.8853610888167,16.6316132856774
53.8889524442082,16.6319731887676
53.8925437995997,16.6323330918577
53.8961351549912,16.6326929949478
53.8997265103827,16.6330528980379
53.9033178657743,16.633412801128
53.9069092211658,16.6337727042181
53.9105005765573,16.6341326073083
53.9140919319488,16.6344925103984
53.9176832873403,16.6348524134885
53.9212746427319,16.6352123165786
53.9248659981234,16.6355722196687
53.9284573535149,16.6359321227588
53.9320487089064,16.636292025849
53.9356400642979,16.6366519289391
53.9392314196894,16.6370118320292
53.9497037796336,16.6380613061953
53.9601761395778,16.6391107803614
53.970648499522,16.6401602545275
53.9811208594662,16.6412097286937
53.9915932194104,16.6422592028598
54.0020655793546,16.6433086770259
54.0125379392988,16.644358151192
54.023010299243,16.6454076253581
54.0334826591872,16.6464570995242
54.0439550191314,16.6475065736903
54.0544273790756,16.6485560478564
54.0648997390198,16.6496055220226
54.075372098964,16.6506549961887
54.0858444589082,16.6517044703548
54.0963168188523,16.6527539445209
54.1067891787965,16.653803418687
54.1172615387407,16.6548528928531
54.1277338986849,16.6559023670192
54.1382062586291,16.6569518411854
54.1486786185733,16.6580013153515
54.1591509785175,16.6590507895176
54.1696233384617,16.6601002636837
54.1800956984059,16.6611497378498
54.1905680583501,16.6621992120159
54.2010404182943,16.663248686182
54.2115127782385,16.6642981603482
54.2219851381827,16.6653476345143
54.2324574981269,16.6663971086804
54.2429298580711,16.6674465828465
54.2534022180153,16.6684960570126
54.2638745779594,16.6695455311787
54.2743469379036,16.6705950053448
54.2848192978478,16.6716444795109
54.295291657792,16.6726939536771
54.3057640177362,16.6737434278432
54.3162363776804,16.6747929020093
54.3267087376246,16.6758423761754
54.3371810975688,16.6768918503415
54.347653457513,16.6779413245076
54.3581258174572,16.6789907986737
54.3685981774014,16.6800402728399
54.3790705373456,16.681089747006
54.3895428972898,16.6821392211721
54.400015257234,16.6831886953382
54.4104876171782,16.6842381695043
54.4209599771224,16.6852876436704
54.4314323370666,16.6863371178365
54.4419046970107,16.6873865920027
54.4523770569549,16.6884360661688
54.4628494168991,16.6894855403349
54.4733217768433,16.690535014501
54.4837941367875,16.6915844886671
54.4942664967317,16.6926339628332
54.5047388566759,16.6936834369993
54.5152112166201,16.6947329111654
54.5256835765643,16.6957823853316
54.5361559365085,16.6968318594977
54.5466282964527,16.6978813336638
54.5571006563969,16.6989308078299
54.5675730163411,16.699980281996
54.5780453762853,16.7010297561621
54.5885177362294,16.7020792303282
54.5989900961737,16.7031287044944
54.6094624561178,16.7041781786605
54.619934816062,16.7052276528266
54.6304071760062,16.7062771269927
54.6408795359504,16.7073266011588
54.6513518958946,16.7083760753249
54.6618242558388,16.709425549491
54.672296615783,16.7104750236572
54.6827689757272,16.7115244978233
54.6932413356714,16.7125739719894
54.7037136956156,16.7136234461555
54.7141860555598,16.7146729203216
54.724658415504,16.7157223944877
54.7351307754482,16.7167718686538
54.7456031353924,16.7178213428199
54.7560754953366,16.7188708169861
54.7665478552807,16.7199202911522
54.7770202152249,16.7209697653183
54.7874925751691,16.7220192394844
54.7979649351133,16.7230687136505
54.8084372950575,16.7241181878166
54.8189096550017,16.7251676619827
54.8293820149459,16.7262171361489
54.8398543748901,16.727266610315
54.8503267348343,16.7283160844811
54.8607990947785,16.7293655586472
54.8712714547227,16.7304150328133
54.8817438146669,16.7314645069794
54.8922161746111,16.7325139811455
54.9026885345553,16.7335634553117
54.9131608944995,16.7346129294778
54.9236332544437,16.7356624036439
54.9341056143878,16.73671187781
54.944577974332,16.7377613519761
54.9550503342762,16.7388108261422
54.9655226942204,16.7398603003083
54.9759950541646,16.7409097744745
54.9864674141088,16.7419592486406
54.996939774053,16.7430087228067
55.0074121339972,16.7440581969728
55.0178844939414,16.7451076711389
55.0283568538856,16.746157145305
55.0388292138298,16.7472066194711
55.049301573774,16.7482560936372
55.0597739337182,16.7493055678034
55.0702462936624,16.7503550419695
55.0807186536066,16.7514045161356
55.0911910135507,16.7524539903017
55.1016633734949,16.7535034644678
55.1121357334391,16.7545529386339
55.1226080933833,16.7556024128
55.1330804533275,16.7566518869662
55.1435528132717,16.7577013611323
55.1540251732159,16.7587508352984
55.1644975331601,16.7598003094645
55.1749698931043,16.7608497836306
55.1854422530485,16.7618992577967
55.1959146129927,16.7629487319628
55.2063869729369,16.7639982061289
55.2168593328811,16.7650476802951
55.2273316928253,16.7660971544612
55.2378040527695,16.7671466286273
55.2482764127137,16.7681961027934
55.2587487726578,16.7692455769595
55.269221132602,16.7702950511256
55.2796934925462,16.7713445252917
55.2901658524904,16.7723939994579
55.3006382124346,16.773443473624
55.3111105723788,16.7744929477901
55.321582932323,16.7755424219562
55.3320552922672,16.7765918961223
55.3425276522114,16.7776413702884
55.3530000121556,16.7786908444545
55.3634723720998,16.7797403186207
55.373944732044,16.7807897927868
55.3844170919882,16.7818392669529
55.3948894519324,16.782888741119
55.4053618118766,16.7839382152851
55.4158341718208,16.7849876894512
55.426306531765,16.7860371636173
55.4367788917091,16.7870866377834
55.4472512516533,16.7881361119496
55.4577236115975,16.7891855861157
55.4681959715417,16.7902350602818
55.4786683314859,16.7912845344479
55.4891406914301,16.792334008614
55.4996130513743,16.7933834827801
55.5100854113185,16.7944329569462
55.5205577712627,16.7954824311124
55.5310301312069,16.7965319052785
55.5415024911511,16.7975813794446
55.5519748510953,16.7986308536107
55.5624472110395,16.7996803277768
55.5729195709837,16.8007298019429
55.5833919309278,16.801779276109
55.593864290872,16.8028287502752
55.6043366508162,16.8038782244413
55.6148090107604,16.8049276986074
55.6252813707046,16.8059771727735
55.6357537306488,16.8070266469396
55.646226090593,16.8080761211057
55.6566984505372,16.8091255952718
55.6671708104814,16.8101750694379
55.6776431704256,16.8112245436041
55.6881155303698,16.8122740177702
55.698587890314,16.8133234919363
55.7090602502582,16.8143729661024
55.7195326102024,16.8154224402685
55.7300049701466,16.8164719144346
55.7404773300908,16.8175213886007
55.750949690035,16.8185708627669
55.7614220499791,16.819620336933
55.7718944099233,16.8206698110991
55.7823667698675,16.8217192852652
55.7928391298117,16.8227687594313
55.8033114897559,16.8238182335974
55.8137838497001,16.8248677077635
55.8242562096443,16.8259171819297
55.8347285695885,16.8269666560958
55.8452009295327,16.8280161302619
55.8556732894769,16.829065604428
55.8661456494211,16.8301150785941
55.8766180093653,16.8311645527602
55.8870903693095,16.8322140269263
55.8975627292537,16.8332635010924
56.0374610550879,16.8520689778651
56.1429820251465,16.8605185778644
56.269240133018,16.8700173402113
56.3426265543157,16.8776538933563
56.4374615755111,16.8840257827591
56.4412618555747,16.884375953325
56.4450621356382,16.8847261238908
56.4488624157018,16.8850762944566
56.4526626957653,16.8854264650224
56.4564629758288,16.8857766355882
56.4602632558924,16.886126806154
56.464063535956,16.8864769767198
56.4678638160195,16.8868271472856
56.4716640960831,16.8871773178514
56.4754643761466,16.8875274884173
56.4792646562102,16.8878776589831
56.4830649362737,16.8882278295489
56.4868652163373,16.8885780001147
56.4906654964008,16.8889281706805
56.4944657764644,16.8892783412463
56.4982660565279,16.8896285118121
56.5020663365915,16.8899786823779
56.505866616655,16.8903288529437
56.5096668967186,16.8906790235095
56.5134671767821,16.8910291940754
56.5172674568457,16.8913793646412
56.5210677369092,16.891729535207
56.5248680169728,16.8920797057728
56.5286682970363,16.8924298763386
56.5324685770999,16.8927800469044
56.5362688571634,16.8931302174702
56.540069137227,16.893480388036
56.5438694172905,16.8938305586018
56.5476696973541,16.8941807291676
56.5514699774176,16.8945308997335
56.5552702574812,16.8948810702993
56.5590705375447,16.8952312408651
56.5628708176083,16.8955814114309
56.5666710976719,16.8959315819967
56.5704713777354,16.8962817525625
56.5742716577989,16.8966319231283
56.5780719378625,16.8969820936941
56.5818722179261,16.8973322642599
56.5856724979896,16.8976824348258
56.5894727780532,16.8980326053916
56.5932730581167,16.8983827759574
56.5970733381803,16.8987329465232
56.6008736182438,16.899083117089
56.6046738983074,16.8994332876548
56.6084741783709,16.8997834582206
56.6122744584345,16.9001336287864
56.616074738498,16.9004837993522
56.6198750185616,16.900833969918
56.6236752986251,16.9011841404839
56.6274755786887,16.9015343110497
56.6312758587522,16.9018844816155
56.6350761388158,16.9022346521813
56.6388764188793,16.9025848227471
56.6426766989429,16.9029349933129
56.6464769790064,16.9032851638787
56.65027725907,16.9036353344445
56.6540775391335,16.9039855050103
56.6578778191971,16.9043356755761
56.6616780992606,16.904685846142
56.6654783793242,16.9050360167078
56.6692786593877,16.9053861872736
56.6730789394513,16.9057363578394
56.6768792195148,16.9060865284052
56.6806794995784,16.906436698971
56.6844797796419,16.9067868695368
56.6882800597055,16.9071370401026
56.692080339769,16.9074872106684
56.6958806198326,16.9078373812343
56.6996808998962,16.9081875518001
56.7034811799597,16.9085377223659
56.7072814600233,16.9088878929317
56.7110817400868,16.9092380634975
56.7148820201504,16.9095882340633
56.7186823002139,16.9099384046291
56.7224825802775,16.9102885751949
56.726282860341,16.9106387457607
56.7300831404046,16.9109889163265
56.7338834204681,16.9113390868924
56.7376837005317,16.9116892574582
56.7414839805952,16.912039428024
56.7452842606588,16.9123895985898
56.7490845407223,16.9127397691556
56.7528848207859,16.9130899397214
56.7566851008494,16.9134401102872
56.760485380913,16.913790280853
56.7642856609765,16.9141404514188
56.7680859410401,16.9144906219847
56.7718862211036,16.9148407925505
56.7756865011672,16.9151909631163
56.7794867812307,16.9155411336821
56.790568363635,16.9165622278951
56.8016499460393,16.917583322108
56.8127315284437,16.918604416321
56.823813110848,16.919625510534
56.8348946932523,16.920646604747
56.8459762756566,16.92166769896
56.8570578580609,16.9226887931729
56.8681394404652,16.9237098873859
56.8792210228695,16.9247309815989
56.8903026052738,16.9257520758119
56.9013841876781,16.9267731700248
56.9124657700824,16.9277942642378
56.9235473524867,16.9288153584508
56.934628934891,16.9298364526638
56.9457105172953,16.9308575468768
56.9567920996996,16.9318786410897
56.9678736821039,16.9328997353027
56.9789552645082,16.9339208295157
56.9900368469125,16.9349419237287
57.0011184293168,16.9359630179417
57.0122000117211,16.9369841121546
57.0232815941255,16.9380052063676
57.0343631765298,16.9390263005806
57.0454447589341,16.9400473947936
57.0565263413384,16.9410684890065
57.0676079237427,16.9420895832195
57.078689506147,16.9431106774325
57.0897710885513,16.9441317716455
57.1008526709556,16.9451528658585
57.1119342533599,16.9461739600714
57.1230158357642,16.9471950542844
57.1340974181685,16.9482161484974
57.1451790005728,16.9492372427104
57.1562605829771,16.9502583369234
57.1673421653814,16.9512794311363
57.1784237477857,16.9523005253493
57.18950533019,16.9533216195623
57.2005869125943,16.9543427137753
57.2116684949986,16.9553638079882
57.2227500774029,16.9563849022012
57.2338316598073,16.9574059964142
57.2449132422116,16.9584270906272
57.2559948246159,16.9594481848402
57.2670764070202,16.9604692790531
57.2781579894245,16.9614903732661
57.2892395718288,16.9625114674791
57.3003211542331,16.9635325616921
57.3114027366374,16.9645536559051
57.3224843190417,16.965574750118
57.333565901446,16.966595844331
57.3446474838503,16.967616938544
57.3557290662546,16.968638032757
57.3668106486589,16.96965912697
57.3778922310632,16.9706802211829
57.3889738134675,16.9717013153959
57.4000553958718,16.9727224096089
57.4111369782761,16.9737435038219
57.4222185606804,16.9747645980348
57.4333001430848,16.9757856922478
57.4443817254891,16.9768067864608
57.4554633078934,16.9778278806738
57.4665448902977,16.9788489748868
57.477626472702,16.9798700690997
57.4887080551063,16.9808911633127
57.4997896375106,16.9819122575257
57.5108712199149,16.9829333517387
57.5219528023192,16.9839544459516
57.5330343847235,16.9849755401646
57.5441159671278,16.9859966343776
57.5551975495321,16.9870177285906
57.5662791319364,16.9880388228036
57.5773607143407,16.9890599170165
57.588442296745,16.9900810112295
57.5995238791493,16.9911021054425
57.6106054615536,16.9921231996555
57.6216870439579,16.9931442938685
57.6327686263622,16.9941653880814
57.6438502087666,16.9951864822944
57.6549317911709,16.9962075765074
57.6660133735752,16.9972286707204
57.6770949559795,16.9982497649333
57.6881765383838,16.9992708591463
57.6992581207881,17.0002919533593
57.7103397031924,17.0013130475723
57.7214212855967,17.0023341417853
57.732502868001,17.0033552359982
57.7435844504053,17.0043763302112
57.7546660328096,17.0053974244242
57.7657476152139,17.0064185186372
57.7768291976182,17.0074396128502
57.7879107800225,17.0084607070631
57.7989923624268,17.0094818012761
57.8100739448311,17.0105028954891
57.8211555272354,17.0115239897021
57.8322371096397,17.012545083915
57.8433186920441,17.013566178128
57.8544002744484,17.014587272341
57.8654818568527,17.015608366554
57.876563439257,17.016629460767
57.8876450216613,17.0176505549799
57.8987266040656,17.0186716491929
57.9098081864699,17.0196927434059
57.9208897688742,17.0207138376189
57.9319713512785,17.0217349318319
57.9430529336828,17.0227560260448
57.9541345160871,17.0237771202578
57.9652160984914,17.0247982144708
57.9762976808957,17.0258193086838
57.9873792633,17.0268404028967
57.9984608457043,17.0278614971097
58.0095424281086,17.0288825913227
58.0206240105129,17.0299036855357
58.0317055929172,17.0309247797487
58.0427871753215,17.0319458739616
58.1443209122919,17.0441207058289
58.2533372410034,17.0513466640082
58.2644188234077,17.0523677582212
58.275500405812,17.0533888524342
58.2865819882163,17.0544099466472
58.2976635706206,17.0554310408601
58.4069748613492,17.0685620592381
58.4408819635669,17.0733307288521
58.5747031307282,17.0809583961846
58.5857847131325,17.0819794903976
58.5968662955368,17.0830005846106
58.6079478779411,17.0840216788235
58.6190294603454,17.0850427730365
58.6301110427497,17.0860638672495
58.641192625154,17.0870849614625
58.6522742075583,17.0881060556755
58.6633557899626,17.0891271498884
58.674437372367,17.0901482441014
58.6855189547713,17.0911693383144
58.6966005371756,17.0921904325274
58.7076821195799,17.0932115267404
58.7187637019842,17.0942326209533
58.7298452843885,17.0952537151663
58.7409268667928,17.0962748093793
58.7520084491971,17.0972959035923
58.7630900316014,17.0983169978052
58.7741716140057,17.0993380920182
58.78525319641,17.1003591862312
58.7963347788143,17.1013802804442
58.8074163612186,17.1024013746572
58.8184979436229,17.1034224688701
58.8295795260272,17.1044435630831
58.8406611084315,17.1054646572961
58.8517426908358,17.1064857515091
58.8628242732401,17.1075068457221
58.8739058556445,17.108527939935
58.8849874380487,17.109549034148
58.8960690204531,17.110570128361
58.9071506028574,17.111591222574
58.9182321852617,17.1126123167869
58.929313767666,17.1136334109999
58.9403953500703,17.1146545052129
58.9514769324746,17.1156755994259
58.9625585148789,17.1166966936389
58.9736400972832,17.1177177878518
58.9847216796875,17.1187388820648
58.9887329991246,17.1190761176626
58.9927443185616,17.1194133532605
58.9967556379986,17.1197505888583
59.0007669574357,17.1200878244561
59.0047782768727,17.1204250600539
59.0087895963098,17.1207622956518
59.0128009157468,17.1210995312496
59.0168122351839,17.1214367668474
59.0208235546209,17.1217740024452
59.024834874058,17.1221112380431
59.028846193495,17.1224484736409
59.032857512932,17.1227857092387
59.0368688323691,17.1231229448365
59.0408801518061,17.1234601804343
59.0448914712432,17.1237974160322
59.0489027906802,17.12413465163
59.0529141101173,17.1244718872278
59.0569254295543,17.1248091228256
59.0609367489914,17.1251463584235
59.0649480684284,17.1254835940213
59.0689593878654,17.1258208296191
59.0729707073025,17.1261580652169
59.0769820267395,17.1264953008147
59.0809933461766,17.1268325364126
59.0850046656136,17.1271697720104
59.0890159850507,17.1275070076082
59.0930273044877,17.127844243206
59.0970386239248,17.1281814788039
59.1010499433618,17.1285187144017
59.1050612627989,17.1288559499995
59.1090725822359,17.1291931855973
59.1130839016729,17.1295304211952
59.11709522111,17.129867656793
59.121106540547,17.1302048923908
59.1251178599841,17.1305421279886
59.1291291794211,17.1308793635864
59.1331404988582,17.1312165991843
59.1371518182952,17.1315538347821
59.1411631377322,17.1318910703799
59.1451744571693,17.1322283059777
59.1491857766063,17.1325655415756
59.1531970960434,17.1329027771734
59.1572084154804,17.1332400127712
59.1612197349175,17.133577248369
59.1652310543545,17.1339144839669
59.1692423737916,17.1342517195647
59.1732536932286,17.1345889551625
59.1772650126657,17.1349261907603
59.1812763321027,17.1352634263581
59.1852876515397,17.135600661956
59.1892989709768,17.1359378975538
59.1933102904138,17.1362751331516
59.1973216098509,17.1366123687494
59.2013329292879,17.1369496043473
59.205344248725,17.1372868399451
59.209355568162,17.1376240755429
59.2133668875991,17.1379613111407
59.2173782070361,17.1382985467386
59.2213895264732,17.1386357823364
59.2254008459102,17.1389730179342
59.2294121653472,17.139310253532
59.2334234847843,17.1396474891298
59.2374348042213,17.1399847247277
59.2414461236584,17.1403219603255
59.2454574430954,17.1406591959233
59.2494687625325,17.1409964315211
59.2534800819695,17.141333667119
59.2574914014066,17.1416709027168
59.2615027208436,17.1420081383146
59.2655140402806,17.1423453739124
59.2695253597177,17.1426826095102
59.2735366791547,17.1430198451081
59.2775479985918,17.1433570807059
59.2815593180288,17.1436943163037
59.2855706374659,17.1440315519015
59.2895819569029,17.1443687874994
59.29359327634,17.1447060230972
59.297604595777,17.145043258695
59.3016159152141,17.1453804942928
59.3056272346511,17.1457177298907
59.3096385540881,17.1460549654885
59.3136498735252,17.1463922010863
59.3176611929622,17.1467294366841
59.3216725123993,17.147066672282
59.3256838318363,17.1474039078798
59.3296951512734,17.1477411434776
59.3337064707104,17.1480783790754
59.3377177901475,17.1484156146732
59.3417291095845,17.1487528502711
59.3457404290216,17.1490900858689
59.3497517484586,17.1494273214667
59.3537630678956,17.1497645570645
59.3577743873327,17.1501017926624
59.3617857067697,17.1504390282602
59.3657970262068,17.150776263858
59.3698083456438,17.1511134994558
59.3738196650809,17.1514507350537
59.3778309845179,17.1517879706515
59.381842303955,17.1521252062493
59.385853623392,17.1524624418471
59.389864942829,17.1527996774449
59.3938762622661,17.1531369130428
59.3978875817031,17.1534741486406
59.4018989011402,17.1538113842384
59.4059102205772,17.1541486198362
59.4099215400143,17.1544858554341
59.4139328594513,17.1548230910319
59.4179441788884,17.1551603266297
59.4219554983254,17.1554975622275
59.4259668177625,17.1558347978253
59.4299781371995,17.1561720334232
59.4339894566365,17.156509269021
59.4380007760736,17.1568465046188
59.4420120955106,17.1571837402166
59.4460234149477,17.1575209758145
59.4500347343847,17.1578582114123
59.4540460538218,17.1581954470101
59.4580573732588,17.1585326826079
59.4620686926959,17.1588699182058
59.4660800121329,17.1592071538036
59.4700913315699,17.1595443894014
59.474102651007,17.1598816249992
59.478113970444,17.160218860597
59.4821252898811,17.1605560961949
59.4861366093181,17.1608933317927
59.4901479287552,17.1612305673905
59.4941592481922,17.1615678029883
59.4981705676293,17.1619050385862
59.5021818870663,17.162242274184
59.5061932065034,17.1625795097818
59.5102045259404,17.1629167453796
59.5142158453774,17.1632539809775
59.5182271648145,17.1635912165753
59.5222384842515,17.1639284521731
59.5262498036886,17.1642656877709
59.5302611231256,17.1646029233687
59.5342724425627,17.1649401589666
59.5382837619997,17.1652773945644
59.5422950814368,17.1656146301622
59.5463064008738,17.16595186576
59.5503177203108,17.1662891013579
59.5543290397479,17.1666263369557
59.5583403591849,17.1669635725535
59.562351678622,17.1673008081513
59.566362998059,17.1676380437492
59.5703743174961,17.167975279347
59.5743856369331,17.1683125149448
59.5783969563702,17.1686497505426
59.5824082758072,17.1689869861404
59.5864195952442,17.1693242217383
59.5904309146813,17.1696614573361
59.5944422341183,17.1699986929339
59.5984535535554,17.1703359285317
59.6024648729924,17.1706731641296
59.6064761924295,17.1710103997274
59.6104875118665,17.1713476353252
59.6144988313036,17.171684870923
59.6185101507406,17.1720221065209
59.6225214701777,17.1723593421187
59.6265327896147,17.1726965777165
59.6305441090517,17.1730338133143
59.6345554284888,17.1733710489121
59.6385667479258,17.17370828451
59.6425780673629,17.1740455201078
59.6465893867999,17.1743827557056
59.650600706237,17.1747199913034
59.654612025674,17.1750572269013
59.6586233451111,17.1753944624991
59.6626346645481,17.1757316980969
59.6666459839851,17.1760689336947
59.6706573034222,17.1764061692925
59.6746686228592,17.1767434048904
59.6786799422963,17.1770806404882
59.6826912617333,17.177417876086
59.6867025811704,17.1777551116838
59.6907139006074,17.1780923472817
59.6947252200445,17.1784295828795
59.6987365394815,17.1787668184773
59.7027478589186,17.1791040540751
59.7067591783556,17.179441289673
59.7107704977926,17.1797785252708
59.7147818172297,17.1801157608686
59.7187931366667,17.1804529964664
59.7228044561038,17.1807902320642
59.7268157755408,17.1811274676621
59.7308270949779,17.1814647032599
59.7348384144149,17.1818019388577
59.738849733852,17.1821391744555
59.742861053289,17.1824764100534
59.7468723727261,17.1828136456512
59.7508836921631,17.183150881249
59.7548950116001,17.1834881168468
59.7589063310372,17.1838253524447
59.7629176504742,17.1841625880425
59.7669289699113,17.1844998236403
59.7709402893483,17.1848370592381
59.7749516087854,17.1851742948359
59.7789629282224,17.1855115304338
59.7829742476595,17.1858487660316
59.7946712189743,17.1868321419945
59.8063681902891,17.1878155179575
59.8180651616039,17.1887988939204
59.8297621329187,17.1897822698834
59.8414591042335,17.1907656458463
59.8531560755483,17.1917490218092
59.8648530468631,17.1927323977722
59.8765500181779,17.1937157737351
59.8882469894927,17.1946991496981
59.8999439608076,17.195682525661
59.9116409321224,17.1966659016239
59.9233379034372,17.1976492775869
59.935034874752,17.1986326535498
59.9467318460668,17.1996160295128
60.1252157196122,17.2231950809957
60.2196839994043,17.2350552848501
60.4545105329084,17.24299677639
60.5081864691777,17.2468180757339
60.5198834404925,17.2478014516969
60.5315804118073,17.2487848276598
60.5432773831221,17.2497682036228
60.5549743544369,17.2507515795857
60.5666713257517,17.2517349555486
60.5783682970665,17.2527183315116
60.5900652683813,17.2537017074745
60.6017622396962,17.2546850834375
60.613459211011,17.2556684594004
60.6251561823258,17.2566518353633
60.6368531536406,17.2576352113263
60.6485501249554,17.2586185872892
60.6602470962702,17.2596019632522
60.671944067585,17.2605853392151
60.6836410388998,17.2615687151781
60.6953380102146,17.262552091141
60.7070349815294,17.2635354671039
60.7187319528443,17.2645188430669
60.7304289241591,17.2655022190298
60.7421258954739,17.2664855949928
60.7538228667887,17.2674689709557
60.9709347523687,17.2978662751139
61.0435987413831,17.3052883745611
61.075785105842,17.3082691530833
61.1886270942875,17.3193018240174
61.2570453576319,17.3202797717311
61.4556411456773,17.3264715287322
61.4673381169921,17.3274549046951
61.4790350883069,17.328438280658
61.4907320596217,17.329421656621
61.5024290309365,17.3304050325839
61.5141260022513,17.3313884085469
61.5258229735661,17.3323717845098
61.537519944881,17.3333551604727
61.5492169161958,17.3343385364357
61.5609138875106,17.3353219123986
61.5726108588254,17.3363052883616
61.5843078301402,17.3372886643245
61.596004801455,17.3382720402875
61.6077017727698,17.3392554162504
61.6193987440846,17.3402387922133
61.6310957153994,17.3412221681763
61.6427926867142,17.3422055441392
61.6544896580291,17.3431889201022
61.6661866293439,17.3441722960651
61.6778836006587,17.345155672028
61.6895805719735,17.346139047991
61.7012775432883,17.3471224239539
61.7129745146031,17.3481057999169
61.7246714859179,17.3490891758798
61.7363684572327,17.3500725518427
61.7480654285475,17.3510559278057
61.7597623998623,17.3520393037686
61.7714593711771,17.3530226797316
61.783156342492,17.3540060556945
61.7948533138068,17.3549894316575
61.8065502851216,17.3559728076204
61.8182472564364,17.3569561835833
61.8299442277512,17.3579395595463
61.841641199066,17.3589229355092
61.8533381703808,17.3599063114722
61.8650351416956,17.3608896874351
61.8767321130104,17.361873063398
61.8884290843253,17.362856439361
61.9001260556401,17.3638398153239
61.9118230269549,17.3648231912869
61.9235199982697,17.3658065672498
61.9352169695845,17.3667899432127
61.9469139408993,17.3677733191757
61.9586109122141,17.3687566951386
61.9703078835289,17.3697400711016
61.9820048548437,17.3707234470645
61.9937018261585,17.3717068230274
62.0053987974734,17.3726901989904
62.0170957687882,17.3736735749533
62.028792740103,17.3746569509163
62.0404897114178,17.3756403268792
62.0521866827326,17.3766237028422
62.0638836540474,17.3776070788051
62.0755806253622,17.378590454768
62.087277596677,17.379573830731
62.0989745679918,17.3805572066939
62.1106715393066,17.3815405826569
62.1149319235823,17.3818644325909
62.119192307858,17.382188282525
62.1234526921337,17.3825121324591
62.1277130764094,17.3828359823932
62.1319734606851,17.3831598323273
62.1362338449607,17.3834836822614
62.1404942292364,17.3838075321955
62.1447546135121,17.3841313821296
62.1490149977878,17.3844552320636
62.1532753820635,17.3847790819977
62.1575357663391,17.3851029319318
62.1617961506148,17.3854267818659
62.1660565348905,17.3857506318
62.1703169191662,17.3860744817341
62.1745773034419,17.3863983316682
62.1788376877176,17.3867221816023
62.1830980719932,17.3870460315363
62.1873584562689,17.3873698814704
62.1916188405446,17.3876937314045
62.1958792248203,17.3880175813386
62.200139609096,17.3883414312727
62.2043999933717,17.3886652812068
62.2086603776473,17.3889891311409
62.212920761923,17.3893129810749
62.2171811461987,17.389636831009
62.2214415304744,17.3899606809431
62.2257019147501,17.3902845308772
62.2299622990258,17.3906083808113
62.2342226833014,17.3909322307454
62.2384830675771,17.3912560806795
62.2427434518528,17.3915799306135
62.2470038361285,17.3919037805476
62.2512642204042,17.3922276304817
62.2555246046798,17.3925514804158
62.2597849889555,17.3928753303499
62.2640453732312,17.393199180284
62.2683057575069,17.3935230302181
62.2725661417826,17.3938468801522
62.2768265260583,17.3941707300862
62.281086910334,17.3944945800203
62.2853472946096,17.3948184299544
62.2896076788853,17.3951422798885
62.293868063161,17.3954661298226
62.2981284474367,17.3957899797567
62.3023888317124,17.3961138296908
62.3066492159881,17.3964376796249
62.3109096002637,17.3967615295589
62.3151699845394,17.397085379493
62.3194303688151,17.3974092294271
62.3236907530908,17.3977330793612
62.3279511373665,17.3980569292953
62.3322115216421,17.3983807792294
62.3364719059178,17.3987046291635
62.3407322901935,17.3990284790976
62.3449926744692,17.3993523290316
62.3492530587449,17.3996761789657
62.3535134430206,17.4000000288998
62.3577738272962,17.4003238788339
62.3620342115719,17.400647728768
62.3662945958476,17.4009715787021
62.3705549801233,17.4012954286362
62.374815364399,17.4016192785702
62.3790757486747,17.4019431285043
62.3833361329503,17.4022669784384
62.387596517226,17.4025908283725
62.3918569015017,17.4029146783066
62.3961172857774,17.4032385282407
62.4003776700531,17.4035623781748
62.4046380543287,17.4038862281089
62.4088984386044,17.4042100780429
62.4131588228801,17.404533927977
62.4174192071558,17.4048577779111
62.4216795914315,17.4051816278452
62.4259399757072,17.4055054777793
62.4302003599828,17.4058293277134
62.4344607442585,17.4061531776475
62.4387211285342,17.4064770275815
62.4429815128099,17.4068008775156
62.4472418970856,17.4071247274497
62.4515022813613,17.4074485773838
62.4557626656369,17.4077724273179
62.4600230499126,17.408096277252
62.4642834341883,17.4084201271861
62.468543818464,17.4087439771202
62.4728042027397,17.4090678270542
62.4770645870154,17.4093916769883
62.481324971291,17.4097155269224
62.4855853555667,17.4100393768565
62.4898457398424,17.4103632267906
62.4941061241181,17.4106870767247
62.4983665083938,17.4110109266588
62.5026268926694,17.4113347765929
62.5068872769451,17.4116586265269
62.5111476612208,17.411982476461
62.5154080454965,17.4123063263951
62.5196684297722,17.4126301763292
62.5239288140479,17.4129540262633
62.5281891983236,17.4132778761974
62.5324495825992,17.4136017261315
62.5367099668749,17.4139255760655
62.5409703511506,17.4142494259996
62.5452307354263,17.4145732759337
62.549491119702,17.4148971258678
62.5537515039777,17.4152209758019
62.5580118882533,17.415544825736
62.562272272529,17.4158686756701
62.5665326568047,17.4161925256042
62.5707930410804,17.4165163755382
62.5750534253561,17.4168402254723
62.5793138096317,17.4171640754064
62.5835741939074,17.4174879253405
62.5878345781831,17.4178117752746
62.5920949624588,17.4181356252087
62.5963553467345,17.4184594751428
62.6006157310102,17.4187833250769
62.6048761152858,17.4191071750109
62.6091364995615,17.419431024945
62.6133968838372,17.4197548748791
62.6176572681129,17.4200787248132
62.6219176523886,17.4204025747473
62.6261780366643,17.4207264246814
62.6304384209399,17.4210502746155
62.6346988052156,17.4213741245495
62.6389591894913,17.4216979744836
62.643219573767,17.4220218244177
62.6474799580427,17.4223456743518
62.6517403423183,17.4226695242859
62.656000726594,17.42299337422
62.6602611108697,17.4233172241541
62.6645214951454,17.4236410740882
62.6687818794211,17.4239649240222
62.6730422636968,17.4242887739563
62.6773026479724,17.4246126238904
62.6815630322481,17.4249364738245
62.6858234165238,17.4252603237586
62.6900838007995,17.4255841736927
62.6943441850752,17.4259080236268
62.6986045693509,17.4262318735608
62.7028649536265,17.4265557234949
62.7071253379022,17.426879573429
62.7113857221779,17.4272034233631
62.7156461064536,17.4275272732972
62.7199064907293,17.4278511232313
62.724166875005,17.4281749731654
62.7284272592806,17.4284988230995
62.7326876435563,17.4288226730335
62.736948027832,17.4291465229676
62.7412084121077,17.4294703729017
62.7454687963834,17.4297942228358
62.749729180659,17.4301180727699
62.7539895649347,17.430441922704
62.7582499492104,17.4307657726381
62.7625103334861,17.4310896225722
62.7667707177618,17.4314134725062
62.7710311020375,17.4317373224403
62.7752914863132,17.4320611723744
62.7795518705888,17.4323850223085
62.7838122548645,17.4327088722426
62.7880726391402,17.4330327221767
62.7923330234159,17.4333565721108
62.7965934076916,17.4336804220448
62.8008537919672,17.4340042719789
62.8051141762429,17.434328121913
62.8093745605186,17.4346519718471
62.8136349447943,17.4349758217812
62.9467577120894,17.4497016184243
63.0377360629909,17.4629363466497
63.2264120298561,17.4823815387547
63.3132566605679,17.485021427146
63.5522713890229,17.4984093585672
63.8224081398941,17.5175690738977
64.0797348949905,17.5524605968877
64.1796528235637,17.5692535265387
64.1947317634514,17.570806060415
64.4067989024786,17.5951986106885
64.5415367672628,17.5874023321511
64.7825274596527,17.5927800397002
64.9873370274454,17.6059457587423
65.1325553844681,17.6112468299688
65.144978626607,17.6121911734569
65.1574018687458,17.6131355169451
65.1698251108847,17.6140798604333
65.1822483530236,17.6150242039214
65.1946715951624,17.6159685474096
65.2070948373013,17.6169128908977
65.2195180794401,17.6178572343859
65.231941321579,17.6188015778741
65.2917353549663,17.6243583436998
65.3484237002751,17.6296125277402
65.4307131958008,17.6339110736847
65.4352705830433,17.6342208543998
65.4398279702859,17.634530635115
65.4443853575285,17.6348404158301
65.448942744771,17.6351501965452
65.4535001320136,17.6354599772603
65.4580575192561,17.6357697579755
65.4626149064987,17.6360795386906
65.4671722937412,17.6363893194057
65.4717296809838,17.6366991001209
65.4762870682264,17.637008880836
65.4808444554689,17.6373186615511
65.4854018427115,17.6376284422663
65.489959229954,17.6379382229814
65.4945166171966,17.6382480036965
65.4990740044392,17.6385577844117
65.5036313916817,17.6388675651268
65.5081887789243,17.6391773458419
65.5127461661668,17.6394871265571
65.5173035534094,17.6397969072722
65.521860940652,17.6401066879873
65.5264183278945,17.6404164687025
65.5309757151371,17.6407262494176
65.5355331023796,17.6410360301327
65.5400904896222,17.6413458108479
65.5446478768648,17.641655591563
65.5492052641073,17.6419653722781
65.5537626513499,17.6422751529933
65.5583200385924,17.6425849337084
65.562877425835,17.6428947144235
65.5674348130776,17.6432044951386
65.5719922003201,17.6435142758538
65.5765495875627,17.6438240565689
65.5811069748052,17.644133837284
65.5856643620478,17.6444436179992
65.5902217492904,17.6447533987143
65.5947791365329,17.6450631794294
65.5993365237755,17.6453729601446
65.603893911018,17.6456827408597
65.6084512982606,17.6459925215748
65.6130086855031,17.64630230229
65.7934319979569,17.6670603986407
65.8023065582562,17.6676543553324
65.989288108212,17.6789955844842
66.0073540384255,17.6805039412111
66.0648898991589,17.683889828729
66.2685230653489,17.7001619894391
66.2768908254292,17.7008850647616
66.4705262581968,17.7045906137212
66.4838155583095,17.7054939314938
66.4971048584221,17.7063972492663
66.5103941585348,17.7073005670388
66.6421281025989,17.7203133291581
66.8542402648353,17.7381546568948
67.0100018677822,17.7587977740941
67.0664061472865,17.7667330530914
67.2319129535095,17.794756150043
67.2861490540324,17.8003932231176
67.3041168973721,17.8022307472191
67.4445350994819,17.8075221539855
67.498327586528,17.8062911711856
67.977943238817,17.8425728043418
67.9959820713146,17.8436551689171
68.3708961743092,17.8337650551931
68.3841854744218,17.8346683729656
68.3974747745345,17.8355716907382
68.4107640746472,17.8364750085107
68.4240533747599,17.8373783262832
68.4373426748726,17.8382816440557
68.4506319749852,17.8391849618283
68.4639212750979,17.8400882796008
68.4772105752106,17.8409915973733
68.4904998753232,17.8418949151459
68.5037891754359,17.8427982329184
68.5170784755486,17.8437015506909
68.5303677756613,17.8446048684635
68.5436570757739,17.845508186236
68.5569463758866,17.8464115040085
68.5702356759993,17.8473148217811
68.583524976112,17.8482181395536
68.5968142762246,17.8491214573261
68.6101035763373,17.8500247750986
68.62339287645,17.8509280928712
68.6366821765627,17.8518314106437
68.6499714766753,17.8527347284162
68.663260776788,17.8536380461888
68.6765500769007,17.8545413639613
68.6898393770134,17.8554446817338
68.703128677126,17.8563479995064
68.7164179772387,17.8572513172789
68.7297072773514,17.8581546350514
68.7429965774641,17.8590579528239
68.7562858775767,17.8599612705965
68.7695751776894,17.860864588369
68.7828644778021,17.8617679061415
68.7961537779147,17.8626712239141
68.8094430780274,17.8635745416866
68.8227323781401,17.8644778594591
68.8360216782528,17.8653811772317
68.8493109783654,17.8662844950042
68.8626002784781,17.8671878127767
68.8758895785908,17.8680911305492
68.8891788787035,17.8689944483218
68.9024681788161,17.8698977660943
68.9157574789288,17.8708010838668
68.9290467790415,17.8717044016394
68.9423360791542,17.8726077194119
68.9556253792668,17.8735110371844
68.9689146793795,17.874414354957
68.9822039794922,17.8753176727295
68.9870190959752,17.8756063133101
68.9918342124582,17.8758949538908
68.9966493289412,17.8761835944715
69.0014644454242,17.8764722350521
69.0062795619072,17.8767608756328
69.0110946783903,17.8770495162134
69.0159097948733,17.8773381567941
69.0207249113563,17.8776267973747
69.0255400278393,17.8779154379554
69.0303551443223,17.878204078536
69.0351702608053,17.8784927191167
69.0399853772883,17.8787813596973
69.0448004937713,17.879070000278
69.0496156102544,17.8793586408586
69.0544307267374,17.8796472814393
69.0592458432204,17.8799359220199
69.0640609597034,17.8802245626006
69.0688760761864,17.8805132031812
69.0736911926694,17.8808018437619
69.0785063091524,17.8810904843426
69.0833214256355,17.8813791249232
69.0881365421185,17.8816677655039
69.0929516586015,17.8819564060845
69.0977667750845,17.8822450466652
69.1025818915675,17.8825336872458
69.1073970080505,17.8828223278265
69.1122121245335,17.8831109684071
69.1170272410165,17.8833996089878
69.1218423574995,17.8836882495684
69.1266574739826,17.8839768901491
69.1314725904656,17.8842655307297
69.1362877069486,17.8845541713104
69.1411028234316,17.884842811891
69.1459179399146,17.8851314524717
69.1507330563976,17.8854200930523
69.1555481728806,17.885708733633
69.1603632893637,17.8859973742137
69.1651784058467,17.8862860147943
69.1699935223297,17.886574655375
69.1748086388127,17.8868632959556
69.1796237552957,17.8871519365363
69.1844388717787,17.8874405771169
69.1892539882617,17.8877292176976
69.1940691047447,17.8880178582782
69.1988842212278,17.8883064988589
69.2036993377108,17.8885951394395
69.2085144541938,17.8888837800202
69.2133295706768,17.8891724206008
69.3761384188418,17.9058871652956
69.5052997067212,17.9262936646142
69.5838104185854,17.9388283431459
69.6094120860361,17.9417077129093
69.6657908979273,17.9440264425857
69.8793895796122,17.9494136724864
70.1066740268097,17.956603119142
70.3780571956711,17.971243894785
70.4671396749613,17.9751059390743
70.4672473680132,17.9751063217591
70.7400023103943,17.9877330180178
70.8458126798066,17.9978463856993
71.0472562083739,18.0088818796038
71.1523566237648,18.0205570121676
71.2196098053761,18.0211393882438
71.4287408025682,18.021974521363
71.4427816388225,18.0228161946939
71.4568224750768,18.0236578680249
71.4708633113311,18.0244995413559
71.4849041475854,18.0253412146869
71.4989449838397,18.0261828880179
71.5129858200941,18.0270245613488
71.5270266563484,18.0278662346798
71.5410674926027,18.0287079080108
71.555108328857,18.0295495813418
71.5691491651113,18.0303912546727
71.5831900013656,18.0312329280037
71.5972308376199,18.0320746013347
71.6112716738742,18.0329162746657
71.6253125101285,18.0337579479966
71.6393533463828,18.0345996213276
71.6533941826371,18.0354412946586
71.6674350188914,18.0362829679896
71.6814758551457,18.0371246413206
71.6955166914,18.0379663146515
71.7095575276544,18.0388079879825
71.7235983639087,18.0396496613135
71.737639200163,18.0404913346445
71.7516800364173,18.0413330079754
71.7657208726716,18.0421746813064
71.7797617089259,18.0430163546374
71.7938025451802,18.0438580279684
71.8078433814345,18.0446997012993
71.8218842176888,18.0455413746303
71.8359250539431,18.0463830479613
71.8499658901974,18.0472247212923
71.8640067264517,18.0480663946232
71.878047562706,18.0489080679542
71.8920883989603,18.0497497412852
71.9061292352146,18.0505914146162
71.920170071469,18.0514330879472
71.9342109077233,18.0522747612781
71.9482517439776,18.0531164346091
71.9622925802319,18.0539581079401
71.9763334164862,18.0547997812711
71.9903742527405,18.055641454602
72.0044150889948,18.056483127933
72.0184559252491,18.057324801264
72.0324967615034,18.058166474595
72.0465375977577,18.0590081479259
72.060578434012,18.0598498212569
72.0746192702663,18.0606914945879
72.0886601065206,18.0615331679189
72.1027009427749,18.0623748412498
72.1167417790293,18.0632165145808
72.1307826152836,18.0640581879118
72.1448234515379,18.0648998612428
72.1588642877922,18.0657415345738
72.1729051240465,18.0665832079047
72.1869459603008,18.0674248812357
72.2009867965551,18.0682665545667
72.2150276328094,18.0691082278977
72.2290684690637,18.0699499012286
72.243109305318,18.0707915745596
72.2571501415723,18.0716332478906
72.2711909778266,18.0724749212216
72.2852318140809,18.0733165945525
72.2992726503352,18.0741582678835
72.3133134865895,18.0749999412145
72.3273543228438,18.0758416145455
72.3413951590982,18.0766832878764
72.3554359953525,18.0775249612074
72.3694768316068,18.0783666345384
72.3835176678611,18.0792083078694
72.3975585041154,18.0800499812004
72.4115993403697,18.0808916545313
72.425640176624,18.0817333278623
72.4396810128783,18.0825750011933
72.4537218491326,18.0834166745243
72.4677626853869,18.0842583478552
72.4818035216412,18.0851000211862
72.4958443578955,18.0859416945172
72.5098851941498,18.0867833678482
72.5239260304041,18.0876250411791
72.5379668666585,18.0884667145101
72.5520077029128,18.0893083878411
72.5660485391671,18.0901500611721
72.7127535517975,18.1050084787212
72.8215178117904,18.1192906844685
72.8699611908796,18.1274509668893
73.150495064673,18.1218414771521
73.1555677048005,18.1221047861278
73.160640344928,18.1223680951036
73.1657129850555,18.1226314040793
73.170785625183,18.122894713055
73.1758582653105,18.1231580220307
73.1809309054379,18.1234213310064
73.1860035455654,18.1236846399821
73.1910761856929,18.1239479489578
73.1961488258204,18.1242112579335
73.2012214659479,18.1244745669092
73.2062941060754,18.124737875885
73.2113667462029,18.1250011848607
73.2164393863304,18.1252644938364
73.2215120264579,18.1255278028121
73.2265846665854,18.1257911117878
73.2316573067128,18.1260544207635
73.2367299468403,18.1263177297392
73.2418025869679,18.1265810387149
73.2468752270953,18.1268443476906
73.2519478672228,18.1271076566664
73.2570205073503,18.1273709656421
73.2620931474778,18.1276342746178
73.2671657876053,18.1278975835935
73.2722384277328,18.1281608925692
73.2773110678603,18.1284242015449
73.2823837079878,18.1286875105206
73.2874563481153,18.1289508194963
73.2925289882428,18.1292141284721
73.2976016283702,18.1294774374478
73.3026742684977,18.1297407464235
73.3077469086252,18.1300040553992
73.3128195487527,18.1302673643749
73.3178921888802,18.1305306733506
73.3229648290077,18.1307939823263
73.3280374691352,18.131057291302
73.3331101092627,18.1313206002777
73.3381827493902,18.1315839092535
73.3432553895177,18.1318472182292
73.3483280296451,18.1321105272049
73.3534006697726,18.1323738361806
73.3584733099001,18.1326371451563
73.3635459500276,18.132900454132
73.3686185901551,18.1331637631077
73.3736912302826,18.1334270720834
73.3787638704101,18.1336903810591
73.3838365105376,18.1339536900349
73.3889091506651,18.1342169990106
73.3939817907926,18.1344803079863
73.39905443092,18.134743616962
73.4041270710475,18.1350069259377
73.409199711175,18.1352702349134
73.4142723513025,18.1355335438891
73.41934499143,18.1357968528648
73.4244176315575,18.1360601618405
73.429490271685,18.1363234708163
73.4345629118125,18.136586779792
73.43963555194,18.1368500887677
73.4447081920675,18.1371133977434
73.449780832195,18.1373767067191
73.4548534723225,18.1376400156948
73.4599261124499,18.1379033246705
73.4649987525774,18.1381666336462
73.4700713927049,18.1384299426219
73.4751440328324,18.1386932515977
73.4802166729599,18.1389565605734
73.4852893130874,18.1392198695491
73.4903619532149,18.1394831785248
73.4954345933424,18.1397464875005
73.5005072334699,18.1400097964762
73.5055798735974,18.1402731054519
73.5106525137248,18.1405364144276
73.5157251538523,18.1407997234034
73.5207977939798,18.1410630323791
73.5258704341073,18.1413263413548
73.5309430742348,18.1415896503305
73.5360157143623,18.1418529593062
73.5410883544898,18.1421162682819
73.5461609946173,18.1423795772576
73.5512336347448,18.1426428862333
73.5563062748723,18.142906195209
73.5613789149998,18.1431695041848
73.5664515551272,18.1434328131605
73.5715241952547,18.1436961221362
73.5765968353822,18.1439594311119
73.5816694755097,18.1442227400876
73.5867421156372,18.1444860490633
73.5918147557647,18.144749358039
73.5968873958922,18.1450126670147
73.6019600360197,18.1452759759904
73.6070326761472,18.1455392849662
73.6121053162747,18.1458025939419
73.6171779564022,18.1460659029176
73.6222505965297,18.1463292118933
73.6273232366572,18.146592520869
73.6323958767846,18.1468558298447
73.6374685169121,18.1471191388204
73.6425411570396,18.1473824477961
73.6476137971671,18.1476457567718
73.6526864372946,18.1479090657476
73.6577590774221,18.1481723747233
73.6628317175496,18.148435683699
73.6679043576771,18.1486989926747
73.6729769978046,18.1489623016504
73.6780496379321,18.1492256106261
73.6831222780595,18.1494889196018
73.688194918187,18.1497522285775
73.6932675583145,18.1500155375532
73.698340198442,18.150278846529
73.7034128385695,18.1505421555047
73.708485478697,18.1508054644804
73.7135581188245,18.1510687734561
73.718630758952,18.1513320824318
73.7237033990795,18.1515953914075
73.728776039207,18.1518587003832
73.7338486793344,18.1521220093589
73.7389213194619,18.1523853183347
73.7439939595894,18.1526486273104
73.7587857324694,18.1534164339097
73.7735775053493,18.154184240509
73.7883692782292,18.1549520471084
73.8031610511092,18.1557198537077
73.8179528239891,18.1564876603071
73.832744596869,18.1572554669064
73.8475363697489,18.1580232735057
73.8623281426289,18.1587910801051
73.8771199155088,18.1595588867044
73.8919116883887,18.1603266933038
73.9067034612686,18.1610944999031
73.9214952341486,18.1618623065025
73.9362870070285,18.1626301131018
73.9510787799084,18.1633979197011
73.9658705527884,18.1641657263005
73.9806623256683,18.1649335328998
73.9954540985482,18.1657013394992
74.0102458714282,18.1664691460985
74.0250376443081,18.1672369526978
74.039829417188,18.1680047592972
74.0546211900679,18.1687725658965
74.0694129629479,18.1695403724959
74.0842047358278,18.1703081790952
74.0989965087077,18.1710759856946
74.1137882815877,18.1718437922939
74.1285800544676,18.1726115988932
74.1433718273475,18.1733794054926
74.1581636002274,18.1741472120919
74.1729553731074,18.1749150186912
74.1877471459873,18.1756828252906
74.2025389188672,18.1764506318899
74.2173306917472,18.1772184384893
74.2321224646271,18.1779862450886
74.246914237507,18.178754051688
74.2617060103869,18.1795218582873
74.2764977832669,18.1802896648866
74.3549621228587,18.1857514346782
74.4244155120662,18.1879677308801
74.4392072849461,18.1887355374794
74.453999057826,18.1895033440787
74.468790830706,18.1902711506781
74.4835826035859,18.1910389572774
74.4983743764658,18.1918067638768
74.5131661493457,18.1925745704761
74.5279579222257,18.1933423770754
74.5427496951056,18.1941101836748
74.5575414679855,18.1948779902741
74.5723332408655,18.1956457968735
74.5871250137454,18.1964136034728
74.6019167866253,18.1971814100721
74.6167085595052,18.1979492166715
74.6315003323852,18.1987170232708
74.6462921052651,18.1994848298702
74.661083878145,18.2002526364695
74.675875651025,18.2010204430688
74.6906674239049,18.2017882496682
74.7054591967848,18.2025560562675
74.7202509696647,18.2033238628669
74.7350427425447,18.2040916694662
74.7498345154246,18.2048594760656
74.7646262883045,18.2056272826649
74.7794180611845,18.2063950892642
74.7942098340644,18.2071628958636
74.8090016069443,18.2079307024629
74.8237933798243,18.2086985090623
74.8385851527042,18.2094663156616
74.8533769255841,18.2102341222609
74.868168698464,18.2110019288603
74.882960471344,18.2117697354596
74.8977522442239,18.212537542059
74.9125440171038,18.2133053486583
74.9273357899838,18.2140731552576
74.9421275628637,18.214840961857
74.9569193357436,18.2156087684563
74.9717111086236,18.2163765750557
74.9865028815035,18.217144381655
75.0012946543834,18.2179121882543
75.0160864272633,18.2186799948537
75.0308782001433,18.219447801453
75.0456699730232,18.2202156080524
75.0604617459031,18.2209834146517
75.075253518783,18.2217512212511
75.090045291663,18.2225190278504
75.1048370645429,18.2232868344497
75.1196288374229,18.2240546410491
75.1344206103028,18.2248224476484
75.1492123831827,18.2255902542478
75.1640041560626,18.2263580608471
75.1787959289425,18.2271258674464
75.1935877018225,18.2278936740458
75.2083794747024,18.2286614806451
75.2231712475823,18.2294292872445
75.2379630204623,18.2301970938438
75.2527547933422,18.2309649004431
75.2675465662221,18.2317327070425
75.2823383391021,18.2325005136418
75.297130111982,18.2332683202412
75.3119218848619,18.2340361268405
75.3267136577418,18.2348039334398
75.3415054306218,18.2355717400392
75.3562972035017,18.2363395466385
75.3710889763816,18.2371073532379
75.3858807492616,18.2378751598372
75.4006725221415,18.2386429664366
75.4154642950214,18.2394107730359
75.4302560679014,18.2401785796352
75.4450478407813,18.2409463862346
75.4598396136612,18.2417141928339
75.4746313865411,18.2424819994333
75.4894231594211,18.2432498060326
75.504214932301,18.2440176126319
75.5190067051809,18.2447854192313
75.5337984780608,18.2455532258306
75.5485902509408,18.24632103243
75.5633820238207,18.2470888390293
75.5781737967006,18.2478566456286
75.5929655695806,18.248624452228
75.6077573424605,18.2493922588273
75.6225491153404,18.2501600654267
75.6373408882204,18.250927872026
75.6521326611003,18.2516956786254
75.6669244339802,18.2524634852247
75.6817162068601,18.253231291824
75.6965079797401,18.2539990984234
75.71129975262,18.2547669050227
75.7260915254999,18.2555347116221
75.7408832983799,18.2563025182214
75.7556750712598,18.2570703248207
75.7704668441397,18.2578381314201
75.7852586170197,18.2586059380194
75.8000503898996,18.2593737446188
75.8148421627795,18.2601415512181
75.8296339356594,18.2609093578174
75.8444257085393,18.2616771644168
75.8592174814193,18.2624449710161
75.8740092542992,18.2632127776155
75.8888010271791,18.2639805842148
75.9035928000591,18.2647483908141
75.918384572939,18.2655161974135
75.9331763458189,18.2662840040128
75.9479681186989,18.2670518106122
75.9627598915788,18.2678196172115
75.9775516644587,18.2685874238109
75.9923434373387,18.2693552304102
76.0071352102186,18.2701230370095
76.0219269830985,18.2708908436089
76.0367187559784,18.2716586502082
76.0515105288584,18.2724264568076
76.0663023017383,18.2731942634069
76.0810940746182,18.2739620700062
76.0958858474982,18.2747298766056
76.1106776203781,18.2754976832049
76.125469393258,18.2762654898043
76.1402611661379,18.2770332964036
76.1550529390179,18.2778011030029
76.1698447118978,18.2785689096023
76.1846364847777,18.2793367162016
76.1994282576576,18.280104522801
76.2142200305376,18.2808723294003
76.2290118034175,18.2816401359997
76.2438035762974,18.282407942599
76.2585953491774,18.2831757491983
76.2733871220573,18.2839435557977
76.2881788949372,18.284711362397
76.3029706678172,18.2854791689964
76.3177624406971,18.2862469755957
76.332554213577,18.287014782195
76.3473459864569,18.2877825887944
76.3621377593369,18.2885503953937
76.3769295322168,18.2893182019931
76.3917213050967,18.2900860085924
76.4065130779767,18.2908538151917
76.4213048508566,18.2916216217911
76.4360966237365,18.2923894283904
76.4508883966164,18.2931572349898
76.4656801694964,18.2939250415891
76.4804719423763,18.2946928481884
76.4952637152562,18.2954606547878
76.5100554881362,18.2962284613871
76.5248472610161,18.2969962679865
76.539639033896,18.2977640745858
76.5544308067759,18.2985318811852
76.5692225796559,18.2992996877845
76.5840143525358,18.3000674943838
76.5988061254157,18.3008353009832
76.6135978982957,18.3016031075825
76.6283896711756,18.3023709141819
76.6431814440555,18.3031387207812
76.6579732169355,18.3039065273805
76.6727649898154,18.3046743339799
76.6875567626953,18.3054421405792
76.6929323240167,18.3056780222148
76.6983078853381,18.3059139038503
76.7036834466594,18.3061497854858
76.7090590079808,18.3063856671214
76.7144345693022,18.3066215487569
76.7198101306235,18.3068574303925
76.7251856919449,18.307093312028
76.7305612532663,18.3073291936635
76.7359368145876,18.3075650752991
76.741312375909,18.3078009569346
76.7466879372304,18.3080368385701
76.7520634985517,18.3082727202057
76.7574390598731,18.3085086018412
76.7628146211945,18.3087444834768
76.7681901825159,18.3089803651123
76.7735657438372,18.3092162467478
76.7789413051586,18.3094521283834
76.78431686648,18.3096880100189
76.7896924278013,18.3099238916545
76.7950679891227,18.31015977329
76.8004435504441,18.3103956549255
76.8058191117655,18.3106315365611
76.8111946730868,18.3108674181966
76.8165702344082,18.3111032998321
76.8219457957296,18.3113391814677
76.8273213570509,18.3115750631032
76.8326969183723,18.3118109447388
76.8380724796937,18.3120468263743
76.843448041015,18.3122827080098
76.8488236023364,18.3125185896454
76.8541991636578,18.3127544712809
76.8595747249792,18.3129903529164
76.8649502863005,18.313226234552
76.8703258476219,18.3134621161875
76.8757014089433,18.3136979978231
76.8810769702646,18.3139338794586
76.886452531586,18.3141697610941
76.8918280929074,18.3144056427297
76.8972036542287,18.3146415243652
76.9025792155501,18.3148774060008
76.9079547768715,18.3151132876363
76.9133303381929,18.3153491692718
76.9187058995142,18.3155850509074
76.9240814608356,18.3158209325429
76.929457022157,18.3160568141784
76.9348325834783,18.316292695814
76.9402081447997,18.3165285774495
76.9455837061211,18.3167644590851
76.9509592674424,18.3170003407206
76.9563348287638,18.3172362223561
76.9617103900852,18.3174721039917
76.9670859514066,18.3177079856272
76.9724615127279,18.3179438672628
76.9778370740493,18.3181797488983
76.9832126353707,18.3184156305338
76.988588196692,18.3186515121694
76.9939637580134,18.3188873938049
76.9993393193348,18.3191232754404
77.0047148806562,18.319359157076
77.0100904419775,18.3195950387115
77.0154660032989,18.3198309203471
77.0208415646203,18.3200668019826
77.0262171259416,18.3203026836181
77.031592687263,18.3205385652537
77.0369682485844,18.3207744468892
77.0423438099057,18.3210103285247
77.0477193712271,18.3212462101603
77.0530949325485,18.3214820917958
77.0584704938699,18.3217179734314
77.0638460551912,18.3219538550669
77.0692216165126,18.3221897367024
77.074597177834,18.322425618338
77.0799727391553,18.3226614999735
77.0853483004767,18.3228973816091
77.0907238617981,18.3231332632446
77.0960994231194,18.3233691448801
77.1014749844408,18.3236050265157
77.1068505457622,18.3238409081512
77.1122261070836,18.3240767897867
77.1176016684049,18.3243126714223
77.1229772297263,18.3245485530578
77.1283527910477,18.3247844346934
77.133728352369,18.3250203163289
77.1391039136904,18.3252561979644
77.1444794750118,18.3254920796
77.1498550363332,18.3257279612355
77.1552305976545,18.3259638428711
77.1606061589759,18.3261997245066
77.1659817202973,18.3264356061421
77.1713572816186,18.3266714877777
77.17673284294,18.3269073694132
77.1821084042614,18.3271432510487
77.1874839655827,18.3273791326843
77.1928595269041,18.3276150143198
77.1982350882255,18.3278508959554
77.2036106495469,18.3280867775909
77.2089862108682,18.3283226592264
77.2143617721896,18.328558540862
77.219737333511,18.3287944224975
77.2251128948323,18.3290303041331
77.2304884561537,18.3292661857686
77.2358640174751,18.3295020674041
77.2412395787964,18.3297379490397
77.2466151401178,18.3299738306752
77.2519907014392,18.3302097123107
77.2573662627606,18.3304455939463
77.2627418240819,18.3306814755818
77.2681173854033,18.3309173572174
77.2734929467247,18.3311532388529
77.278868508046,18.3313891204884
77.2842440693674,18.331625002124
77.2896196306888,18.3318608837595
77.2949951920101,18.3320967653951
77.3003707533315,18.3323326470306
77.3057463146529,18.3325685286661
77.3111218759743,18.3328044103017
77.3164974372956,18.3330402919372
77.321872998617,18.3332761735727
77.3272485599384,18.3335120552083
77.3326241212597,18.3337479368438
77.3379996825811,18.3339838184794
77.3433752439025,18.3342197001149
77.3487508052239,18.3344555817504
77.3541263665452,18.334691463386
77.3595019278666,18.3349273450215
77.3648774891879,18.335163226657
77.3702530505093,18.3353991082926
77.3756286118307,18.3356349899281
77.3810041731521,18.3358708715637
77.3863797344734,18.3361067531992
77.3917552957948,18.3363426348347
77.3971308571162,18.3365785164703
77.4025064184376,18.3368143981058
77.4078819797589,18.3370502797414
77.4132575410803,18.3372861613769
77.4186331024017,18.3375220430124
77.424008663723,18.337757924648
77.4293842250444,18.3379938062835
77.4347597863658,18.338229687919
77.4401353476871,18.3384655695546
77.4455109090085,18.3387014511901
77.4508864703299,18.3389373328257
77.4562620316512,18.3391732144612
77.4616375929726,18.3394090960967
77.467013154294,18.3396449777323
77.4723887156154,18.3398808593678
77.4777642769367,18.3401167410033
77.4831398382581,18.3403526226389
77.4885153995795,18.3405885042744
77.4938909609009,18.34082438591
77.4992665222222,18.3410602675455
77.5046420835436,18.341296149181
77.5100176448649,18.3415320308166
77.5153932061863,18.3417679124521
77.5207687675077,18.3420037940877
77.5261443288291,18.3422396757232
77.5315198901504,18.3424755573587
77.5368954514718,18.3427114389943
77.5422710127932,18.3429473206298
77.5476465741146,18.3431832022653
77.5530221354359,18.3434190839009
77.5583976967573,18.3436549655364
77.5637732580787,18.343890847172
77.5691488194,18.3441267288075
77.5745243807214,18.344362610443
77.5798999420428,18.3445984920786
77.5852755033641,18.3448343737141
77.5906510646855,18.3450702553497
77.5960266260069,18.3453061369852
77.6014021873282,18.3455420186207
77.6067777486496,18.3457779002563
77.612153309971,18.3460137818918
77.6175288712924,18.3462496635273
77.6229044326137,18.3464855451629
77.6282799939351,18.3467214267984
77.6336555552565,18.346957308434
77.6390311165778,18.3471931900695
77.6444066778992,18.347429071705
77.6497822392206,18.3476649533406
77.6551578005419,18.3479008349761
77.6605333618633,18.3481367166116
77.6659089231847,18.3483725982472
77.671284484506,18.3486084798827
77.6766600458274,18.3488443615183
77.6820356071488,18.3490802431538
77.6874111684702,18.3493161247893
77.6927867297915,18.3495520064249
77.6981622911129,18.3497878880604
77.7035378524343,18.350023769696
77.7089134137556,18.3502596513315
77.714288975077,18.350495532967
77.7196645363984,18.3507314146026
77.7250400977198,18.3509672962381
77.7304156590411,18.3512031778737
77.7357912203625,18.3514390595092
77.7411667816839,18.3516749411447
77.7465423430052,18.3519108227803
77.7519179043266,18.3521467044158
77.757293465648,18.3523825860513
77.7561456207738,18.3373465368017
77.7549977758995,18.3223104875521
77.7538499310253,18.3072744383025
77.752702086151,18.2922383890529
77.7515542412768,18.2772023398033
77.7504063964026,18.2621662905537
77.7492585515284,18.2471302413041
77.7481107066541,18.2320941920545
77.7469628617799,18.2170581428049
77.7458150169057,18.2020220935553
77.7446671720314,18.1869860443057
77.7435193271572,18.1719499950561
77.742371482283,18.1569139458065
77.7412236374087,18.1418778965568
77.7400757925345,18.1268418473072
77.7389279476603,18.1118057980576
77.737780102786,18.096769748808
77.7366322579118,18.0817336995584
77.7354844130376,18.0666976503088
77.7343365681633,18.0516616010592
77.7331887232891,18.0366255518096
77.7320408784149,18.02158950256
77.7308930335407,18.0065534533104
77.7297451886664,17.9915174040608
77.7285973437922,17.9764813548112
77.7274494989179,17.9614453055616
77.7263016540437,17.946409256312
77.7251538091695,17.9313732070624
77.7240059642952,17.9163371578127
77.722858119421,17.9013011085631
77.7217102745468,17.8862650593135
77.7205624296726,17.8712290100639
77.7194145847983,17.8561929608143
77.7182667399241,17.8411569115647
77.7171188950499,17.8261208623151
77.7159710501756,17.8110848130655
77.7148232053014,17.7960487638159
77.7136753604272,17.7810127145663
77.7125275155529,17.7659766653167
77.7113796706787,17.7509406160671
77.7102318258045,17.7359045668175
77.7090839809302,17.7208685175679
77.707936136056,17.7058324683182
77.7067882911818,17.6907964190686
77.7056404463075,17.675760369819
77.7044926014333,17.6607243205694
77.7033447565591,17.6456882713198
77.7021969116848,17.6306522220702
77.7010490668106,17.6156161728206
77.6999012219364,17.600580123571
77.6987533770622,17.5855440743214
77.6976055321879,17.5705080250718
77.6964576873137,17.5554719758222
77.6953098424394,17.5404359265726
77.6941619975652,17.525399877323
77.693014152691,17.5103638280734
77.6918663078168,17.4953277788238
77.6907184629425,17.4802917295742
77.6895706180683,17.4652556803245
77.6884227731941,17.4502196310749
77.6872749283198,17.4351835818253
77.6861270834456,17.4201475325757
77.6849792385714,17.4051114833261
77.6838313936971,17.3900754340765
77.6826835488229,17.3750393848269
77.6815357039487,17.3600033355773
77.6803878590744,17.3449672863277
77.6792400142002,17.3299312370781
77.678092169326,17.3148951878285
77.6769443244518,17.2998591385789
77.6757964795775,17.2848230893293
77.6746486347033,17.2697870400797
77.673500789829,17.2547509908301
77.6723529449548,17.2397149415804
77.6712051000806,17.2246788923308
77.6700572552063,17.2096428430812
77.6689094103321,17.1946067938316
77.6677615654579,17.179570744582
77.6666137205837,17.1645346953324
77.6654658757094,17.1494986460828
77.6643180308352,17.1344625968332
77.663170185961,17.1194265475836
77.6620223410867,17.104390498334
77.6608744962125,17.0893544490844
77.6597266513382,17.0743183998348
77.658578806464,17.0592823505852
77.6574309615898,17.0442463013356
77.6562831167156,17.0292102520859
77.6551352718413,17.0141742028363
77.6539874269671,16.9991381535867
77.6528395820929,16.9841021043371
77.6516917372186,16.9690660550875
77.6505438923444,16.9540300058379
77.6493960474702,16.9389939565883
77.6482482025959,16.9239579073387
77.6471003577217,16.9089218580891
77.6459525128475,16.8938858088395
77.6448046679732,16.8788497595899
77.643656823099,16.8638137103403
77.6425089782248,16.8487776610907
77.6413611333505,16.8337416118411
77.6402132884763,16.8187055625915
77.6390654436021,16.8036695133418
77.6379175987278,16.7886334640922
77.6367697538536,16.7735974148426
77.6356219089794,16.758561365593
77.6344740641052,16.7435253163434
77.6333262192309,16.7284892670938
77.6321783743567,16.7134532178442
77.6310305294824,16.6984171685946
77.6298826846082,16.683381119345
77.628734839734,16.6683450700954
77.6275869948598,16.6533090208458
77.6264391499855,16.6382729715962
77.6252913051113,16.6232369223466
77.6241434602371,16.608200873097
77.6229956153628,16.5931648238474
77.6218477704886,16.5781287745977
77.6206999256144,16.5630927253481
77.6195520807401,16.5480566760985
77.6184042358659,16.5330206268489
77.6172563909917,16.5179845775993
77.6161085461174,16.5029485283497
77.6149607012432,16.4879124791001
77.613812856369,16.4728764298505
77.6126650114947,16.4578403806009
77.6115171666205,16.4428043313513
77.6103693217463,16.4277682821017
77.6092214768721,16.4127322328521
77.6080736319978,16.3976961836025
77.6069257871236,16.3826601343529
77.6057779422493,16.3676240851033
77.6046300973751,16.3525880358536
77.6034822525009,16.337551986604
77.6023344076267,16.3225159373544
77.6011865627524,16.3074798881048
77.6000387178782,16.2924438388552
77.598890873004,16.2774077896056
77.5977430281297,16.262371740356
77.5965951832555,16.2473356911064
77.5954473383813,16.2322996418568
77.594299493507,16.2172635926072
77.5931516486328,16.2022275433576
77.5920038037586,16.187191494108
77.5908559588843,16.1721554448584
77.5897081140101,16.1571193956088
77.5885602691359,16.1420833463592
77.5874124242616,16.1270472971095
77.5862645793874,16.1120112478599
77.5851167345132,16.0969751986103
77.5839688896389,16.0819391493607
77.5828210447647,16.0669031001111
77.5816731998905,16.0518670508615
77.5805253550162,16.0368310016119
77.579377510142,16.0217949523623
77.5782296652678,16.0067589031127
77.5770818203936,15.9917228538631
77.5759339755193,15.9766868046135
77.5747861306451,15.9616507553639
77.5736382857709,15.9466147061143
77.5724904408966,15.9315786568647
77.5713425960224,15.916542607615
77.5701947511482,15.9015065583654
77.5690469062739,15.8864705091158
77.5678990613997,15.8714344598662
77.5667512165255,15.8563984106166
77.5656033716512,15.841362361367
77.564455526777,15.8263263121174
77.5633076819028,15.8112902628678
77.5621598370285,15.7962542136182
77.5610119921543,15.7812181643686
77.5598641472801,15.766182115119
77.5587163024058,15.7511460658694
77.5575684575316,15.7361100166198
77.5564206126574,15.7210739673702
77.5552727677832,15.7060379181206
77.5541249229089,15.6910018688709
77.5529770780347,15.6759658196213
77.5518292331604,15.6609297703717
77.5506813882862,15.6458937211221
77.549533543412,15.6308576718725
77.5483856985377,15.6158216226229
77.5472378536635,15.6007855733733
77.5460900087893,15.5857495241237
77.5449421639151,15.5707134748741
77.5437943190408,15.5556774256245
77.5426464741666,15.5406413763749
77.5414986292923,15.5256053271253
77.5403507844181,15.5105692778757
77.5392029395439,15.4955332286261
77.5380550946697,15.4804971793765
77.5369072497954,15.4654611301268
77.5357594049212,15.4504250808772
77.534611560047,15.4353890316276
77.5334637151727,15.420352982378
77.5323158702985,15.4053169331284
77.5311680254243,15.3902808838788
77.53002018055,15.3752448346292
77.5288723356758,15.3602087853796
77.5277244908016,15.34517273613
77.5265766459273,15.3301366868804
77.5254288010531,15.3151006376308
77.5242809561789,15.3000645883812
77.5231331113047,15.2850285391316
77.5219852664304,15.269992489882
77.5208374215562,15.2549564406324
77.519689576682,15.2399203913827
77.5185417318077,15.2248843421331
77.5173938869335,15.2098482928835
77.5162460420593,15.1948122436339
77.515098197185,15.1797761943843
77.5139503523108,15.1647401451347
77.5128025074366,15.1497040958851
77.5116546625623,15.1346680466355
77.5105068176881,15.1196319973859
77.5093589728139,15.1045959481363
77.5082111279396,15.0895598988867
77.5070632830654,15.0745238496371
77.5059154381912,15.0594878003875
77.5047675933169,15.0444517511379
77.5036197484427,15.0294157018883
77.5024719035685,15.0143796526386
77.5013240586942,14.999343603389
77.50017621382,14.9843075541394
77.4990283689458,14.9692715048898
77.4978805240715,14.9542354556402
77.4967326791973,14.9391994063906
77.4955848343231,14.924163357141
77.4944369894488,14.9091273078914
77.4932891445746,14.8940912586418
77.4921412997004,14.8790552093922
77.4909934548261,14.8640191601426
77.4898456099519,14.848983110893
77.4886977650777,14.8339470616434
77.4875499202034,14.8189110123938
77.4864020753292,14.8038749631441
77.485254230455,14.7888389138945
77.4841063855808,14.7738028646449
77.4829585407065,14.7587668153953
77.4818106958323,14.7437307661457
77.4806628509581,14.7286947168961
77.4795150060838,14.7136586676465
77.4783671612096,14.6986226183969
77.4772193163354,14.6835865691473
77.4760714714611,14.6685505198977
77.4749236265869,14.6535144706481
77.4737757817127,14.6384784213985
77.4726279368384,14.6234423721489
77.4714800919642,14.6084063228993
77.47033224709,14.5933702736497
77.4691844022157,14.5783342244
77.4680365573415,14.5632981751504
77.4668887124673,14.5482621259008
77.4657408675931,14.5332260766512
77.4645930227188,14.5181900274016
77.4634451778446,14.503153978152
77.4622973329704,14.4881179289024
77.4611494880961,14.4730818796528
77.4600016432219,14.4580458304032
77.4588537983477,14.4430097811536
77.4577059534734,14.427973731904
77.4565581085992,14.4129376826544
77.455410263725,14.3979016334048
77.4542624188507,14.3828655841552
77.4531145739765,14.3678295349056
77.4519667291023,14.3527934856559
77.450818884228,14.3377574364063
77.4496710393538,14.3227213871567
77.4485231944796,14.3076853379071
77.4473753496053,14.2926492886575
77.4462275047311,14.2776132394079
77.4450796598569,14.2625771901583
77.4439318149826,14.2475411409087
77.4427839701084,14.2325050916591
77.4416361252342,14.2174690424095
77.4404882803599,14.2024329931599
77.4393404354857,14.1873969439103
77.4381925906115,14.1723608946607
77.4370447457372,14.1573248454111
77.435896900863,14.1422887961615
77.4347490559888,14.1272527469118
77.4336012111146,14.1122166976622
77.4324533662403,14.0971806484126
77.4313055213661,14.082144599163
77.4301576764918,14.0671085499134
77.4290098316176,14.0520725006638
77.4278619867434,14.0370364514142
77.4267141418692,14.0220004021646
77.4255662969949,14.006964352915
77.4244184521207,13.9919283036654
77.4232706072465,13.9768922544158
77.4221227623722,13.9618562051662
77.420974917498,13.9468201559166
77.4198270726238,13.931784106667
77.4186792277495,13.9167480574174
77.4175313828753,13.9017120081677
77.4163835380011,13.8866759589181
77.4152356931268,13.8716399096685
77.4140878482526,13.8566038604189
77.4129400033784,13.8415678111693
77.4117921585042,13.8265317619197
77.4106443136299,13.8114957126701
77.4094964687557,13.7964596634205
77.4083486238814,13.7814236141709
77.4072007790072,13.7663875649213
77.406052934133,13.7513515156717
77.4049050892587,13.7363154664221
77.4037572443845,13.7212794171725
77.4026093995103,13.7062433679229
77.4014615546361,13.6912073186733
77.4003137097618,13.6761712694236
77.3991658648876,13.661135220174
77.3980180200134,13.6460991709244
77.3968701751391,13.6310631216748
77.3957223302649,13.6160270724252
77.3945744853907,13.6009910231756
77.3934266405164,13.585954973926
77.3922787956422,13.5709189246764
77.391130950768,13.5558828754268
77.3899831058937,13.5408468261772
77.3888352610195,13.5258107769276
77.3876874161453,13.510774727678
77.386539571271,13.4957386784284
77.3853917263968,13.4807026291788
77.3842438815226,13.4656665799291
77.3830960366483,13.4506305306795
77.3819481917741,13.4355944814299
77.3808003468999,13.4205584321803
77.3796525020257,13.4055223829307
77.3785046571514,13.3904863336811
77.3773568122772,13.3754502844315
77.3762089674029,13.3604142351819
77.3750611225287,13.3453781859323
77.3739132776545,13.3303421366827
77.3727654327803,13.3153060874331
77.371617587906,13.3002700381835
77.3704697430318,13.2852339889339
77.3693218981576,13.2701979396843
77.3681740532833,13.2551618904347
77.3670262084091,13.240125841185
77.3658783635349,13.2250897919354
77.3647305186606,13.2100537426858
77.3635826737864,13.1950176934362
77.3624348289122,13.1799816441866
77.3612869840379,13.164945594937
77.3601391391637,13.1499095456874
77.3589912942895,13.1348734964378
77.3578434494152,13.1198374471882
77.356695604541,13.1048013979386
77.3555477596668,13.089765348689
77.3543999147926,13.0747292994394
77.3532520699183,13.0596932501898
77.3521042250441,13.0446572009402
77.3509563801698,13.0296211516906
77.3498085352956,13.0145851024409
77.3486606904214,12.9995490531913
77.3475128455472,12.9845130039417
77.3463650006729,12.9694769546921
77.3452171557987,12.9544409054425
77.3440693109245,12.9394048561929
77.3429214660502,12.9243688069433
77.341773621176,12.9093327576937
77.3406257763018,12.8942967084441
77.3394779314275,12.8792606591945
77.3383300865533,12.8642246099449
77.3371822416791,12.8491885606953
77.3360343968048,12.8341525114457
77.3348865519306,12.8191164621961
77.3337387070564,12.8040804129465
77.3325908621821,12.7890443636968
77.3314430173079,12.7740083144472
77.3302951724337,12.7589722651976
77.3291473275594,12.743936215948
77.3279994826852,12.7289001666984
77.326851637811,12.7138641174488
77.3257037929367,12.6988280681992
77.3245559480625,12.6837920189496
77.3234081031883,12.6687559697
77.3222602583141,12.6537199204504
77.3211124134398,12.6386838712008
77.3199645685656,12.6236478219512
77.3188167236914,12.6086117727016
77.3176688788171,12.593575723452
77.3165210339429,12.5785396742024
77.3153731890687,12.5635036249527
77.3142253441944,12.5484675757031
77.3130774993202,12.5334315264535
77.311929654446,12.5183954772039
77.3107818095717,12.5033594279543
77.3096339646975,12.4883233787047
77.3084861198233,12.4732873294551
77.307338274949,12.4582512802055
77.3061904300748,12.4432152309559
77.3050425852006,12.4281791817063
77.3038947403263,12.4131431324567
77.3027468954521,12.3981070832071
77.3015990505779,12.3830710339575
77.3004512057037,12.3680349847079
77.2993033608294,12.3529989354583
77.2981555159552,12.3379628862086
77.2970076710809,12.322926836959
77.2958598262067,12.3078907877094
77.2947119813325,12.2928547384598
77.2935641364582,12.2778186892102
77.292416291584,12.2627826399606
77.2912684467098,12.247746590711
77.2901206018356,12.2327105414614
77.2889727569613,12.2176744922118
77.2878249120871,12.2026384429622
77.2866770672128,12.1876023937126
77.2855292223386,12.172566344463
77.2843813774644,12.1575302952134
77.2832335325902,12.1424942459638
77.2820856877159,12.1274581967141
77.2809378428417,12.1124221474645
77.2797899979675,12.0973860982149
77.2786421530932,12.0823500489653
77.277494308219,12.0673139997157
77.2763464633448,12.0522779504661
77.2751986184705,12.0372419012165
77.2740507735963,12.0222058519669
77.2729029287221,12.0071698027173
77.2717550838478,11.9921337534677
77.2706072389736,11.9770977042181
77.2694593940994,11.9620616549685
77.2683115492252,11.9470256057189
77.2671637043509,11.9319895564693
77.2660158594767,11.9169535072197
77.2648680146024,11.90191745797
77.2637201697282,11.8868814087204
77.262572324854,11.8718453594708
77.2614244799798,11.8568093102212
77.2602766351055,11.8417732609716
77.2591287902313,11.826737211722
77.2579809453571,11.8117011624724
77.2568331004828,11.7966651132228
77.2556852556086,11.7816290639732
77.2545374107344,11.7665930147236
77.2533895658601,11.751556965474
77.2522417209859,11.7365209162244
77.2510938761117,11.7214848669748
77.2499460312374,11.7064488177252
77.2487981863632,11.6914127684756
77.247650341489,11.6763767192259
77.2465024966147,11.6613406699763
77.2453546517405,11.6463046207267
77.2442068068663,11.6312685714771
77.243058961992,11.6162325222275
77.2419111171178,11.6011964729779
77.2407632722436,11.5861604237283
77.2396154273693,11.5711243744787
77.2384675824951,11.5560883252291
77.2373197376209,11.5410522759795
77.2361718927466,11.5260162267299
77.2350240478724,11.5109801774803
77.2338762029982,11.4959441282307
77.2327283581239,11.4809080789811
77.2315805132497,11.4658720297315
77.2304326683755,11.4508359804818
77.2292848235012,11.4357999312322
77.228136978627,11.4207638819826
77.2269891337528,11.405727832733
77.2258412888786,11.3906917834834
77.2246934440043,11.3756557342338
77.2235455991301,11.3606196849842
77.2223977542559,11.3455836357346
77.2212499093816,11.330547586485
77.2201020645074,11.3155115372354
77.2189542196332,11.3004754879858
77.2178063747589,11.2854394387362
77.2166585298847,11.2704033894866
77.2155106850105,11.255367340237
77.2143628401362,11.2403312909874
77.213214995262,11.2252952417377
77.2120671503878,11.2102591924881
77.2109193055136,11.1952231432385
77.2097714606393,11.1801870939889
77.2086236157651,11.1651510447393
77.2074757708908,11.1501149954897
77.2063279260166,11.1350789462401
77.2051800811424,11.1200428969905
77.2040322362682,11.1050068477409
77.2028843913939,11.0899707984913
77.2017365465197,11.0749347492417
77.2005887016455,11.0598986999921
77.1994408567712,11.0448626507425
77.198293011897,11.0298266014929
77.1971451670228,11.0147905522432
77.1959973221485,10.9997545029936
77.1948494772743,10.984718453744
77.1937016324001,10.9696824044944
77.1925537875258,10.9546463552448
77.1914059426516,10.9396103059952
77.1902580977774,10.9245742567456
77.1891102529031,10.909538207496
77.1879624080289,10.8945021582464
77.1868145631547,10.8794661089968
77.1856667182804,10.8644300597472
77.1845188734062,10.8493940104976
77.183371028532,10.834357961248
77.1822231836577,10.8193219119984
77.1810753387835,10.8042858627488
77.1799274939093,10.7892498134991
77.1787796490351,10.7742137642495
77.1776318041608,10.7591777149999
77.1764839592866,10.7441416657503
77.1753361144123,10.7291056165007
77.1741882695381,10.7140695672511
77.1730404246639,10.6990335180015
77.1718925797897,10.6839974687519
77.1707447349154,10.6689614195023
77.1695968900412,10.6539253702527
77.168449045167,10.6388893210031
77.1673012002927,10.6238532717535
77.1661533554185,10.6088172225039
77.1650055105443,10.5937811732543
77.16385766567,10.5787451240047
77.1627098207958,10.563709074755
77.1615619759216,10.5486730255054
77.1604141310473,10.5336369762558
77.1592662861731,10.5186009270062
77.1581184412989,10.5035648777566
77.1569705964246,10.488528828507
77.1558227515504,10.4734927792574
77.1546749066762,10.4584567300078
77.1535270618019,10.4434206807582
77.1523792169277,10.4283846315086
77.1512313720535,10.413348582259
77.1500835271792,10.3983125330094
77.148935682305,10.3832764837598
77.1477878374308,10.3682404345102
77.1466399925566,10.3532043852606
77.1454921476823,10.3381683360109
77.1443443028081,10.3231322867613
77.1431964579339,10.3080962375117
77.1420486130596,10.2930601882621
77.1409007681854,10.2780241390125
77.1397529233111,10.2629880897629
77.1386050784369,10.2479520405133
77.1374572335627,10.2329159912637
77.1363093886885,10.2178799420141
77.1351615438142,10.2028438927645
77.13401369894,10.1878078435149
77.1328658540658,10.1727717942653
77.1317180091915,10.1577357450157
77.1305701643173,10.1426996957661
77.1294223194431,10.1276636465165
77.1282744745688,10.1126275972668
77.1271266296946,10.0975915480172
77.1259787848204,10.0825554987676
77.1248309399461,10.067519449518
77.1236830950719,10.0524834002684
77.1225352501977,10.0374473510188
77.1213874053234,10.0224113017692
77.1202395604492,10.0073752525196
77.119091715575,9.99233920326999
77.1179438707007,9.97730315402039
77.1167960258265,9.96226710477078
77.1156481809523,9.94723105552117
77.1145003360781,9.93219500627157
77.1133524912038,9.91715895702196
77.1122046463296,9.90212290777235
77.1110568014553,9.88708685852274
77.1099089565811,9.87205080927314
77.1087611117069,9.85701476002353
77.1076132668327,9.84197871077392
77.1064654219584,9.82694266152432
77.1053175770842,9.81190661227471
77.10416973221,9.7968705630251
77.1030218873357,9.7818345137755
77.1018740424615,9.76679846452589
77.1007261975873,9.75176241527628
77.099578352713,9.73672636602668
77.0984305078388,9.72169031677707
77.0972826629646,9.70665426752746
77.0961348180903,9.69161821827786
77.0949869732161,9.67658216902825
77.0938391283419,9.66154611977864
77.0926912834676,9.64651007052904
77.0915434385934,9.63147402127943
77.0903955937192,9.61643797202982
77.089247748845,9.60140192278022
77.0880999039707,9.58636587353061
77.0869520590965,9.571329824281
77.0858042142223,9.55629377503139
77.084656369348,9.54125772578179
77.0835085244738,9.52622167653218
77.0823606795996,9.51118562728258
77.0812128347253,9.49614957803297
77.0800649898511,9.48111352878336
77.0789171449769,9.46607747953376
77.0777693001026,9.45104143028415
77.0766214552284,9.43600538103454
77.0754736103542,9.42096933178493
77.0743257654799,9.40593328253533
77.0731779206057,9.39089723328572
77.1615011416554,8.61045842655806
77.1697695892216,8.58346571435831
77.1780380367877,8.55647300215855
77.1863064843538,8.5294802899588
77.19457493192,8.50248757775904
77.2028433794861,8.47549486555929
77.2111118270522,8.44850215335953
77.2193802746183,8.42150944115978
77.2276487221845,8.39451672896002
77.2359171697506,8.36752401676027
77.2441856173167,8.34053130456051
77.2524540648829,8.31353859236076
77.260722512449,8.286545880161
77.2689909600151,8.25955316796124
77.2772594075812,8.23256045576149
77.2855278551474,8.20556774356173
77.2937963027135,8.17857503136198
77.3020647502796,8.15158231916222
77.3103331978458,8.12458960696247
77.3186016454119,8.09759689476271
77.326870092978,8.07060418256296
77.3351385405442,8.0436114703632
77.3434069881103,8.01661875816345
77.3516754356764,7.98962604596369
77.3599438832425,7.96263333376393
77.3682123308086,7.93564062156418
77.3764807783748,7.90864790936442
77.3847492259409,7.88165519716467
77.393017673507,7.85466248496491
77.4012861210732,7.82766977276516
77.4095545686393,7.8006770605654
77.4178230162054,7.77368434836565
77.4260914637715,7.74669163616589
77.4343599113377,7.71969892396614
77.4426283589038,7.69270621176638
77.4508968064699,7.66571349956663
77.4591652540361,7.63872078736687
77.4674337016022,7.61172807516712
77.4757021491683,7.58473536296736
77.4839705967345,7.55774265076761
77.4922390443006,7.53074993856785
77.5005074918667,7.50375722636809
77.5087759394328,7.47676451416834
77.517044386999,7.44977180196858
77.5253128345651,7.42277908976883
77.5335812821312,7.39578637756907
77.5418497296973,7.36879366536932
77.5501181772635,7.34180095316956
77.5583866248296,7.31480824096981
77.5666550723957,7.28781552877005
77.5749235199619,7.2608228165703
77.583191967528,7.23383010437054
77.5914604150941,7.20683739217078
77.5997288626603,7.17984467997103
77.6079973102264,7.15285196777128
77.6162657577925,7.12585925557152
77.6245342053586,7.09886654337177
77.6328026529248,7.07187383117201
77.6410711004909,7.04488111897225
77.649339548057,7.0178884067725
77.6576079956231,6.99089569457274
77.6658764431893,6.96390298237299
77.6741448907554,6.93691027017323
77.6824133383215,6.90991755797348
77.6906817858876,6.88292484577372
77.6989502334538,6.85593213357397
77.7072186810199,6.82893942137421
77.715487128586,6.80194670917446
77.7237555761522,6.7749539969747
77.7320240237183,6.74796128477494
77.7402924712844,6.72096857257519
77.7485609188506,6.69397586037543
77.7568293664167,6.66698314817568
77.7650978139828,6.63999043597592
77.7733662615489,6.61299772377617
77.7816347091151,6.58600501157641
77.7899031566812,6.55901229937666
77.7981716042473,6.5320195871769
77.8064400518135,6.50502687497715
77.8147084993796,6.47803416277739
77.8229769469457,6.45104145057764
77.8312453945118,6.42404873837788
77.839513842078,6.39705602617813
77.8477822896441,6.37006331397837
77.8560507372102,6.34307060177862
77.8643191847763,6.31607788957886
77.8725876323425,6.2890851773791
77.8808560799086,6.26209246517935
77.8891245274747,6.23509975297959
77.8973929750409,6.20810704077984
77.905661422607,6.18111432858008
77.9139298701731,6.15412161638033
77.9221983177393,6.12712890418057
77.9304667653054,6.10013619198082
77.9387352128715,6.07314347978106
77.9470036604376,6.04615076758131
77.9552721080038,6.01915805538155
77.9635405555699,5.99216534318179
77.971809003136,5.96517263098204
77.9800774507021,5.93817991878228
77.9883458982683,5.91118720658253
77.9966143458344,5.88419449438277
78.0048827934005,5.85720178218302
78.0131512409666,5.83020906998326
78.0214196885328,5.80321635778351
78.0296881360989,5.77622364558375
78.037956583665,5.749230933384
78.0462250312312,5.72223822118424
78.0544934787973,5.69524550898449
78.0627619263634,5.66825279678473
78.0710303739296,5.64126008458498
78.0792988214957,5.61426737238522
78.0875672690618,5.58727466018546
78.0958357166279,5.56028194798571
78.1041041641941,5.53328923578595
78.1123726117602,5.5062965235862
78.1206410593263,5.47930381138644
78.1289095068925,5.45231109918669
78.1371779544586,5.42531838698693
78.1454464020247,5.39832567478718
78.1537148495908,5.37133296258742
78.161983297157,5.34434025038767
78.1702517447231,5.31734753818791
78.1785201922892,5.29035482598815
78.1867886398554,5.2633621137884
78.1950570874215,5.23636940158865
78.2033255349876,5.20937668938889
78.2115939825538,5.18238397718913
78.2198624301199,5.15539126498938
78.228130877686,5.12839855278962
78.2363993252521,5.10140584058987
78.2446677728182,5.07441312839011
78.2529362203844,5.04742041619036
78.2612046679505,5.0204277039906
78.2694731155166,4.99343499179085
78.2777415630828,4.96644227959109
78.2860100106489,4.93944956739134
78.294278458215,4.91245685519158
78.3025469057811,4.88546414299183
78.3108153533473,4.85847143079207
78.3190838009134,4.83147871859231
78.3273522484795,4.80448600639256
78.3356206960457,4.7774932941928
78.3438891436118,4.75050058199305
78.3521575911779,4.72350786979329
78.3604260387441,4.69651515759354
78.3686944863102,4.66952244539378
78.3769629338763,4.64252973319403
78.3852313814424,4.61553702099427
78.3934998290086,4.58854430879452
78.4017682765747,4.56155159659476
78.4100367241408,4.53455888439501
78.4183051717069,4.50756617219525
78.4265736192731,4.48057345999549
78.4348420668392,4.45358074779574
78.4431105144053,4.42658803559598
78.4513789619715,4.39959532339623
78.4596474095376,4.37260261119647
78.4679158571037,4.34560989899672
78.4761843046698,4.31861718679696
78.484452752236,4.29162447459721
78.4927211998021,4.26463176239745
78.5009896473682,4.2376390501977
78.5092580949344,4.21064633799794
78.5175265425005,4.18365362579819
78.5257949900666,4.15666091359843
78.5340634376328,4.12966820139868
78.5423318851989,4.10267548919892
78.550600332765,4.07568277699916
78.5588687803311,4.04869006479941
78.5671372278972,4.02169735259965
78.5754056754634,3.9947046403999
78.5836741230295,3.96771192820014
78.5919425705956,3.94071921600039
78.6002110181618,3.91372650380063
78.6084794657279,3.88673379160088
78.616747913294,3.85974107940112
78.6250163608601,3.83274836720137
78.6332848084263,3.80575565500161
78.6415532559924,3.77876294280186
78.6498217035585,3.7517702306021
78.6580901511247,3.72477751840235
78.6663585986908,3.69778480620259
78.6746270462569,3.67079209400283
78.6828954938231,3.64379938180308
78.6911639413892,3.61680666960332
78.6994323889553,3.58981395740357
78.7077008365214,3.56282124520381
78.7159692840876,3.53582853300406
78.7242377316537,3.5088358208043
78.7325061792198,3.48184310860455
78.7407746267859,3.45485039640479
78.7490430743521,3.42785768420504
78.7573115219182,3.40086497200528
78.7655799694843,3.37387225980553
78.7738484170505,3.34687954760577
78.7821168646166,3.31988683540602
78.7903853121827,3.29289412320626
78.7986537597489,3.26590141100651
78.806922207315,3.23890869880675
78.8151906548811,3.21191598660699
78.8234591024472,3.18492327440724
78.8317275500134,3.15793056220748
78.8399959975795,3.13093785000773
78.8482644451456,3.10394513780797
78.8565328927117,3.07695242560822
78.8648013402779,3.04995971340846
78.873069787844,3.02296700120871
78.8813382354101,2.99597428900895
78.8896066829763,2.9689815768092
78.8978751305424,2.94198886460944
78.9061435781085,2.91499615240968
78.9144120256746,2.88800344020993
78.9226804732408,2.86101072801017
78.9309489208069,2.83401801581042
78.939217368373,2.80702530361066
78.9474858159392,2.78003259141091
78.9557542635053,2.75303987921115
78.9640227110714,2.7260471670114
78.9722911586375,2.69905445481164
78.9805596062037,2.67206174261189
78.9888280537698,2.64506903041213
78.9970965013359,2.61807631821238
79.005364948902,2.59108360601262
79.0136333964682,2.56409089381287
79.0219018440343,2.53709818161311
79.0301702916004,2.51010546941335
79.0384387391666,2.4831127572136
79.0467071867327,2.45612004501384
79.0549756342988,2.42912733281409
79.063244081865,2.40213462061433
79.0715125294311,2.37514190841458
79.0797809769972,2.34814919621482
79.0880494245634,2.32115648401507
79.0963178721295,2.29416377181531
79.1045863196956,2.26717105961556
79.1128547672617,2.2401783474158
79.1211232148278,2.21318563521605
79.129391662394,2.18619292301629
79.1376601099601,2.15920021081653
79.1459285575262,2.13220749861678
79.1541970050924,2.10521478641703
79.1624654526585,2.07822207421727
79.1707339002246,2.05122936201751
79.1790023477907,2.02423664981776
79.1872707953569,1.997243937618
79.195539242923,1.97025122541825
79.2038076904891,1.94325851321849
79.2120761380553,1.91626580101874
79.2203445856214,1.88927308881898
79.2286130331875,1.86228037661923
79.2368814807537,1.83528766441947
79.2451499283198,1.80829495221972
79.2534183758859,1.78130224001996
79.261686823452,1.7543095278202
79.2699552710181,1.72731681562045
79.2782237185843,1.70032410342069
79.2864921661504,1.67333139122094
79.2947606137165,1.64633867902118
79.3030290612827,1.61934596682143
79.3112975088488,1.59235325462167
79.3195659564149,1.56536054242192
79.3278344039811,1.53836783022216
79.3361028515472,1.51137511802241
79.3443712991133,1.48438240582265
79.3526397466794,1.4573896936229
79.3609081942456,1.43039698142314
79.3691766418117,1.40340426922338
79.3774450893778,1.37641155702363
79.385713536944,1.34941884482387
79.3939819845101,1.32242613262412
79.4022504320762,1.29543342042436
79.4105188796424,1.26844070822461
79.4187873272085,1.24144799602485
79.4270557747746,1.2144552838251
79.4353242223407,1.18746257162534
79.4435926699068,1.16046985942559
79.451861117473,1.13347714722583
79.4601295650391,1.10648443502608
79.4683980126052,1.07949172282632
79.4766664601714,1.05249901062657
79.4849349077375,1.02550629842681
79.4932033553036,0.998513586227056
79.5014718028697,0.971520874027301
79.5097402504359,0.944528161827546
79.518008698002,0.91753544962779
79.5262771455681,0.890542737428035
79.5345455931343,0.863550025228279
79.5428140407004,0.836557313028524
79.5510824882665,0.809564600828768
79.5593509358327,0.782571888629013
79.5676193833988,0.755579176429258
79.5758878309649,0.728586464229502
79.584156278531,0.701593752029747
79.5924247260971,0.674601039829991
79.6006931736633,0.647608327630236
79.6089616212294,0.62061561543048
79.6172300687955,0.593622903230725
79.6254985163617,0.56663019103097
79.6337669639278,0.539637478831214
79.6420354114939,0.512644766631459
79.6503038590601,0.485652054431703
79.6585723066262,0.458659342231948
79.6668407541923,0.431666630032193
79.6751092017585,0.404673917832437
79.6833776493246,0.377681205632682
79.6916460968907,0.350688493432926
79.6999145444568,0.323695781233171
79.708182992023,0.296703069033415
79.7164514395891,0.26971035683366
79.7247198871552,0.242717644633905
79.7329883347213,0.215724932434149
79.7412567822875,0.188732220234394
79.7495252298536,0.161739508034638
79.7577936774197,0.134746795834883
79.7660621249859,0.107754083635127
79.774330572552,0.080761371435372
79.7825990201181,0.0537686592356166
79.7908674676842,0.0267759470358612
79.7991359152504,-0.000216765163894275
79.8074043628165,-0.0272094773636497
79.8156728103826,-0.0542021895634015
79.8239412579488,-0.0811949017631569
79.8322097055149,-0.108187613962912
79.840478153081,-0.135180326162668
79.8487466006471,-0.162173038362423
79.8570150482133,-0.189165750562179
79.8652834957794,-0.216158462761934
79.8735519433455,-0.243151174961689
79.8818203909116,-0.270143887161445
79.8900888384778,-0.2971365993612
79.8983572860439,-0.324129311560956
79.90662573361,-0.351122023760711
79.9148941811762,-0.378114735960467
79.9231626287423,-0.405107448160222
79.9314310763084,-0.432100160359977
79.9396995238745,-0.459092872559733
79.9479679714407,-0.486085584759488
79.9562364190068,-0.513078296959244
79.9645048665729,-0.540071009158999
79.9727733141391,-0.567063721358755
79.9810417617052,-0.59405643355851
79.9893102092713,-0.621049145758265
79.9975786568375,-0.648041857958021
80.0058471044036,-0.675034570157776
80.0141155519697,-0.702027282357532
80.0223839995358,-0.729019994557287
80.030652447102,-0.756012706757043
80.0389208946681,-0.783005418956798
80.0471893422342,-0.809998131156553
80.0554577898003,-0.836990843356309
80.0637262373665,-0.863983555556064
80.0719946849326,-0.89097626775582
80.0802631324987,-0.917968979955575
80.0885315800649,-0.944961692155331
80.096800027631,-0.971954404355086
80.1050684751971,-0.998947116554841
80.1133369227632,-1.0259398287546
80.1216053703294,-1.05293254095435
80.1298738178955,-1.07992525315411
80.1381422654616,-1.10691796535386
80.1464107130278,-1.13391067755362
80.1546791605939,-1.16090338975337
80.16294760816,-1.18789610195313
80.1712160557261,-1.21488881415288
80.1794845032923,-1.24188152635264
80.1877529508584,-1.2688742385524
80.1960213984245,-1.29586695075215
80.2042898459906,-1.3228596629519
80.2125582935568,-1.34985237515166
80.2208267411229,-1.37684508735141
80.229095188689,-1.40383779955117
80.2373636362552,-1.43083051175092
80.2456320838213,-1.45782322395068
80.2539005313874,-1.48481593615044
80.2621689789536,-1.51180864835019
80.2704374265197,-1.53880136054995
80.2787058740858,-1.5657940727497
80.2869743216519,-1.59278678494946
80.2952427692181,-1.61977949714921
80.3035112167842,-1.64677220934897
80.3117796643503,-1.67376492154872
80.3200481119164,-1.70075763374848
80.3283165594826,-1.72775034594823
80.3365850070487,-1.75474305814799
80.3448534546148,-1.78173577034774
80.353121902181,-1.8087284825475
80.3613903497471,-1.83572119474726
80.3696587973132,-1.86271390694701
80.3779272448793,-1.88970661914677
80.3861956924455,-1.91669933134652
80.3944641400116,-1.94369204354628
80.4027325875777,-1.97068475574603
80.4110010351439,-1.99767746794579
80.41926948271,-2.02467018014554
80.4275379302761,-2.0516628923453
80.4358063778423,-2.07865560454505
80.4440748254084,-2.10564831674481
80.4523432729745,-2.13264102894457
80.4606117205406,-2.15963374114432
80.4688801681068,-2.18662645334408
80.4771486156729,-2.21361916554383
80.485417063239,-2.24061187774359
80.4936855108051,-2.26760458994334
80.5019539583713,-2.2945973021431
80.5102224059374,-2.32159001434285
80.5184908535035,-2.34858272654261
80.5267593010696,-2.37557543874236
80.5350277486358,-2.40256815094212
80.5432961962019,-2.42956086314188
80.551564643768,-2.45655357534163
80.5598330913342,-2.48354628754139
80.5681015389003,-2.51053899974114
80.5763699864664,-2.5375317119409
80.5846384340326,-2.56452442414065
80.5929068815987,-2.5915171363404
80.6011753291648,-2.61850984854016
80.6094437767309,-2.64550256073992
80.6177122242971,-2.67249527293967
80.6259806718632,-2.69948798513943
80.6342491194293,-2.72648069733918
80.6425175669955,-2.75347340953894
80.6507860145616,-2.78046612173869
80.6590544621277,-2.80745883393845
80.6673229096938,-2.8344515461382
80.67559135726,-2.86144425833796
80.6838598048261,-2.88843697053771
80.6921282523922,-2.91542968273747
80.7003966999584,-2.94242239493722
80.7086651475245,-2.96941510713698
80.7169335950906,-2.99640781933674
80.7252020426567,-3.02340053153649
80.7334704902229,-3.05039324373625
80.741738937789,-3.077385955936
80.7500073853551,-3.10437866813576
80.7582758329212,-3.13137138033551
80.7665442804874,-3.15836409253527
80.7748127280535,-3.18535680473502
80.7830811756196,-3.21234951693478
80.7913496231858,-3.23934222913453
80.7996180707519,-3.26633494133429
80.807886518318,-3.29332765353405
80.8161549658841,-3.3203203657338
80.8244234134503,-3.34731307793356
80.8326918610164,-3.37430579013331
80.8409603085825,-3.40129850233307
80.8492287561487,-3.42829121453282
80.8574972037148,-3.45528392673258
80.8657656512809,-3.48227663893233
80.874034098847,-3.50926935113209
80.8823025464132,-3.53626206333184
80.8905709939793,-3.5632547755316
80.8988394415454,-3.59024748773136
80.9071078891116,-3.61724019993111
80.9153763366777,-3.64423291213087
80.9236447842438,-3.67122562433062
80.9319132318099,-3.69821833653038
80.9401816793761,-3.72521104873013
80.9484501269422,-3.75220376092989
80.9567185745083,-3.77919647312964
80.9649870220745,-3.8061891853294
80.9732554696406,-3.83318189752915
80.9815239172067,-3.86017460972891
80.9897923647728,-3.88716732192866
80.998060812339,-3.91416003412842
81.0063292599051,-3.94115274632817
81.0145977074712,-3.96814545852793
81.0228661550374,-3.99513817072768
81.0311346026035,-4.02213088292744
81.0394030501696,-4.04912359512719
81.0476714977357,-4.07611630732695
81.0559399453019,-4.1031090195267
81.064208392868,-4.13010173172646
81.0724768404341,-4.15709444392622
81.0807452880002,-4.18408715612597
81.0890137355664,-4.21107986832573
81.0972821831325,-4.23807258052548
81.1055506306986,-4.26506529272524
81.1138190782648,-4.29205800492499
81.1220875258309,-4.31905071712475
81.130355973397,-4.3460434293245
81.1386244209631,-4.37303614152426
81.1468928685293,-4.40002885372401
81.1551613160954,-4.42702156592377
81.1634297636615,-4.45401427812353
81.1716982112277,-4.48100699032328
81.1799666587938,-4.50799970252304
81.1882351063599,-4.53499241472279
81.196503553926,-4.56198512692255
81.2047720014922,-4.5889778391223
81.2130404490583,-4.61597055132206
81.2213088966244,-4.64296326352181
81.2295773441906,-4.66995597572157
81.2378457917567,-4.69694868792132
81.2461142393228,-4.72394140012108
81.2543826868889,-4.75093411232083
81.2626511344551,-4.77792682452059
81.2709195820212,-4.80491953672034
81.2791880295873,-4.8319122489201
81.2874564771535,-4.85890496111986
81.2957249247196,-4.88589767331961
81.3039933722857,-4.91289038551937
81.3122618198519,-4.93988309771912
81.320530267418,-4.96687580991888
81.3287987149841,-4.99386852211863
81.3370671625502,-5.02086123431839
81.3453356101164,-5.04785394651814
81.3536040576825,-5.0748466587179
81.3618725052486,-5.10183937091765
81.3701409528147,-5.12883208311741
81.3784094003809,-5.15582479531716
81.386677847947,-5.18281750751692
81.3949462955131,-5.20981021971667
81.4032147430792,-5.23680293191643
81.4114831906454,-5.26379564411618
81.4197516382115,-5.29078835631594
81.4280200857776,-5.31778106851569
81.4362885333438,-5.34477378071545
81.4445569809099,-5.37176649291521
81.452825428476,-5.39875920511496
81.4610938760422,-5.42575191731472
81.4693623236083,-5.45274462951447
81.4776307711744,-5.47973734171423
81.4858992187405,-5.50673005391398
81.4941676663067,-5.53372276611374
81.5024361138728,-5.56071547831349
81.5107045614389,-5.58770819051325
81.518973009005,-5.614700902713
81.5272414565712,-5.64169361491276
81.5355099041373,-5.66868632711251
81.5437783517034,-5.69567903931227
81.5520467992696,-5.72267175151203
81.5603152468357,-5.74966446371178
81.5685836944018,-5.77665717591154
81.5768521419679,-5.80364988811129
81.5851205895341,-5.83064260031105
81.5933890371002,-5.8576353125108
81.6016574846663,-5.88462802471056
81.6099259322325,-5.91162073691031
81.6181943797986,-5.93861344911007
81.6264628273647,-5.96560616130982
81.6347312749309,-5.99259887350958
81.642999722497,-6.01959158570934
81.6512681700631,-6.04658429790909
81.6595366176292,-6.07357701010885
81.6678050651954,-6.1005697223086
81.6760735127615,-6.12756243450836
81.6843419603276,-6.15455514670811
81.6926104078937,-6.18154785890787
81.7008788554599,-6.20854057110762
81.709147303026,-6.23553328330738
81.7174157505921,-6.26252599550713
81.7256841981582,-6.28951870770689
81.7339526457244,-6.31651141990665
81.7422210932905,-6.3435041321064
81.7504895408566,-6.37049684430615
81.7587579884228,-6.39748955650591
81.7670264359889,-6.42448226870566
81.775294883555,-6.45147498090542
81.7835633311212,-6.47846769310517
81.7918317786873,-6.50546040530493
81.8001002262534,-6.53245311750468
81.8083686738195,-6.55944582970444
81.8166371213857,-6.5864385419042
81.8249055689518,-6.61343125410395
81.8331740165179,-6.64042396630371
81.8414424640841,-6.66741667850346
81.8497109116502,-6.69440939070322
81.8579793592163,-6.72140210290297
81.8662478067824,-6.74839481510273
81.8745162543486,-6.77538752730248
81.8827847019147,-6.80238023950224
81.8910531494808,-6.82937295170199
81.899321597047,-6.85636566390175
81.9075900446131,-6.8833583761015
81.9158584921792,-6.91035108830126
81.9241269397453,-6.93734380050102
81.9323953873115,-6.96433651270077
81.9406638348776,-6.99132922490053
81.9489322824437,-7.01832193710028
81.9572007300098,-7.04531464930004
81.965469177576,-7.07230736149979
81.9737376251421,-7.09930007369955
81.9820060727082,-7.12629278589931
81.9902745202744,-7.15328549809906
81.9985429678405,-7.18027821029881
82.0068114154066,-7.20727092249857
82.0150798629727,-7.23426363469833
82.0233483105389,-7.26125634689808
82.031616758105,-7.28824905909784
82.0398852056711,-7.31524177129759
82.0481536532373,-7.34223448349735
82.0564221008034,-7.3692271956971
82.0646905483695,-7.39621990789686
82.0729589959357,-7.42321262009661
82.0812274435018,-7.45020533229637
82.0894958910679,-7.47719804449612
82.097764338634,-7.50419075669588
82.1060327862002,-7.53118346889563
82.1143012337663,-7.55817618109539
82.1225696813324,-7.58516889329515
82.1308381288985,-7.6121616054949
82.1391065764647,-7.63915431769465
82.1473750240308,-7.66614702989441
82.1556434715969,-7.69313974209416
82.1639119191631,-7.72013245429392
82.1721803667292,-7.74712516649368
82.1804488142953,-7.77411787869343
82.1887172618615,-7.80111059089319
82.1969857094276,-7.82810330309294
82.2052541569937,-7.8550960152927
82.2135226045598,-7.88208872749245
82.221791052126,-7.90908143969221
82.2300594996921,-7.93607415189196
82.2383279472582,-7.96306686409172
82.2465963948243,-7.99005957629147
82.2548648423905,-8.01705228849123
82.2631332899566,-8.04404500069099
82.2714017375227,-8.07103771289074
82.2796701850888,-8.0980304250905
82.287938632655,-8.12502313729025
82.2962070802211,-8.15201584949001
82.3044755277872,-8.17900856168976
82.3127439753534,-8.20600127388952
82.3210124229195,-8.23299398608927
82.3292808704856,-8.25998669828903
82.3375493180518,-8.28697941048878
82.3458177656179,-8.31397212268854
82.354086213184,-8.34096483488829
82.3623546607501,-8.36795754708805
82.3706231083163,-8.39495025928781
82.3788915558824,-8.42194297148756
82.3871600034485,-8.44893568368732
82.3954284510146,-8.47592839588707
82.4036968985808,-8.50292110808683
82.4119653461469,-8.52991382028658
82.420233793713,-8.55690653248634
82.4285022412791,-8.58389924468609
82.4367706888453,-8.61089195688585
82.4450391364114,-8.6378846690856
82.4533075839775,-8.66487738128536
82.4615760315437,-8.69187009348511
82.4698444791098,-8.71886280568487
82.4781129266759,-8.74585551788463
82.4863813742421,-8.77284823008438
82.4946498218082,-8.79984094228414
82.4907631490676,-8.80000553944839
80.7241797911228,-9.89378476024143
80.6883101201285,-9.86021847643372
80.6823627492392,-9.84992998813815
78.7516619670887,-8.84450340383903
78.5383485384205,-8.84747219067782
78.3876597465903,-8.85392665539252
78.2174285931424,-8.8662794731229
78.1334213168011,-8.87191636661391
78.1135432554482,-8.87159429643914
78.037395035764,-8.86994965372117
76.8508996197174,-9.25819694631265
76.5470915823708,-9.40552159496949
76.4576680406004,-9.4507885946521
76.4468064350662,-9.45567491375535
76.2648424475996,-9.50784605719344
76.1255685116993,-9.53797688278638
76.075758349555,-9.55104562437056
75.9147372149943,-9.56419555470375
75.7574880477184,-9.57996463577432
75.5477537873986,-9.61227561446849
75.5025041079562,-9.61948977302407
75.1755762645627,-9.68599394285137
75.0886651430277,-9.70362864226664
74.8985328678532,-9.75342782848973
74.6617820981665,-9.80454013274232
74.5657857662569,-9.82328562503752
74.5108577627037,-9.82580235898185
74.4279524489217,-9.77886525949908
73.1748591573124,-9.30306843228431
72.9966172355358,-9.2985467805203
72.9536682521236,-9.29466800605843
72.8940644275469,-9.2830177571793
72.6579986185471,-9.2182375116357
72.5790949111319,-9.195145132927
71.581491601444,-9.11080745440201
71.1364775802102,-9.156728867889
70.8627619098104,-9.21778941203081
70.8474429455409,-9.22026334602384
70.8405619906466,-9.22070376414232
70.8327551047631,-9.22034163496629
69.6137671343255,-9.36201444079355
69.5502909809026,-9.38675401331268
69.5368108126012,-9.38953723934438
69.445553394433,-9.38505647088017
69.4074878466232,-9.37316537706694
69.2932680011354,-9.32143134135915
67.7319440965366,-9.33403240079395
67.7249406362472,-9.33700756992966
67.5292503442841,-9.40702157600412
67.4780796300564,-9.40229860886508
65.7077234403078,-9.73159712299743
65.5871882044677,-9.79325249167357
65.5629860375844,-9.79441161412052
65.4299816730913,-9.78402273374394
64.029550422643,-9.81907355208849
63.8949353920541,-9.86685616292953
63.3309626233683,-10.1310362527081
63.2903367074331,-10.1480669295527
63.2420748098273,-10.160051014254
63.1992229652405,-10.1571513769358
62.5489231302904,-10.0338564729127
62.4527404992285,-9.98543126106566
61.5855557539424,-9.60880468473195
60.6125143748654,-9.43790184708184
60.3985244320727,-9.45253509769825
60.2226244290203,-9.45680352171224
60.0717667239597,-9.46149834869387
58.9889541068045,-9.63034017356695
58.9384732685745,-9.64672672787225
58.7422899591396,-9.69498386631175
58.4725582027203,-9.77837862839279
58.3628868758674,-9.80772029123667
57.3117154455461,-9.9853237651621
57.2161604816083,-10.0309667122579
55.9571783172592,-10.3673228804413
55.8808552339671,-10.4135580181422
55.833628002323,-10.4367089509655
54.582996874347,-10.4999411962229
53.5783541980688,-10.2138318545007
53.3978628184565,-10.2014926383526
51.9801174706203,-10.3438309816673
51.8955865312045,-10.3888214162636
51.885290503178,-10.3934569620758
51.6540663996649,-10.4850618384464
51.5807426866316,-10.5174946889553
51.5130040865984,-10.5443150515479
51.494484803446,-10.5475440117851
51.1740755290745,-10.5855064863389
51.1510156532392,-10.5898347356144
51.0777411090196,-10.56936856959
50.9785350503858,-10.4976042271705
50.9473152768848,-10.4671553118667
50.7540383104594,-10.3044836124289
48.8701654434877,-9.86577202046107
48.2433658379164,-10.1416800834023
48.1449812117247,-10.159430345044
47.472845863674,-10.3107586353136
47.2595171397302,-10.3658021325311
45.3079203111632,-9.45178482697562
45.239572141969,-9.46208896731373
45.0908013716198,-9.47983171214518
44.1580693677446,-9.54248632507274
43.7538780268286,-9.70630206343252
43.743458733604,-9.71073114801443
43.5643781366388,-9.77862575104359
43.3587767621189,-9.832753711637
43.2425221109989,-9.86826989727337
42.8504680668125,-9.98010278076537
42.3685266019353,-10.2172341335264
41.6884085178658,-10.1451449129145
41.3479425239065,-10.1830251978175
41.3343523052679,-10.1847735042983
41.329639948719,-10.1848684332033
41.2314705897089,-10.1471935629431
41.1077367961043,-10.1023411177094
40.219656639965,-9.96254369527792
39.9159100552094,-10.0046940872409
39.8739136342467,-9.99618094091976
39.7297954534107,-9.95731879294632
38.9596856827946,-9.75994427497612
38.9262865033922,-9.73244025562653
36.5973451221737,-9.50290919357554
36.5135281950309,-9.55404703800592
36.4300590479214,-9.61075554731454
36.2848066423451,-9.66300672882737
35.5678262518393,-10.0226281805037
35.538417776395,-10.0400966560769
35.489169956929,-10.0628642538525
35.3521329310284,-10.1294118562155
35.2984131047854,-10.1380390294235
34.97824595349,-10.2219233231205
34.8247726331791,-10.2408793544214
34.8155334860216,-10.2413182614728
34.7527383096581,-10.2158583225432
33.4544332090566,-10.1710459370175
33.4157232427096,-10.1643178082244
33.3240269831175,-10.1351351375182
33.2519139195644,-10.1122515696465
32.1866485800672,-9.96255737890592
31.6827974016757,-9.92577719655394
31.5433460351944,-9.93301423677095
30.6653370628034,-10.088804129694
30.5779565851017,-10.1074326958182
29.8322198045646,-10.3198676693659
29.6996861757407,-10.3907723676349
29.5849012387904,-10.4195244273686
29.5686156299349,-10.422487254505
29.1254269387319,-10.5014955525321
28.5025756611859,-10.3506861974203
27.4591285849687,-10.3003492135778
27.3730759436603,-10.3045357592465
27.246678171002,-10.3059887570324
27.1882835416174,-10.301339291843
27.1245318705279,-10.2840077062147
26.2811886633309,-10.2247987697541
25.5777252838742,-10.3929570963718
25.5066441308426,-10.4041010228947
25.356768029072,-10.3652729722384
25.313038586416,-10.3515640466209
25.2808599833901,-10.3404368213374
24.024072218934,-10.3302187691991
23.9330444004031,-10.3194064471333
23.2104467251004,-10.3751034866651
23.0404000672745,-10.3898314605458
22.9890693258518,-10.3865985429268
22.8821289275573,-10.3569020335766
22.7941237449706,-10.3058403271935
22.1119065041976,-10.0272758253515
21.2423921646184,-10.0425897894662
20.9603112517687,-10.1020083760966
20.9577840738335,-10.1025117352043
20.8134817317482,-10.1242480719177
20.7882183848103,-10.1270693065035
20.7198152058058,-10.1040338667332
20.6668152683393,-10.087035625777
19.2658047719472,-9.9480525231058
18.9553874336346,-9.9547311526383
18.3353036587593,-9.97178827377686
17.9420050735843,-10.0561937734953
17.7021508840674,-10.0891845717326
17.6651386220356,-10.085322813726
17.2486870060472,-9.96368045234345
17.1176072484535,-9.92963466007676
17.0277190897823,-9.9095824053007
16.8005415485316,-9.87718831142584
16.7811162915896,-9.87382134495321
16.469684215517,-9.84550314265784
16.3830999481616,-9.82635841298861
15.5473074173826,-9.80526697192653
15.2871645970842,-9.84345845012902
15.1350155628471,-9.87964839625688
15.1123818993357,-9.87848565734277
15.0590954642084,-9.86093700971088
14.39500770957,-9.75767448818101
14.3094033608439,-9.75579191086963
14.2563426708481,-9.74213774713043
13.6887675658777,-9.68138146443077
13.5197087648664,-9.68366846947158
13.4427063718553,-9.67061886893216
12.816577018066,-9.60383560663908
12.7634569349205,-9.60372981758974
12.1736963512985,-9.70077657943304
12.1402376366333,-9.71034485603165
11.8812208099496,-9.80006109667108
11.6044682184924,-9.84054486149082
11.3935146460758,-9.87848522795495
11.0875424907518,-9.94705332955459
11.0336474892962,-9.94028241670423
10.9623341513963,-9.91877458494202
10.1888338563767,-9.67594266354801
10.1634015176817,-9.66837926852878
9.25632059035131,-9.5556633024826
9.05565910999939,-9.55968087008718
8.90924428535678,-9.52119247178518
8.67212425924381,-9.48281457683419
8.53342888262136,-9.47013455069019
8.43083722424931,-9.46126024485826
7.62747256910439,-9.35647151008407
7.36876420027988,-9.36153600537483
7.25733823483443,-9.33080473708083
7.18368983577035,-9.30970454142325
7.03663780854983,-9.25053916301845
6.87291369965202,-9.16452735759475
6.87098105811185,-9.16340998091589
6.55192432353616,-8.99878517758362
6.51155102383007,-8.96440594966873
6.41349290282265,-8.881519759118
6.19232071447721,-8.72147035846291
6.05394889399084,-8.60060340136081
5.94660021550201,-8.47114100463792
3.68438883917968,-7.67358463269333
3.67124250283795,-7.67692919050754
3.66920043041539,-7.67732785022814
3.37330024703746,-7.75959379364504
2.95874336056013,-7.8787774672593
2.68292129074745,-7.99324433435185
2.64984762492357,-8.00574812234473
2.39187437128721,-8.08020484121167
1.95489873146438,-8.23360646505809
1.82929442573276,-8.29793838224523
1.32585602335974,-8.57482924542869
1.16438778210508,-8.67716261813372
1.10231876659098,-8.72056883012854
0.985475919802724,-8.7744659655223
0.751791620094688,-8.89613547934324
0.738877974222838,-8.90302173671108
0.54708497738931,-8.96362319494492
0.4883144681826,-8.98159005870303
0.321010285944342,-9.03344640116232
0.106625261259784,-9.06187080395706
0.0809132175187807,-9.06281049399956
-0.0701683530113283,-9.04379511374343
-0.33975256370319,-9.0320927620878
-0.448263796394833,-9.01838599803872
-0.917463013218534,-8.97213648167856
-1.15998913540692,-8.97616386773397
-1.19185375817341,-8.97341240029122
-1.3077090370315,-8.96505121102242
-1.9237923857253,-8.93348392321904
-1.93180287832669,-8.93411174908139
-1.97606794522723,-8.93179484475424
-1.99041813517819,-8.92737233451199
-2.12778320373205,-8.85290701733153
-2.1610725039727,-8.8344214917813
-2.27274216203454,-8.76463716120387
-2.71648636928264,-8.55628713213209
-3.2404620123705,-8.44790680274184
-3.47512237832714,-8.42392285936366
-3.63546742805184,-8.40244219939348
-3.68274467516583,-8.39568162569574
-3.85414735903725,-8.37248017055883
-3.99116446484228,-8.35467709542127
-4.01970524196711,-8.34791535385568
-4.16471090203366,-8.31990188452714
-4.2545308450591,-8.30469151269574
-4.41925716497611,-8.27454194855805
-4.51005186436223,-8.26101887837964
-4.58916812153696,-8.25052228819897
-4.86554401367685,-8.19530667680957
-6.23234908277187,-8.31208617247894
-6.26427118585465,-8.32699691274732
-6.27374752980221,-8.33058659507247
-6.29233141273203,-8.33458958493909
-6.48202776011951,-8.37531398476088
-6.55238195503055,-8.38965080217781
-6.61415640859081,-8.392570126551
-6.82813605873342,-8.41574597629185
-6.92404056711103,-8.39649251985684
-6.98969378213669,-8.37714411057153
-7.04945200880251,-8.35218618421725
-7.21897366256782,-8.29293780830595
-7.23031565395561,-8.28854584590185
-7.45281615315777,-8.21265916468038
-7.46693201075275,-8.20825125059921
-7.56983918231238,-8.17166716750572
-8.21797743510679,-7.81879911383171
-8.31210401667694,-7.78012167804332
-8.38587753380696,-7.74120727424463
-8.48153837248645,-7.67727558498032
-9.28042835989551,-7.29523175336885
-9.64857005788351,-7.18926828791914
-9.73734465942668,-7.15816705331667
-9.8495673725037,-7.08612925713162
-9.87080856137159,-7.06649351708772
-10.1411027334728,-6.73110467908417
-10.5964790206219,-6.37580050672538
-10.9440245516417,-6.14920605090286
-11.0099072359976,-6.11346830226733
-11.2764882351842,-5.97956516117313
-11.2887619784208,-5.96854707104696
-11.3128534555208,-5.92173257068364
-11.3168614054308,-5.87246961043884
-11.4358397596903,-5.25250955438982
-11.4541064306113,-5.16832783205887
-11.5651214890164,-4.67027599099351
-11.5921924027127,-4.53512931241608
-11.5999220456327,-4.49526516630476
-11.6465935619799,-4.21243143211829
-11.6864473569566,-4.04344899716253
-11.70046255206,-3.92798246262199
-11.711730729108,-3.81126074451935
-11.7149822865215,-3.77604036367293
-11.7442523876593,-3.54763105595801
-11.7821368259982,-3.36231061642502
-11.7909086659978,-3.29417767103876
-12.2562216516767,-2.13625987217572
-12.3415674869387,-1.99520969214549
-12.4630321208712,-1.79701317237375
-12.4699295737641,-1.78224898758771
-12.4879957761351,-1.73823581925778
-12.671436276794,-1.38474594149382
-12.6719540020263,-1.37183781063181
-12.6697693120131,-1.32369307293091
-12.6622470274351,-1.2871386809077
-12.6473426190651,-1.24921735263836
-12.3670405160958,-0.71646444897016
-12.1892952918641,0.0209211199215142
-12.1833729427629,0.172412151788807
-12.16673051246,0.234844822645119
-12.1501248259771,0.297078791215043
-12.0915346123048,0.44520975049396
-11.9202552842372,1.61944171356852
-11.9518038969196,1.80664653780943
-11.9312800298208,1.85961108120823
-11.9241044045757,1.87750779137316
-11.7226816561102,2.3948106444442
-11.6510696616031,2.79994580168922
-11.6475150987609,2.81805828742011
-11.6316243061171,2.88784034186217
-11.6066094163097,2.96739211230662
-11.575204129454,3.04471754378221
-11.2587377192195,3.82389852836245
-11.2180504653404,4.01599529711538
-11.1796000524351,4.11493506736724
-11.1494202931361,4.19077447655112
-11.0447220515342,4.42130748450988
-10.8409020636719,4.71981989263756
-10.7133996603899,4.91899230532021
-10.7101125137093,4.92484615701802
-10.6150302234773,5.11039786143381
-10.5438644279534,5.21660189536729
-10.4545817963306,5.3472624217049
-10.3800848605034,5.45376331508588
-10.3005626298979,5.56605022420878
-10.2406151558519,5.64415618900176
-10.1678926589036,5.71750992937105
-10.133873832122,5.74029947297331
-10.0631279900366,5.78536515797989
-8.98999557506573,6.55565453524976
-8.76612417811631,6.93203306876245
-8.72809114778994,7.01846133183462
-8.63832305892817,7.26500838818826
-8.61685227363418,7.34158130786861
-8.54985241405245,7.54643293152786
-8.51869182254693,7.59947160874895
-8.44718786014922,7.68007606889869
-7.91204777389765,8.311395202142
-7.91160136509037,8.31195845807324
-7.8410365951797,8.39462754338914
-7.66613595657575,8.46963500291747
-7.39930446850798,8.57516201966582
-7.37136937267809,8.58771746984275
-7.28046113655872,8.59726928975611
-7.19857317980118,8.59221683019451
-6.62324163797993,8.52319663943817
-6.57806034960066,8.52165219030108
-6.48707121157065,8.51648807332574
-6.36950020532513,8.48523261147269
-6.12231967926025,8.43028277778626
-6.11875910699118,8.42951288379653
-5.97429999336172,8.37893250397015
-5.95967998200888,8.372417227555
-5.36636236753523,8.12432352591313
-5.29870768267638,8.10447320625949
-5.1487416639845,8.02842168073753
-5.08891645587143,7.99783160980129
-4.9995492990734,7.91615729129422
-4.77267881846138,7.73610826391914
-2.9174626690312,7.51263074753693
-2.8489148898039,7.53762330632027
-2.43379781723023,7.7235685512599
-2.39652974841809,7.74103004652849
-2.27464777631246,7.7696072247033
-1.39687984560874,7.82550553868268
-1.39422887777163,7.82604089270629
-1.3907709930639,7.82558523820645
-1.26544794626566,7.79425968801916
-0.994381990381918,7.72965582267515
-0.973649627106295,7.72237255610368
-0.920686427541444,7.69319318290679
0.298759624328946,7.41872791482733
0.385643667443198,7.41706684221318
0.479994208646845,7.40084354529234
0.631535310377989,7.36700440224085
0.666591617424232,7.35714516533967
0.847757912297403,7.28832663950713
1.3421089011155,7.16377583356175
1.34796243387599,7.16225028552704
4.27046419089949,8.47073892150127
4.32028780429119,8.56823354254488
4.35129222811737,8.61329867824755
4.39046012755272,8.64156536720869
4.48297823328948,8.67646730528817
4.54150020180522,8.6916274659247
4.64496047071966,8.67291113543211
4.66430738699093,8.66193568486239
6.34433755395788,8.49133395839039
6.41588995285728,8.50005690779076
6.46716846305675,8.50137310405677
6.65301728733598,8.50226751456488
6.77513015710366,8.50348039874523
7.48958608475942,8.57593691168891
7.53363718087488,8.58250820560323
9.31247112580747,9.59592821986202
9.46513885720262,9.76678582524235
9.58402186873259,9.81715264203267
9.78312759094722,9.90968392217941
9.90313278288353,9.93485478635472
9.93671949658648,9.94192993345918
9.9833756664404,9.94220166124447
10.3457982160447,9.94846281845742
10.5860814521373,9.97604580798066
10.8699116148911,10.0465886800537
10.9604315790507,10.0648212215246
11.5087444199576,10.1332752318994
12.3442701109465,10.5048632161522
12.417633514583,10.5488721946698
12.4665527704784,10.5792436552048
12.4867601661434,10.5792996533073
12.622101410263,10.5414843729981
14.1265915537231,10.5216177149723
14.1514253005698,10.527768672024
14.2463716816156,10.528983534432
15.6512012651943,11.0510636759039
15.9125358718139,11.1184377687446
15.9179447598069,11.1198240819985
16.0850414346859,11.1643494184229
16.1595599844739,11.1582296490141
16.9587802936992,11.1857695829735
17.1536180360627,11.2175973693831
17.8087870737991,11.3541373578827
19.1600389136684,12.1404366077396
19.2014574851646,12.1737013255232
19.4819440775512,12.2938134645724
19.681721639455,12.3800617930152
19.8987129182696,12.3866518133491
19.9054584587112,12.3868428264498
21.5257453532986,12.3312687487326
22.1629598155775,12.6432773886269
22.235954542937,12.6504654054979
22.5622294931064,12.5474724571379
24.0160423939264,12.7540054836273
24.0872536882861,12.7942264713419
24.1721085242213,12.8188336094664
24.2079639057163,12.8290969906114
24.3557091802843,12.8037595647498
24.4016254440888,12.7964872665022
24.4321537322446,12.7871915161759
24.5346721393376,12.736527524319
26.63929174018,12.942827200513
26.6857314637964,12.9735503739485
26.7952651447673,13.0200701348514
28.0388272091322,13.3747392374974
28.1570954879591,13.4464353631209
28.2423724986718,13.4717745673367
28.2698703730159,13.4745220720264
28.4212879617299,13.4604876950619
28.5132464617028,13.4347907505862
28.8793138294723,13.3638718586697
28.9576649600943,13.3522724956748
29.1386710476909,13.3317339021725
29.1943595548835,13.3177312769848
29.7883144500035,13.2660989839268
29.8921152242293,13.2663988995169
29.9550331250359,13.2674590588708
30.1175938404153,13.2676632463404
30.6016991588445,13.3210700316807
30.6478310177931,13.3297099655351
30.678593738202,13.3339077805476
31.1042772330286,13.4371203702915
31.2057013514443,13.441725650931
31.7395063640197,13.5383433467243
31.7484687191192,13.5408818811384
32.4568522851176,13.7674045690444
32.5508198696229,13.7909390379351
32.6127675542325,13.8018040414004
32.6877854525868,13.8058415760572
33.5757909726082,13.8813025511571
33.6692940801914,13.9135307012849
33.714174802422,13.9265517354673
33.8593254118295,13.9648308112481
34.3004199375161,14.0796208207876
34.5008462270842,14.1652680700458
34.541227259038,14.1706903314662
34.6619677590152,14.1906519405423
35.0282086723069,14.2112040521533
35.0882118429393,14.2122170190066
36.1643779458631,14.3586861183282
36.2494929025762,14.3721403808843
36.3160182776131,14.3785041976912
36.8205212875142,14.3966426390978
36.8280470690897,14.3978952778062
36.8355728506653,14.3991479165146
36.8430986322408,14.400400555223
36.8506244138164,14.4016531939315
36.8581501953919,14.4029058326399
36.8656759769675,14.4041584713483
36.8732017585431,14.4054111100567
36.8807275401186,14.4066637487651
36.8882533216942,14.4079163874735
36.8957791032697,14.409169026182
