36.9413426980542,14.4767529192233
36.9481077233656,14.4778789328451
36.954872748677,14.4790049464669
36.9616377739884,14.4801309600886
36.9684027992997,14.4812569737104
36.9751678246111,14.4823829873321
36.9819328499225,14.4835090009539
36.9886978752339,14.4846350145756
36.9954629005452,14.4857610281974
37.0022279258566,14.4868870418192
37.008992951168,14.4880130554409
37.0157579764794,14.4891390690627
37.0225230017907,14.4902650826844
37.0292880271021,14.4913910963062
37.0360530524135,14.492517109928
37.0428180777249,14.4936431235497
37.0495831030362,14.4947691371715
37.0563481283476,14.4958951507932
37.063113153659,14.497021164415
37.0698781789704,14.4981471780368
37.0766432042818,14.4992731916585
37.0834082295931,14.5003992052803
37.0901732549045,14.501525218902
37.0969382802159,14.5026512325238
37.1037033055273,14.5037772461455
37.1104683308386,14.5049032597673
37.11723335615,14.5060292733891
37.1239983814614,14.5071552870108
37.1307634067728,14.5082813006326
37.1375284320841,14.5094073142543
37.1442934573955,14.5105333278761
37.1510584827069,14.5116593414979
37.1578235080183,14.5127853551196
37.1645885333296,14.5139113687414
37.171353558641,14.5150373823631
37.1781185839524,14.5161633959849
37.1848836092638,14.5172894096067
37.1916486345752,14.5184154232284
37.1984136598865,14.5195414368502
37.2051786851979,14.5206674504719
37.2119437105093,14.5217934640937
37.2187087358207,14.5229194777154
37.225473761132,14.5240454913372
37.2322387864434,14.525171504959
37.2390038117548,14.5262975185807
37.2457688370662,14.5274235322025
37.2525338623775,14.5285495458242
37.2592988876889,14.529675559446
37.2660639130003,14.5308015730678
37.2728289383117,14.5319275866895
37.279593963623,14.5330536003113
37.2827556161684,14.5335524481614
37.2859172687138,14.5340512960115
37.2890789212593,14.5345501438616
37.2922405738047,14.5350489917117
37.2954022263501,14.5355478395618
37.2985638788955,14.5360466874119
37.3017255314409,14.536545535262
37.3048871839863,14.5370443831121
37.3080488365317,14.5375432309623
37.3112104890771,14.5380420788124
37.3143721416225,14.5385409266625
37.3175337941679,14.5390397745126
37.3206954467133,14.5395386223627
37.3238570992587,14.5400374702128
37.3270187518041,14.5405363180629
37.3301804043495,14.541035165913
37.3333420568949,14.5415340137631
37.3365037094403,14.5420328616132
37.3396653619857,14.5425317094633
37.3428270145311,14.5430305573135
37.3459886670765,14.5435294051636
37.3491503196219,14.5440282530137
37.3523119721673,14.5445271008638
37.3554736247127,14.5450259487139
37.3586352772581,14.545524796564
37.3617969298035,14.5460236444141
37.3649585823489,14.5465224922642
37.3681202348943,14.5470213401143
37.3712818874397,14.5475201879644
37.3744435399851,14.5480190358145
37.3776051925305,14.5485178836646
37.3807668450759,14.5490167315148
37.3839284976213,14.5495155793649
37.3870901501667,14.550014427215
37.3902518027121,14.5505132750651
37.3934134552575,14.5510121229152
37.3965751078029,14.5515109707653
37.3997367603483,14.5520098186154
37.4028984128937,14.5525086664655
37.4060600654391,14.5530075143156
37.4092217179845,14.5535063621657
37.41238337053,14.5540052100158
37.4155450230754,14.554504057866
37.4187066756208,14.5550029057161
37.4218683281662,14.5555017535662
37.4250299807116,14.5560006014163
37.428191633257,14.5564994492664
37.4313532858024,14.5569982971165
37.4345149383478,14.5574971449666
37.4376765908932,14.5579959928167
37.4408382434386,14.5584948406668
37.443999895984,14.5589936885169
37.4471615485294,14.559492536367
37.4503232010748,14.5599913842172
37.4534848536202,14.5604902320673
37.4566465061656,14.5609890799174
37.459808158711,14.5614879277675
37.4629698112564,14.5619867756176
37.4661314638018,14.5624856234677
37.4692931163472,14.5629844713178
37.4724547688926,14.5634833191679
37.475616421438,14.563982167018
37.4787780739834,14.5644810148681
37.4819397265288,14.5649798627182
37.4851013790742,14.5654787105683
37.4882630316196,14.5659775584185
37.491424684165,14.5664764062686
37.4945863367104,14.5669752541187
37.4977479892558,14.5674741019688
37.5009096418012,14.5679729498189
37.5040712943466,14.568471797669
37.507232946892,14.5689706455191
37.5103945994374,14.5694694933692
37.5135562519828,14.5699683412193
37.5167179045282,14.5704671890694
37.5198795570736,14.5709660369195
37.523041209619,14.5714648847697
37.5262028621644,14.5719637326198
37.5293645147098,14.5724625804699
37.5325261672552,14.57296142832
37.5356878198006,14.5734602761701
37.5388494723461,14.5739591240202
37.5420111248915,14.5744579718703
37.5451727774369,14.5749568197204
37.5483344299823,14.5754556675705
37.5514960825277,14.5759545154206
37.5546577350731,14.5764533632707
37.5578193876185,14.5769522111208
37.5609810401639,14.577451058971
37.5641426927093,14.5779499068211
37.5673043452547,14.5784487546712
37.5704659978001,14.5789476025213
37.5736276503455,14.5794464503714
37.5767893028909,14.5799452982215
37.5799509554363,14.5804441460716
37.5831126079817,14.5809429939217
37.5862742605271,14.5814418417718
37.5894359130725,14.5819406896219
37.5925975656179,14.582439537472
37.5957592181633,14.5829383853222
37.5989208707087,14.5834372331723
37.6020825232541,14.5839360810224
37.6052441757995,14.5844349288725
37.6084058283449,14.5849337767226
37.6115674808903,14.5854326245727
37.6147291334357,14.5859314724228
37.6178907859811,14.5864303202729
37.6210524385265,14.586929168123
37.6242140910719,14.5874280159731
37.6273757436173,14.5879268638232
37.6305373961627,14.5884257116734
37.6336990487081,14.5889245595235
37.6368607012535,14.5894234073736
37.6400223537989,14.5899222552237
37.6431840063443,14.5904211030738
37.6463456588897,14.5909199509239
37.6495073114351,14.591418798774
37.6526689639805,14.5919176466241
37.655830616526,14.5924164944742
37.6589922690714,14.5929153423243
37.6621539216168,14.5934141901744
37.6653155741622,14.5939130380245
37.6684772267076,14.5944118858747
37.671638879253,14.5949107337248
37.6748005317984,14.5954095815749
37.6779621843438,14.595908429425
37.6811238368892,14.5964072772751
37.6842854894346,14.5969061251252
37.68744714198,14.5974049729753
37.6906087945254,14.5979038208254
37.6937704470708,14.5984026686755
37.6969320996162,14.5989015165256
37.7000937521616,14.5994003643757
37.703255404707,14.5998992122259
37.7064170572524,14.600398060076
37.7095787097978,14.6008969079261
37.7127403623432,14.6013957557762
37.7159020148886,14.6018946036263
37.719063667434,14.6023934514764
37.7222253199794,14.6028922993265
37.7253869725248,14.6033911471766
37.7285486250702,14.6038899950267
37.7317102776156,14.6043888428768
37.734871930161,14.6048876907269
37.7380335827064,14.605386538577
37.7411952352518,14.6058853864272
37.7443568877972,14.6063842342773
37.7475185403426,14.6068830821274
37.750680192888,14.6073819299775
37.7538418454334,14.6078807778276
37.7570034979788,14.6083796256777
37.7601651505242,14.6088784735278
37.7633268030696,14.6093773213779
37.766488455615,14.609876169228
37.7696501081604,14.6103750170781
37.7728117607058,14.6108738649282
37.7759734132512,14.6113727127784
37.7791350657967,14.6118715606285
37.7822967183421,14.6123704084786
37.7854583708874,14.6128692563287
37.7886200234328,14.6133681041788
37.7917816759783,14.6138669520289
37.7949433285237,14.614365799879
37.7981049810691,14.6148646477291
37.8012666336145,14.6153634955792
37.8044282861599,14.6158623434293
37.8075899387053,14.6163611912794
37.8107515912507,14.6168600391296
37.8139132437961,14.6173588869797
37.8170748963415,14.6178577348298
37.8202365488869,14.6183565826799
37.8233982014323,14.61885543053
37.8265598539777,14.6193542783801
37.8297215065231,14.6198531262302
37.8328831590685,14.6203519740803
37.8360448116139,14.6208508219304
37.8392064641593,14.6213496697805
37.8423681167047,14.6218485176306
37.8455297692501,14.6223473654807
37.8486914217955,14.6228462133309
37.8518530743409,14.623345061181
37.8550147268863,14.6238439090311
37.8581763794317,14.6243427568812
37.8613380319771,14.6248416047313
37.8644996845225,14.6253404525814
37.8676613370679,14.6258393004315
37.8708229896133,14.6263381482816
37.8739846421587,14.6268369961317
37.8771462947041,14.6273358439818
37.8803079472495,14.6278346918319
37.8834695997949,14.6283335396821
37.8866312523403,14.6288323875322
37.8897929048857,14.6293312353823
37.8929545574311,14.6298300832324
37.8961162099765,14.6303289310825
37.8992778625219,14.6308277789326
37.9024395150673,14.6313266267827
37.9056011676127,14.6318254746328
37.9087628201581,14.6323243224829
37.9151635018364,14.6333342267177
37.9215641835146,14.6343441309524
37.9279648651928,14.6353540351872
37.934365546871,14.6363639394219
37.9407662285492,14.6373738436567
37.9471669102274,14.6383837478914
37.9535675919056,14.6393936521262
37.9599682735838,14.6404035563609
37.966368955262,14.6414134605957
37.9727696369402,14.6424233648304
37.9791703186184,14.6434332690651
37.9855710002966,14.6444431732999
37.9919716819748,14.6454530775346
37.998372363653,14.6464629817694
38.0047730453312,14.6474728860041
38.0111737270094,14.6484827902389
38.0175744086876,14.6494926944736
38.0239750903659,14.6505025987084
38.0303757720441,14.6515125029431
38.0367764537223,14.6525224071779
38.0431771354005,14.6535323114126
38.0495778170787,14.6545422156474
38.0559784987569,14.6555521198821
38.0623791804351,14.6565620241169
38.0687798621133,14.6575719283516
38.0751805437915,14.6585818325864
38.0815812254697,14.6595917368211
38.0879819071479,14.6606016410559
38.0943825888261,14.6616115452906
38.1007832705043,14.6626214495254
38.1071839521825,14.6636313537601
38.1135846338607,14.6646412579949
38.1199853155389,14.6656511622296
38.1263859972171,14.6666610664644
38.1327866788954,14.6676709706991
38.1391873605736,14.6686808749338
38.1455880422518,14.6696907791686
38.15198872393,14.6707006834033
38.1583894056082,14.6717105876381
38.1647900872864,14.6727204918728
38.1711907689646,14.6737303961076
38.1775914506428,14.6747403003423
38.183992132321,14.6757502045771
38.1903928139992,14.6767601088118
38.1967934956774,14.6777700130466
38.2031941773556,14.6787799172813
38.2095948590338,14.6797898215161
38.215995540712,14.6807997257508
38.2223962223902,14.6818096299856
38.2287969040684,14.6828195342203
38.2351975857466,14.6838294384551
38.2415982674248,14.6848393426898
38.247998949103,14.6858492469246
38.2543996307813,14.6868591511593
38.2608003124595,14.6878690553941
38.2672009941377,14.6888789596288
38.2736016758159,14.6898888638636
38.2800023574941,14.6908987680983
38.2864030391723,14.691908672333
38.2928037208505,14.6929185765678
38.2992044025287,14.6939284808025
38.3056050842069,14.6949383850373
38.3120057658851,14.695948289272
38.3184064475633,14.6969581935068
38.3248071292415,14.6979680977415
38.3312078109197,14.6989780019763
38.3376084925979,14.699987906211
38.3440091742761,14.7009978104458
38.3504098559543,14.7020077146805
38.3568105376325,14.7030176189153
38.3632112193108,14.70402752315
38.369611900989,14.7050374273848
38.3760125826672,14.7060473316195
38.3824132643454,14.7070572358543
38.3888139460236,14.708067140089
38.3952146277018,14.7090770443238
38.40161530938,14.7100869485585
38.4080159910582,14.7110968527933
38.4144166727364,14.712106757028
38.4208173544146,14.7131166612628
38.4272180360928,14.7141265654975
38.433618717771,14.7151364697322
38.4400193994492,14.716146373967
38.4464200811274,14.7171562782017
38.4528207628056,14.7181661824365
38.4592214444838,14.7191760866712
38.465622126162,14.720185990906
38.4720228078403,14.7211958951407
38.4784234895185,14.7222057993755
38.4848241711967,14.7232157036102
38.4912248528749,14.724225607845
38.4976255345531,14.7252355120797
38.5040262162313,14.7262454163145
38.5104268979095,14.7272553205492
38.5168275795877,14.728265224784
38.5232282612659,14.7292751290187
38.5296289429441,14.7302850332535
38.5360296246223,14.7312949374882
38.5424303063005,14.732304841723
38.5488309879787,14.7333147459577
38.5552316696569,14.7343246501925
38.5616323513351,14.7353345544272
38.5680330330133,14.736344458662
38.5744337146915,14.7373543628967
38.5808343963698,14.7383642671315
38.587235078048,14.7393741713662
38.5936357597262,14.7403840756009
38.6000364414044,14.7413939798357
38.6064371230826,14.7424038840704
38.6128378047608,14.7434137883052
38.619238486439,14.7444236925399
38.6256391681172,14.7454335967747
38.6320398497954,14.7464435010094
38.6384405314736,14.7474534052442
38.6448412131518,14.7484633094789
38.65124189483,14.7494732137137
38.6576425765082,14.7504831179484
38.6640432581864,14.7514930221832
38.6704439398646,14.7525029264179
38.6768446215428,14.7535128306527
38.683245303221,14.7545227348874
38.6896459848993,14.7555326391222
38.6960466665775,14.7565425433569
38.7024473482557,14.7575524475917
38.7088480299339,14.7585623518264
38.7152487116121,14.7595722560612
38.7216493932903,14.7605821602959
38.7280500749685,14.7615920645307
38.7344507566467,14.7626019687654
38.7408514383249,14.7636118730001
38.7472521200031,14.7646217772349
38.7536528016813,14.7656316814696
38.7600534833595,14.7666415857044
38.7664541650377,14.7676514899391
38.7728548467159,14.7686613941739
38.7792555283941,14.7696712984086
38.7856562100723,14.7706812026434
38.7920568917505,14.7716911068781
38.7984575734287,14.7727010111129
38.804858255107,14.7737109153476
38.8112589367852,14.7747208195824
38.8176596184634,14.7757307238171
38.8240603001416,14.7767406280519
38.8304609818198,14.7777505322866
38.836861663498,14.7787604365214
38.8432623451762,14.7797703407561
38.8496630268544,14.7807802449909
38.8560637085326,14.7817901492256
38.8624643902108,14.7828000534604
38.868865071889,14.7838099576951
38.8752657535672,14.7848198619299
38.8816664352454,14.7858297661646
38.8880671169236,14.7868396703994
38.8944677986018,14.7878495746341
38.90086848028,14.7888594788688
38.9072691619582,14.7898693831036
38.9136698436365,14.7908792873383
38.9200705253147,14.7918891915731
38.9264712069929,14.7928990958078
38.9328718886711,14.7939090000426
38.9392725703493,14.7949189042773
38.9456732520275,14.7959288085121
38.9520739337057,14.7969387127468
38.9584746153839,14.7979486169816
38.9648752970621,14.7989585212163
38.9712759787403,14.7999684254511
38.9776766604185,14.8009783296858
38.9840773420967,14.8019882339206
38.9904780237749,14.8029981381553
38.9968787054531,14.8040080423901
39.0032793871313,14.8050179466248
39.0096800688095,14.8060278508596
39.0160807504877,14.8070377550943
39.022481432166,14.8080476593291
39.0288821138442,14.8090575635638
39.0352827955224,14.8100674677985
39.0416834772006,14.8110773720333
39.0480841588788,14.812087276268
39.054484840557,14.8130971805028
39.0608855222352,14.8141070847375
39.0672862039134,14.8151169889723
39.0736868855916,14.816126893207
39.0800875672698,14.8171367974418
39.086488248948,14.8181467016765
39.0928889306262,14.8191566059113
39.0992896123044,14.820166510146
39.1056902939826,14.8211764143808
39.1120909756608,14.8221863186155
39.118491657339,14.8231962228503
39.1248923390172,14.824206127085
39.1312930206955,14.8252160313198
39.1376937023737,14.8262259355545
39.1440943840519,14.8272358397893
39.1504950657301,14.828245744024
39.1568957474083,14.8292556482588
39.1632964290865,14.8302655524935
39.1696971107647,14.8312754567283
39.1760977924429,14.832285360963
39.1824984741211,14.8332952651978
39.1858260574124,14.8337930237613
39.1891536407037,14.8342907823249
39.192481223995,14.8347885408884
39.1958088072864,14.835286299452
39.1991363905777,14.8357840580156
39.202463973869,14.8362818165791
39.2057915571603,14.8367795751427
39.2091191404516,14.8372773337063
39.212446723743,14.8377750922698
39.2157743070343,14.8382728508334
39.2191018903256,14.838770609397
39.2224294736169,14.8392683679605
39.2257570569082,14.8397661265241
39.2290846401995,14.8402638850877
39.2324122234909,14.8407616436512
39.2357398067822,14.8412594022148
39.2390673900735,14.8417571607784
39.2423949733648,14.8422549193419
39.2457225566561,14.8427526779055
39.2490501399474,14.8432504364691
39.2523777232388,14.8437481950326
39.2557053065301,14.8442459535962
39.2590328898214,14.8447437121597
39.2623604731127,14.8452414707233
39.265688056404,14.8457392292869
39.2690156396954,14.8462369878504
39.2723432229867,14.846734746414
39.275670806278,14.8472325049776
39.2789983895693,14.8477302635411
39.2823259728606,14.8482280221047
39.2856535561519,14.8487257806683
39.2889811394433,14.8492235392318
39.2923087227346,14.8497212977954
39.2956363060259,14.850219056359
39.2989638893172,14.8507168149225
39.3022914726085,14.8512145734861
39.3056190558999,14.8517123320497
39.3089466391912,14.8522100906132
39.3122742224825,14.8527078491768
39.3156018057738,14.8532056077404
39.3189293890651,14.8537033663039
39.3222569723564,14.8542011248675
39.3255845556478,14.854698883431
39.3289121389391,14.8551966419946
39.3322397222304,14.8556944005582
39.3355673055217,14.8561921591217
39.338894888813,14.8566899176853
39.3422224721043,14.8571876762489
39.3455500553957,14.8576854348124
39.348877638687,14.858183193376
39.3522052219783,14.8586809519396
39.3555328052696,14.8591787105031
39.3588603885609,14.8596764690667
39.3621879718523,14.8601742276303
39.3655155551436,14.8606719861938
39.3688431384349,14.8611697447574
39.3721707217262,14.861667503321
39.3754983050175,14.8621652618845
39.3788258883088,14.8626630204481
39.3821534716002,14.8631607790117
39.3854810548915,14.8636585375752
39.3888086381828,14.8641562961388
39.3921362214741,14.8646540547023
39.3954638047654,14.8651518132659
39.3987913880568,14.8656495718295
39.4021189713481,14.866147330393
39.4054465546394,14.8666450889566
39.4087741379307,14.8671428475202
39.412101721222,14.8676406060837
39.4154293045133,14.8681383646473
39.4187568878047,14.8686361232109
39.422084471096,14.8691338817744
39.4254120543873,14.869631640338
39.4287396376786,14.8701293989016
39.4320672209699,14.8706271574651
39.4353948042612,14.8711249160287
39.4387223875526,14.8716226745923
39.4420499708439,14.8721204331558
39.4453775541352,14.8726181917194
39.4487051374265,14.873115950283
39.4520327207178,14.8736137088465
39.4553603040092,14.8741114674101
39.4586878873005,14.8746092259736
39.4620154705918,14.8751069845372
39.4653430538831,14.8756047431008
39.4686706371744,14.8761025016643
39.4719982204657,14.8766002602279
39.4753258037571,14.8770980187915
39.4786533870484,14.877595777355
39.4819809703397,14.8780935359186
39.485308553631,14.8785912944822
39.4886361369223,14.8790890530457
39.4919637202137,14.8795868116093
39.495291303505,14.8800845701729
39.4986188867963,14.8805823287364
39.5019464700876,14.8810800873
39.5052740533789,14.8815778458636
39.5086016366702,14.8820756044271
39.5119292199616,14.8825733629907
39.5152568032529,14.8830711215543
39.5185843865442,14.8835688801178
39.5219119698355,14.8840666386814
39.5252395531268,14.8845643972449
39.5285671364181,14.8850621558085
39.5318947197095,14.8855599143721
39.5352223030008,14.8860576729356
39.5385498862921,14.8865554314992
39.5418774695834,14.8870531900628
39.5452050528747,14.8875509486263
39.5485326361661,14.8880487071899
39.5518602194574,14.8885464657535
39.5551878027487,14.889044224317
39.55851538604,14.8895419828806
39.5618429693313,14.8900397414442
39.5651705526226,14.8905375000077
39.568498135914,14.8910352585713
39.5718257192053,14.8915330171349
39.5751533024966,14.8920307756984
39.5784808857879,14.892528534262
39.5818084690792,14.8930262928255
39.5851360523706,14.8935240513891
39.5884636356619,14.8940218099527
39.5917912189532,14.8945195685162
39.5951188022445,14.8950173270798
39.5984463855358,14.8955150856434
39.6017739688271,14.8960128442069
39.6051015521184,14.8965106027705
39.6084291354098,14.8970083613341
39.6117567187011,14.8975061198976
39.6150843019924,14.8980038784612
39.6184118852837,14.8985016370248
39.621739468575,14.8989993955883
39.6250670518664,14.8994971541519
39.6283946351577,14.8999949127155
39.631722218449,14.900492671279
39.6350498017403,14.9009904298426
39.6383773850316,14.9014881884062
39.641704968323,14.9019859469697
39.6450325516143,14.9024837055333
39.6483601349056,14.9029814640969
39.6516877181969,14.9034792226604
39.6550153014882,14.903976981224
39.6583428847795,14.9044747397875
39.6616704680709,14.9049724983511
39.6649980513622,14.9054702569147
39.6683256346535,14.9059680154782
39.6716532179448,14.9064657740418
39.6749808012361,14.9069635326054
39.6783083845274,14.9074612911689
39.6816359678188,14.9079590497325
39.6849635511101,14.9084568082961
39.6882911344014,14.9089545668596
39.6916187176927,14.9094523254232
39.694946300984,14.9099500839868
39.6982738842753,14.9104478425503
39.7016014675667,14.9109456011139
39.704929050858,14.9114433596775
39.7082566341493,14.911941118241
39.7115842174406,14.9124388768046
39.7149118007319,14.9129366353681
39.7182393840233,14.9134343939317
39.7215669673146,14.9139321524953
39.7248945506059,14.9144299110588
39.7282221338972,14.9149276696224
39.7315497171885,14.915425428186
39.7348773004799,14.9159231867495
39.7382048837712,14.9164209453131
39.7415324670625,14.9169187038767
39.7448600503538,14.9174164624402
39.7481876336451,14.9179142210038
39.7515152169364,14.9184119795674
39.7548428002277,14.9189097381309
39.7581703835191,14.9194074966945
39.7614979668104,14.9199052552581
39.7648255501017,14.9204030138216
39.768153133393,14.9209007723852
39.7714807166843,14.9213985309488
39.7748082999757,14.9218962895123
39.778135883267,14.9223940480759
39.7814634665583,14.9228918066395
39.7847910498496,14.923389565203
39.7881186331409,14.9238873237666
39.7914462164322,14.9243850823301
39.7947737997236,14.9248828408937
39.7981013830149,14.9253805994573
39.8014289663062,14.9258783580208
39.8047565495975,14.9263761165844
39.8080841328888,14.926873875148
39.8114117161802,14.9273716337115
39.8147392994715,14.9278693922751
39.8180668827628,14.9283671508387
39.8213944660541,14.9288649094022
39.8247220493454,14.9293626679658
39.8280496326367,14.9298604265294
39.8313772159281,14.9303581850929
39.8347047992194,14.9308559436565
39.8380323825107,14.9313537022201
39.841359965802,14.9318514607836
39.8446875490933,14.9323492193472
39.8514241531634,14.9333569183502
39.8581607572334,14.9343646173533
39.8648973613035,14.9353723163563
39.8716339653735,14.9363800153594
39.8783705694436,14.9373877143624
39.8851071735136,14.9383954133655
39.8918437775837,14.9394031123685
39.8985803816537,14.9404108113716
39.9053169857238,14.9414185103746
39.9120535897938,14.9424262093776
39.9187901938639,14.9434339083807
39.9255267979339,14.9444416073837
39.932263402004,14.9454493063868
39.939000006074,14.9464570053898
39.9457366101441,14.9474647043929
39.9524732142141,14.9484724033959
39.9592098182842,14.949480102399
39.9659464223542,14.950487801402
39.9726830264243,14.9514955004051
39.9794196304943,14.9525031994081
39.9861562345644,14.9535108984112
39.9928928386344,14.9545185974142
39.9996294427045,14.9555262964172
40.0063660467745,14.9565339954203
40.0131026508446,14.9575416944233
40.0198392549146,14.9585493934264
40.0265758589847,14.9595570924294
40.0333124630547,14.9605647914325
40.0400490671248,14.9615724904355
40.0467856711948,14.9625801894386
40.0535222752649,14.9635878884416
40.0602588793349,14.9645955874447
40.066995483405,14.9656032864477
40.073732087475,14.9666109854508
40.0804686915451,14.9676186844538
40.0872052956151,14.9686263834568
40.0939418996852,14.9696340824599
40.1006785037552,14.9706417814629
40.1074151078253,14.971649480466
40.1141517118953,14.972657179469
40.1208883159654,14.9736648784721
40.1276249200354,14.9746725774751
40.1343615241055,14.9756802764782
40.1410981281755,14.9766879754812
40.1478347322456,14.9776956744843
40.1545713363156,14.9787033734873
40.1613079403857,14.9797110724904
40.1680445444557,14.9807187714934
40.1747811485258,14.9817264704964
40.1815177525958,14.9827341694995
40.1882543566659,14.9837418685025
40.1949909607359,14.9847495675056
40.201727564806,14.9857572665086
40.208464168876,14.9867649655117
40.2152007729461,14.9877726645147
40.2219373770161,14.9887803635178
40.2286739810862,14.9897880625208
40.2354105851562,14.9907957615239
40.2421471892263,14.9918034605269
40.2488837932963,14.99281115953
40.2556203973664,14.993818858533
40.2623570014364,14.994826557536
40.2690936055065,14.9958342565391
40.2758302095765,14.9968419555421
40.2825668136466,14.9978496545452
40.2893034177166,14.9988573535482
40.2960400217867,14.9998650525513
40.3027766258567,15.0008727515543
40.3095132299268,15.0018804505574
40.3162498339968,15.0028881495604
40.3229864380669,15.0038958485635
40.3297230421369,15.0049035475665
40.3364596462069,15.0059112465696
40.343196250277,15.0069189455726
40.3499328543471,15.0079266445756
40.3566694584171,15.0089343435787
40.3634060624872,15.0099420425817
40.3701426665572,15.0109497415848
40.3768792706273,15.0119574405878
40.3836158746973,15.0129651395909
40.3903524787674,15.0139728385939
40.3970890828374,15.014980537597
40.4038256869074,15.0159882366
40.4105622909775,15.0169959356031
40.4172988950475,15.0180036346061
40.4240354991176,15.0190113336092
40.4307721031876,15.0200190326122
40.4375087072577,15.0210267316152
40.4442453113277,15.0220344306183
40.4509819153978,15.0230421296213
40.4577185194678,15.0240498286244
40.4644551235379,15.0250575276274
40.471191727608,15.0260652266305
40.477928331678,15.0270729256335
40.484664935748,15.0280806246366
40.4914015398181,15.0290883236396
40.4981381438881,15.0300960226427
40.5048747479582,15.0311037216457
40.5116113520282,15.0321114206488
40.5183479560983,15.0331191196518
40.5250845601683,15.0341268186548
40.5318211642384,15.0351345176579
40.5385577683084,15.0361422166609
40.5452943723785,15.037149915664
40.5520309764485,15.038157614667
40.5587675805186,15.0391653136701
40.5655041845886,15.0401730126731
40.5722407886587,15.0411807116762
40.5789773927287,15.0421884106792
40.5857139967988,15.0431961096823
40.5924506008688,15.0442038086853
40.5991872049389,15.0452115076884
40.6059238090089,15.0462192066914
40.612660413079,15.0472269056944
40.619397017149,15.0482346046975
40.6261336212191,15.0492423037005
40.6328702252891,15.0502500027036
40.6396068293592,15.0512577017066
40.6463434334292,15.0522654007097
40.6530800374993,15.0532730997127
40.6598166415693,15.0542807987158
40.6665532456394,15.0552884977188
40.6732898497094,15.0562961967219
40.6800264537795,15.0573038957249
40.6867630578495,15.058311594728
40.6934996619196,15.059319293731
40.7002362659896,15.060326992734
40.7069728700597,15.0613346917371
40.7137094741297,15.0623423907401
40.7204460781998,15.0633500897432
40.7271826822698,15.0643577887462
40.7339192863399,15.0653654877493
40.7406558904099,15.0663731867523
40.74739249448,15.0673808857554
40.75412909855,15.0683885847584
40.7608657026201,15.0693962837615
40.7676023066901,15.0704039827645
40.7743389107602,15.0714116817676
40.7810755148302,15.0724193807706
40.7878121189003,15.0734270797736
40.7945487229703,15.0744347787767
40.8012853270404,15.0754424777797
40.8080219311104,15.0764501767828
40.8147585351805,15.0774578757858
40.8214951392505,15.0784655747889
40.8282317433206,15.0794732737919
40.8349683473906,15.080480972795
40.8417049514607,15.081488671798
40.8484415555307,15.0824963708011
40.8551781596008,15.0835040698041
40.8619147636708,15.0845117688072
40.8686513677409,15.0855194678102
40.8753879718109,15.0865271668132
40.882124575881,15.0875348658163
40.888861179951,15.0885425648193
40.8955977840211,15.0895502638224
40.9023343880911,15.0905579628254
40.9090709921612,15.0915656618285
40.9158075962312,15.0925733608315
40.9225442003013,15.0935810598346
40.9292808043713,15.0945887588376
40.9360174084414,15.0955964578407
40.9427540125114,15.0966041568437
40.9494906165815,15.0976118558468
40.9562272206515,15.0986195548498
40.9629638247216,15.0996272538528
40.9697004287916,15.1006349528559
40.9764370328617,15.1016426518589
40.9831736369317,15.102650350862
40.9899102410018,15.103658049865
40.9966468450718,15.1046657488681
41.0033834491419,15.1056734478711
41.0101200532119,15.1066811468742
41.016856657282,15.1076888458772
41.023593261352,15.1086965448803
41.0303298654221,15.1097042438833
41.0370664694921,15.1107119428864
41.0438030735622,15.1117196418894
41.0505396776322,15.1127273408924
41.0572762817023,15.1137350398955
41.0640128857723,15.1147427388985
41.0707494898424,15.1157504379016
41.0774860939124,15.1167581369046
41.0842226979825,15.1177658359077
41.0909593020525,15.1187735349107
41.0976959061226,15.1197812339138
39.9591130955499,13.7672089538617
39.9591242452424,13.7439739314224
39.9591353949349,13.7207389089831
39.9591465446273,13.6975038865438
39.9591576943198,13.6742688641045
39.9591688440123,13.6510338416652
39.9591799937048,13.6277988192259
39.9591911433973,13.6045637967866
39.9592022930898,13.5813287743474
39.9592134427822,13.5580937519081
39.9592245924747,13.5348587294688
39.9592357421672,13.5116237070295
39.9592468918597,13.4883886845902
39.9592580415522,13.4651536621509
39.9592691912447,13.4419186397116
39.9592803409372,13.4186836172723
39.9592914906296,13.3954485948331
39.9593026403221,13.3722135723938
39.9593137900146,13.3489785499545
39.9593249397071,13.3257435275152
39.9593360893996,13.3025085050759
39.9593472390921,13.2792734826366
39.9593583887845,13.2560384601973
39.959369538477,13.232803437758
39.9593806881695,13.2095684153188
39.959391837862,13.1863333928795
39.9594029875545,13.1630983704402
39.959414137247,13.1398633480009
39.9594252869394,13.1166283255616
39.9594364366319,13.0933933031223
39.9594475863244,13.070158280683
39.9594587360169,13.0469232582437
39.9594698857094,13.0236882358045
39.9594810354019,13.0004532133652
39.9594921850944,12.9772181909259
39.9595033347868,12.9539831684866
39.9595144844793,12.9307481460473
39.9595256341718,12.907513123608
39.9595367838643,12.8842781011687
39.9595479335568,12.8610430787294
39.9595590832493,12.8378080562902
39.9595702329417,12.8145730338509
39.9595813826342,12.7913380114116
39.9595925323267,12.7681029889723
39.9596036820192,12.744867966533
39.9596148317117,12.7216329440937
39.9596259814042,12.6983979216544
39.9596371310966,12.6751628992151
39.9596482807891,12.6519278767759
39.9596594304816,12.6286928543366
39.9596705801741,12.6054578318973
39.9596817298666,12.582222809458
39.9596928795591,12.5589877870187
39.9597040292515,12.5357527645794
39.959715178944,12.5125177421401
39.9597263286365,12.4892827197008
39.959737478329,12.4660476972615
39.9597486280215,12.4428126748223
39.959759777714,12.419577652383
39.9597709274065,12.3963426299437
39.9597820770989,12.3731076075044
39.9597932267914,12.3498725850651
39.9598043764839,12.3266375626258
39.9598155261764,12.3034025401865
39.9598266758689,12.2801675177472
39.9598378255614,12.256932495308
39.9598489752538,12.2336974728687
39.9598601249463,12.2104624504294
39.9598712746388,12.1872274279901
39.9598824243313,12.1639924055508
39.9598935740238,12.1407573831115
39.9599047237163,12.1175223606722
39.9599158734087,12.0942873382329
39.9599270231012,12.0710523157937
39.9599381727937,12.0478172933544
39.9599493224862,12.0245822709151
39.9599604721787,12.0013472484758
39.9599716218712,11.9781122260365
39.9599827715636,11.9548772035972
39.9599939212561,11.9316421811579
39.9600050709486,11.9084071587186
39.9600162206411,11.8851721362794
39.9600273703336,11.8619371138401
39.9600385200261,11.8387020914008
39.9600496697186,11.8154670689615
39.960060819411,11.7922320465222
39.9600719691035,11.7689970240829
39.960083118796,11.7457620016436
39.9600942684885,11.7225269792043
39.960105418181,11.699291956765
39.9601165678734,11.6760569343258
39.9601277175659,11.6528219118865
39.9601388672584,11.6295868894472
39.9601500169509,11.6063518670079
39.9601611666434,11.5831168445686
39.9601723163359,11.5598818221293
39.9601834660284,11.53664679969
39.9601946157208,11.5134117772507
39.9602057654133,11.4901767548115
39.9602169151058,11.4669417323722
39.9602280647983,11.4437067099329
39.9602392144908,11.4204716874936
39.9602503641833,11.3972366650543
39.9602615138757,11.374001642615
39.9602726635682,11.3507666201757
39.9602838132607,11.3275315977364
39.9602949629532,11.3042965752972
39.9603061126457,11.2810615528579
39.9603172623382,11.2578265304186
39.9603284120306,11.2345915079793
39.9603395617231,11.21135648554
39.9603507114156,11.1881214631007
39.9603618611081,11.1648864406614
39.9603730108006,11.1416514182221
39.9603841604931,11.1184163957829
39.9603953101855,11.0951813733436
39.960406459878,11.0719463509043
39.9604176095705,11.048711328465
39.960428759263,11.0254763060257
39.9604399089555,11.0022412835864
39.960451058648,10.9790062611471
39.9604622083405,10.9557712387078
39.9604733580329,10.9325362162686
39.9604845077254,10.9093011938293
39.9604956574179,10.88606617139
39.9605068071104,10.8628311489507
39.9605179568029,10.8395961265114
39.9605291064954,10.8163611040721
39.9605402561878,10.7931260816328
39.9605514058803,10.7698910591935
39.9605625555728,10.7466560367542
39.9605737052653,10.723421014315
39.9605848549578,10.7001859918757
39.9605960046503,10.6769509694364
39.9606071543427,10.6537159469971
39.9606183040352,10.6304809245578
39.9606294537277,10.6072459021185
39.9606406034202,10.5840108796792
39.9606517531127,10.5607758572399
39.9606629028052,10.5375408348007
39.9606740524976,10.5143058123614
39.9606852021901,10.4910707899221
39.9606963518826,10.4678357674828
39.9607075015751,10.4446007450435
39.9607186512676,10.4213657226042
39.9607298009601,10.3981307001649
39.9607409506526,10.3748956777256
39.960752100345,10.3516606552864
39.9607632500375,10.3284256328471
39.96077439973,10.3051906104078
39.9607855494225,10.2819555879685
39.960796699115,10.2587205655292
39.9608078488075,10.2354855430899
39.9608189984999,10.2122505206506
39.9608301481924,10.1890154982113
39.9608412978849,10.1657804757721
39.9608524475774,10.1425454533328
39.9608635972699,10.1193104308935
39.9608747469624,10.0960754084542
39.9608858966548,10.0728403860149
39.9608970463473,10.0496053635756
39.9609081960398,10.0263703411363
39.9609193457323,10.003135318697
39.9609304954248,9.97990029625775
39.9609416451173,9.95666527381846
39.9609527948098,9.93343025137918
39.9609639445022,9.91019522893989
39.9609750941947,9.8869602065006
39.9609862438872,9.86372518406131
39.9609973935797,9.84049016162203
39.9610085432722,9.81725513918274
39.9610196929647,9.79402011674345
39.9610308426571,9.77078509430416
39.9610419923496,9.74755007186487
39.9610531420421,9.72431504942558
39.9610642917346,9.7010800269863
39.9610754414271,9.67784500454701
39.9610865911196,9.65460998210772
39.961097740812,9.63137495966844
39.9611088905045,9.60813993722915
39.961120040197,9.58490491478986
39.9611311898895,9.56166989235057
39.961142339582,9.53843486991128
39.9611534892745,9.51519984747199
39.9611646389669,9.49196482503271
39.9611757886594,9.46872980259342
39.9611869383519,9.44549478015413
39.9611980880444,9.42225975771484
39.9612092377369,9.39902473527556
39.9612203874294,9.37578971283627
39.9612315371219,9.35255469039698
39.9612426868143,9.32931966795769
39.9612538365068,9.30608464551841
39.9612649861993,9.28284962307912
39.9612761358918,9.25961460063983
39.9612872855843,9.23637957820054
39.9612984352768,9.21314455576125
39.9613095849692,9.18990953332197
39.9613207346617,9.16667451088268
39.9613318843542,9.14343948844339
39.9613430340467,9.1202044660041
39.9613541837392,9.09696944356481
39.9613653334317,9.07373442112553
39.9613764831241,9.05049939868624
39.9613876328166,9.02726437624695
39.9613987825091,9.00402935380766
39.9614099322016,8.98079433136838
39.9614210818941,8.95755930892909
39.9614322315866,8.9343242864898
39.961443381279,8.91108926405051
39.9614545309715,8.88785424161122
39.961465680664,8.86461921917194
39.9614768303565,8.84138419673265
39.961487980049,8.81814917429336
39.9614991297415,8.79491415185407
39.961510279434,8.77167912941479
39.9615214291264,8.7484441069755
39.9615325788189,8.72520908453621
39.9615437285114,8.70197406209692
39.9615548782039,8.67873903965764
39.9615660278964,8.65550401721835
39.9615771775889,8.63226899477906
39.9615883272813,8.60903397233977
39.9615994769738,8.58579894990048
39.9616106266663,8.5625639274612
39.9616217763588,8.53932890502191
39.9616329260513,8.51609388258262
39.9616440757438,8.49285886014333
39.9616552254362,8.46962383770404
39.9616663751287,8.44638881526476
39.9616775248212,8.42315379282547
39.9616886745137,8.39991877038618
39.9616998242062,8.37668374794689
39.9617109738987,8.35344872550761
39.9617221235911,8.33021370306832
39.9617332732836,8.30697868062903
39.9617444229761,8.28374365818974
39.9617555726686,8.26050863575045
39.9617667223611,8.23727361331117
39.9617778720536,8.21403859087188
39.961789021746,8.19080356843259
39.9618001714385,8.1675685459933
39.961811321131,8.14433352355402
39.9618224708235,8.12109850111473
39.961833620516,8.09786347867544
39.9618447702085,8.07462845623615
39.9618559199009,8.05139343379686
39.9618670695934,8.02815841135758
39.9618782192859,8.00492338891829
39.9618893689784,7.981688366479
39.9619005186709,7.95845334403971
39.9619116683634,7.93521832160042
39.9619228180559,7.91198329916114
39.9619339677483,7.88874827672185
39.9619451174408,7.86551325428256
39.9619562671333,7.84227823184327
39.9619674168258,7.81904320940399
39.9619785665183,7.7958081869647
39.9619897162108,7.77257316452541
39.9620008659032,7.74933814208612
39.9620120155957,7.72610311964683
39.9620231652882,7.70286809720755
39.9620343149807,7.67963307476826
39.9620454646732,7.65639805232897
39.9620566143657,7.63316302988968
39.9620677640581,7.60992800745039
39.9620789137506,7.58669298501111
39.9620900634431,7.56345796257182
39.9621012131356,7.54022294013253
39.9621123628281,7.51698791769324
39.9621235125206,7.49375289525396
39.962134662213,7.47051787281467
39.9621458119055,7.44728285037538
39.962156961598,7.42404782793609
39.9621681112905,7.4008128054968
39.962179260983,7.37757778305752
39.9621904106755,7.35434276061823
39.962201560368,7.33110773817894
39.9622127100604,7.30787271573965
39.9622238597529,7.28463769330037
39.9622350094454,7.26140267086108
39.9622461591379,7.23816764842179
39.9622573088304,7.2149326259825
39.9622684585229,7.19169760354321
39.9622796082153,7.16846258110393
39.9622907579078,7.14522755866464
39.9623019076003,7.12199253622535
39.9623130572928,7.09875751378606
39.9623242069853,7.07552249134678
39.9623353566778,7.05228746890749
39.9623465063702,7.0290524464682
39.9623576560627,7.00581742402891
39.9623688057552,6.98258240158962
39.9623799554477,6.95934737915034
39.9623911051402,6.93611235671105
39.9624022548327,6.91287733427176
39.9624134045251,6.88964231183247
39.9624245542176,6.86640728939319
39.9624357039101,6.8431722669539
39.9624468536026,6.81993724451461
39.9624580032951,6.79670222207532
39.9624691529876,6.77346719963603
39.9624803026801,6.75023217719675
39.9624914523725,6.72699715475746
39.962502602065,6.70376213231817
39.9625137517575,6.68052710987888
39.96252490145,6.6572920874396
39.9625360511425,6.63405706500031
39.962547200835,6.61082204256102
39.9625583505274,6.58758702012173
39.9625695002199,6.56435199768244
39.9625806499124,6.54111697524316
39.9625917996049,6.51788195280387
39.9626029492974,6.49464693036458
39.9626140989899,6.47141190792529
39.9626252486823,6.448176885486
39.9626363983748,6.42494186304672
39.9626475480673,6.40170684060743
39.9626586977598,6.37847181816814
39.9626698474523,6.35523679572885
39.9626809971448,6.33200177328957
39.9626921468373,6.30876675085028
39.9627032965297,6.28553172841099
39.9627144462222,6.2622967059717
39.9627255959147,6.23906168353242
39.9627367456072,6.21582666109313
39.9627478952997,6.19259163865384
39.9627590449922,6.16935661621455
39.9627701946846,6.14612159377526
39.9627813443771,6.12288657133598
39.9627924940696,6.09965154889669
39.9628036437621,6.0764165264574
39.9628147934546,6.05318150401811
39.9628259431471,6.02994648157882
39.9628370928395,6.00671145913954
39.962848242532,5.98347643670025
39.9628593922245,5.96024141426096
39.962870541917,5.93700639182167
39.9628816916095,5.91377136938239
39.962892841302,5.8905363469431
39.9629039909944,5.86730132450381
39.9629151406869,5.84406630206452
39.9629262903794,5.82083127962524
39.9629374400719,5.79759625718595
39.9629485897644,5.77436123474666
39.9629597394569,5.75112621230737
39.9629708891494,5.72789118986808
39.9629820388418,5.7046561674288
39.9629931885343,5.68142114498951
39.9630043382268,5.65818612255022
39.9630154879193,5.63495110011093
39.9630266376118,5.61171607767164
39.9630377873043,5.58848105523236
39.9630489369967,5.56524603279307
39.9630600866892,5.54201101035378
39.9630712363817,5.51877598791449
39.9630823860742,5.4955409654752
39.9630935357667,5.47230594303592
39.9631046854592,5.44907092059663
39.9631158351516,5.42583589815734
39.9631269848441,5.40260087571805
39.9631381345366,5.37936585327877
39.9631492842291,5.35613083083948
39.9631604339216,5.33289580840019
39.9631715836141,5.3096607859609
39.9631827333065,5.28642576352162
39.963193882999,5.26319074108233
39.9632050326915,5.23995571864304
39.963216182384,5.21672069620375
39.9632273320765,5.19348567376446
39.963238481769,5.17025065132518
39.9632496314615,5.14701562888589
39.9632607811539,5.1237806064466
39.9632719308464,5.10054558400731
39.9632830805389,5.07731056156803
39.9632942302314,5.05407553912874
39.9633053799239,5.03084051668945
39.9633165296164,5.00760549425016
39.9633276793088,4.98437047181087
39.9633388290013,4.96113544937158
39.9633499786938,4.9379004269323
39.9633611283863,4.91466540449301
39.9633722780788,4.89143038205372
39.9633834277713,4.86819535961443
39.9633945774637,4.84496033717515
39.9634057271562,4.82172531473586
39.9634168768487,4.79849029229657
39.9634280265412,4.77525526985728
39.9634391762337,4.752020247418
39.9634503259262,4.72878522497871
39.9634614756187,4.70555020253942
39.9634726253111,4.68231518010013
39.9634837750036,4.65908015766084
39.9634949246961,4.63584513522156
39.9635060743886,4.61261011278227
39.9635172240811,4.58937509034298
39.9635283737735,4.56614006790369
39.963539523466,4.5429050454644
39.9635506731585,4.51967002302512
39.963561822851,4.49643500058583
39.9635729725435,4.47319997814654
39.963584122236,4.44996495570725
39.9635952719284,4.42672993326797
39.9636064216209,4.40349491082868
39.9636175713134,4.38025988838939
39.9636287210059,4.3570248659501
39.9636398706984,4.33378984351081
39.9636510203909,4.31055482107153
39.9636621700834,4.28731979863224
39.9636733197758,4.26408477619295
39.9636844694683,4.24084975375366
39.9636956191608,4.21761473131438
39.9637067688533,4.19437970887509
39.9637179185458,4.1711446864358
39.9637290682383,4.14790966399651
39.9637402179307,4.12467464155722
39.9637513676232,4.10143961911794
39.9637625173157,4.07820459667865
39.9637736670082,4.05496957423936
39.9637848167007,4.03173455180007
39.9637959663932,4.00849952936079
39.9638071160856,3.9852645069215
39.9638182657781,3.96202948448221
39.9638294154706,3.93879446204292
39.9638405651631,3.91555943960363
39.9638517148556,3.89232441716435
39.9638628645481,3.86908939472506
39.9638740142405,3.84585437228577
39.963885163933,3.82261934984648
39.9638963136255,3.7993843274072
39.963907463318,3.77614930496791
39.9639186130105,3.75291428252862
39.963929762703,3.72967926008933
39.9639409123955,3.70644423765004
39.9639520620879,3.68320921521075
39.9639632117804,3.65997419277147
39.9639743614729,3.63673917033218
39.9639855111654,3.61350414789289
39.9639966608579,3.5902691254536
39.9640078105504,3.56703410301432
39.9640189602428,3.54379908057503
39.9640301099353,3.52056405813574
39.9640412596278,3.49732903569645
39.9640524093203,3.47409401325717
39.9640635590128,3.45085899081788
39.9640747087053,3.42762396837859
39.9640858583977,3.4043889459393
39.9640970080902,3.38115392350001
39.9641081577827,3.35791890106073
39.9641193074752,3.33468387862144
39.9641304571677,3.31144885618215
39.9641416068602,3.28821383374286
39.9641527565527,3.26497881130358
39.9641639062451,3.24174378886429
39.9641750559376,3.218508766425
39.9641862056301,3.19527374398571
39.9641973553226,3.17203872154642
39.9642085050151,3.14880369910714
39.9642196547076,3.12556867666785
39.9642308044,3.10233365422856
39.9642419540925,3.07909863178927
39.964253103785,3.05586360934998
39.9642642534775,3.0326285869107
39.96427540317,3.00939356447141
39.9642865528625,2.98615854203212
39.9642977025549,2.96292351959283
39.9643088522474,2.93968849715354
39.9643200019399,2.91645347471426
39.9643311516324,2.89321845227497
39.9643423013249,2.86998342983568
39.9643534510174,2.84674840739639
39.9643646007098,2.82351338495711
39.9643757504023,2.80027836251782
39.9643869000948,2.77704334007853
39.9643980497873,2.75380831763924
39.9644091994798,2.73057329519995
39.9644203491723,2.70733827276067
39.9644314988648,2.68410325032138
39.9644426485572,2.66086822788209
39.9644537982497,2.6376332054428
39.9644649479422,2.61439818300352
39.9644760976347,2.59116316056423
39.9644872473272,2.56792813812494
39.9644983970197,2.54469311568565
39.9645095467121,2.52145809324636
39.9645206964046,2.49822307080708
39.9645318460971,2.47498804836779
39.9645429957896,2.4517530259285
39.9645541454821,2.42851800348921
39.9645652951746,2.40528298104993
39.964576444867,2.38204795861064
39.9645875945595,2.35881293617135
39.964598744252,2.33557791373206
39.9646098939445,2.31234289129277
39.964621043637,2.28910786885349
39.9646321933295,2.2658728464142
39.9646433430219,2.24263782397491
39.9646544927144,2.21940280153562
39.9646656424069,2.19616777909634
39.9646767920994,2.17293275665705
39.9646879417919,2.14969773421776
39.9646990914844,2.12646271177847
39.9647102411769,2.10322768933918
39.9647213908693,2.0799926668999
39.9647325405618,2.05675764446061
39.9647436902543,2.03352262202132
39.9647548399468,2.01028759958203
39.9647659896393,1.98705257714274
39.9647771393318,1.96381755470346
39.9647882890242,1.94058253226417
39.9647994387167,1.91734750982488
39.9648105884092,1.89411248738559
39.9648217381017,1.87087746494631
39.9648328877942,1.84764244250702
39.9648440374867,1.82440742006773
39.9648551871791,1.80117239762844
39.9648663368716,1.77793737518915
39.9648774865641,1.75470235274987
39.9648886362566,1.73146733031058
39.9648997859491,1.70823230787129
39.9649109356416,1.684997285432
39.9649220853341,1.66176226299272
39.9649332350265,1.63852724055343
39.964944384719,1.61529221811414
39.9649555344115,1.59205719567485
39.964966684104,1.56882217323556
39.9649778337965,1.54558715079628
39.964988983489,1.52235212835699
39.9650001331814,1.4991171059177
39.9650112828739,1.47588208347841
39.9650224325664,1.45264706103913
39.9650335822589,1.42941203859984
39.9650447319514,1.40617701616055
39.9650558816439,1.38294199372126
39.9650670313363,1.35970697128197
39.9650781810288,1.33647194884269
39.9650893307213,1.3132369264034
39.9651004804138,1.29000190396411
39.9651116301063,1.26676688152482
39.9651227797988,1.24353185908554
39.9651339294912,1.22029683664625
39.9651450791837,1.19706181420696
39.9651562288762,1.17382679176767
39.9651673785687,1.15059176932838
39.9651785282612,1.1273567468891
39.9651896779537,1.10412172444981
39.9652008276462,1.08088670201052
39.9652119773386,1.05765167957123
39.9652231270311,1.03441665713195
39.9652342767236,1.01118163469266
39.9652454264161,0.98794661225337
39.9652565761086,0.964711589814083
39.9652677258011,0.941476567374794
39.9652788754935,0.918241544935506
39.965290025186,0.895006522496219
39.9653011748785,0.87177150005693
39.965312324571,0.848536477617643
39.9653234742635,0.825301455178354
39.9653346239559,0.802066432739067
39.9653457736484,0.77883141029978
39.9653569233409,0.755596387860491
39.9653680730334,0.732361365421203
39.9653792227259,0.709126342981916
39.9653903724184,0.685891320542627
39.9654015221109,0.66265629810334
39.9654126718033,0.639421275664053
39.9654238214958,0.616186253224764
39.9654349711883,0.592951230785477
39.9654461208808,0.56971620834619
39.9654572705733,0.546481185906901
39.9654684202658,0.523246163467613
39.9654795699582,0.500011141028326
39.9654907196507,0.476776118589037
39.9655018693432,0.45354109614975
39.9655130190357,0.430306073710463
39.9655241687282,0.407071051271174
39.9655353184207,0.383836028831886
39.9655464681131,0.360601006392599
39.9655576178056,0.33736598395331
39.9655687674981,0.314130961514023
39.9655799171906,0.290895939074736
39.9655910668831,0.267660916635447
39.9656022165756,0.24442589419616
39.9656133662681,0.221190871756873
39.9656245159605,0.197955849317584
39.965635665653,0.174720826878296
39.9656468153455,0.151485804439009
39.965657965038,0.12825078199972
39.9656691147305,0.105015759560433
39.965680264423,0.0817807371211457
39.9656914141154,0.0585457146818567
39.9657025638079,0.0353106922425695
39.9657137135004,0.0120756698032823
39.9657248631929,-0.0111593526360067
39.9657360128854,-0.0343943750752939
39.9657471625779,-0.057629397514581
39.9657583122703,-0.0808644199538701
39.9657694619628,-0.104099442393157
39.9657806116553,-0.127334464832444
39.9657917613478,-0.150569487271733
39.9658029110403,-0.173804509711021
39.9658140607328,-0.197039532150308
39.9658252104252,-0.220274554589597
39.9658363601177,-0.243509577028884
39.9658475098102,-0.266744599468171
39.9658586595027,-0.28997962190746
39.9658698091952,-0.313214644346747
39.9658809588877,-0.336449666786036
39.9658921085802,-0.359684689225324
39.9659032582726,-0.382919711664611
39.9659144079651,-0.4061547341039
39.9659255576576,-0.429389756543187
39.9659367073501,-0.452624778982474
39.9659478570426,-0.475859801421763
39.9659590067351,-0.49909482386105
39.9659701564275,-0.522329846300338
39.96598130612,-0.545564868739627
39.9659924558125,-0.568799891178914
39.966003605505,-0.592034913618201
39.9660147551975,-0.61526993605749
39.96602590489,-0.638504958496777
39.9660370545824,-0.661739980936064
39.9660482042749,-0.684975003375353
39.9660593539674,-0.708210025814641
39.9660705036599,-0.731445048253928
39.9660816533524,-0.754680070693217
39.9660928030449,-0.777915093132504
39.9661039527373,-0.801150115571791
39.9661151024298,-0.82438513801108
39.9661262521223,-0.847620160450367
39.9661374018148,-0.870855182889655
39.9661485515073,-0.894090205328944
39.9661597011998,-0.917325227768231
39.9661708508923,-0.940560250207518
39.9661820005847,-0.963795272646807
39.9661931502772,-0.987030295086094
39.9662042999697,-1.01026531752538
39.9662154496622,-1.03350033996467
39.9662265993547,-1.05673536240396
39.9662377490472,-1.07997038484324
39.9662488987396,-1.10320540728253
39.9662600484321,-1.12644042972182
39.9662711981246,-1.14967545216111
39.9662823478171,-1.1729104746004
39.9662934975096,-1.19614549703968
39.9663046472021,-1.21938051947897
39.9663157968945,-1.24261554191826
39.966326946587,-1.26585056435755
39.9663380962795,-1.28908558679683
39.966349245972,-1.31232060923612
39.9663603956645,-1.33555563167541
39.966371545357,-1.3587906541147
39.9663826950494,-1.38202567655399
39.9663938447419,-1.40526069899327
39.9664049944344,-1.42849572143256
39.9664161441269,-1.45173074387185
39.9664272938194,-1.47496576631114
39.9664384435119,-1.49820078875042
39.9664495932044,-1.52143581118971
39.9664607428968,-1.544670833629
39.9664718925893,-1.56790585606829
39.9664830422818,-1.59114087850758
39.9664941919743,-1.61437590094686
39.9665053416668,-1.63761092338615
39.9665164913593,-1.66084594582544
39.9665276410517,-1.68408096826473
39.9665387907442,-1.70731599070402
39.9665499404367,-1.7305510131433
39.9665610901292,-1.75378603558259
39.9665722398217,-1.77702105802188
39.9665833895142,-1.80025608046117
39.9665945392066,-1.82349110290045
39.9666056888991,-1.84672612533974
39.9666168385916,-1.86996114777903
39.9666279882841,-1.89319617021832
39.9666391379766,-1.91643119265761
39.9666502876691,-1.93966621509689
39.9666614373616,-1.96290123753618
39.966672587054,-1.98613625997547
39.9666837367465,-2.00937128241476
39.966694886439,-2.03260630485405
39.9667060361315,-2.05584132729333
39.966717185824,-2.07907634973262
39.9667283355164,-2.10231137217191
39.9667394852089,-2.1255463946112
39.9667506349014,-2.14878141705048
39.9667617845939,-2.17201643948977
39.9667729342864,-2.19525146192906
39.9667840839789,-2.21848648436835
39.9667952336714,-2.24172150680764
39.9668063833638,-2.26495652924692
39.9668175330563,-2.28819155168621
39.9668286827488,-2.3114265741255
39.9668398324413,-2.33466159656479
39.9668509821338,-2.35789661900407
39.9668621318263,-2.38113164144336
39.9668732815187,-2.40436666388265
39.9668844312112,-2.42760168632194
39.9668955809037,-2.45083670876123
39.9669067305962,-2.47407173120051
39.9669178802887,-2.4973067536398
39.9669290299812,-2.52054177607909
39.9669401796736,-2.54377679851838
39.9669513293661,-2.56701182095766
39.9669624790586,-2.59024684339695
39.9669736287511,-2.61348186583624
39.9669847784436,-2.63671688827553
39.9669959281361,-2.65995191071482
39.9670070778286,-2.6831869331541
39.967018227521,-2.70642195559339
39.9670293772135,-2.72965697803268
39.967040526906,-2.75289200047197
39.9670516765985,-2.77612702291125
39.967062826291,-2.79936204535054
39.9670739759834,-2.82259706778983
39.9670851256759,-2.84583209022912
39.9670962753684,-2.86906711266841
39.9671074250609,-2.89230213510769
39.9671185747534,-2.91553715754698
39.9671297244459,-2.93877217998627
39.9671408741384,-2.96200720242556
39.9671520238308,-2.98524222486485
39.9671631735233,-3.00847724730413
39.9671743232158,-3.03171226974342
39.9671854729083,-3.05494729218271
39.9671966226008,-3.078182314622
39.9672077722933,-3.10141733706128
39.9672189219857,-3.12465235950057
39.9672300716782,-3.14788738193986
39.9672412213707,-3.17112240437915
39.9672523710632,-3.19435742681844
39.9672635207557,-3.21759244925772
39.9672746704482,-3.24082747169701
39.9672858201406,-3.2640624941363
39.9672969698331,-3.28729751657559
39.9673081195256,-3.31053253901487
39.9673192692181,-3.33376756145416
39.9673304189106,-3.35700258389345
39.9673415686031,-3.38023760633274
39.9673527182956,-3.40347262877203
39.967363867988,-3.42670765121131
39.9673750176805,-3.4499426736506
39.967386167373,-3.47317769608989
39.9673973170655,-3.49641271852918
39.967408466758,-3.51964774096847
39.9674196164505,-3.54288276340775
39.9674307661429,-3.56611778584704
39.9674419158354,-3.58935280828633
39.9674530655279,-3.61258783072562
39.9674642152204,-3.63582285316491
39.9674753649129,-3.65905787560419
39.9674865146054,-3.68229289804348
39.9674976642978,-3.70552792048277
39.9675088139903,-3.72876294292206
39.9675199636828,-3.75199796536134
39.9675311133753,-3.77523298780063
39.9675422630678,-3.79846801023992
39.9675534127603,-3.82170303267921
39.9675645624527,-3.8449380551185
39.9675757121452,-3.86817307755778
39.9675868618377,-3.89140809999707
39.9675980115302,-3.91464312243636
39.9676091612227,-3.93787814487565
39.9676203109152,-3.96111316731493
39.9676314606077,-3.98434818975422
39.9676426103001,-4.00758321219351
39.9676537599926,-4.0308182346328
39.9676649096851,-4.05405325707209
39.9676760593776,-4.07728827951137
39.9676872090701,-4.10052330195066
39.9676983587626,-4.12375832438995
39.967709508455,-4.14699334682924
39.9677206581475,-4.17022836926852
39.96773180784,-4.19346339170781
39.9677429575325,-4.2166984141471
39.967754107225,-4.23993343658639
39.9677652569175,-4.26316845902567
39.9677764066099,-4.28640348146496
39.9677875563024,-4.30963850390425
39.9677987059949,-4.33287352634354
39.9678098556874,-4.35610854878283
39.9678210053799,-4.37934357122211
39.9678321550724,-4.4025785936614
39.9678433047648,-4.42581361610069
39.9678544544573,-4.44904863853998
39.9678656041498,-4.47228366097927
39.9678767538423,-4.49551868341855
39.9678879035348,-4.51875370585784
39.9678990532273,-4.54198872829713
39.9679102029198,-4.56522375073642
39.9679213526122,-4.5884587731757
39.9679325023047,-4.61169379561499
39.9679436519972,-4.63492881805428
39.9679548016897,-4.65816384049357
39.9679659513822,-4.68139886293286
39.9679771010747,-4.70463388537214
39.9679882507671,-4.72786890781143
39.9679994004596,-4.75110393025072
39.9680105501521,-4.77433895269001
39.9680216998446,-4.79757397512929
39.9680328495371,-4.82080899756858
39.9680439992296,-4.84404402000787
39.968055148922,-4.86727904244716
39.9680662986145,-4.89051406488645
39.968077448307,-4.91374908732573
39.9680885979995,-4.93698410976502
39.968099747692,-4.96021913220431
39.9681108973845,-4.9834541546436
39.968122047077,-5.00668917708288
39.9681331967694,-5.02992419952217
39.9681443464619,-5.05315922196146
39.9681554961544,-5.07639424440075
39.9681666458469,-5.09962926684004
39.9681777955394,-5.12286428927933
39.9681889452319,-5.14609931171861
39.9682000949243,-5.1693343341579
39.9682112446168,-5.19256935659719
39.9682223943093,-5.21580437903647
39.9682335440018,-5.23903940147576
39.9682446936943,-5.26227442391505
39.9682558433868,-5.28550944635434
39.9682669930792,-5.30874446879363
39.9682781427717,-5.33197949123292
39.9682892924642,-5.3552145136722
39.9683004421567,-5.37844953611149
39.9683115918492,-5.40168455855078
39.9683227415417,-5.42491958099006
39.9683338912341,-5.44815460342935
39.9683450409266,-5.47138962586864
39.9683561906191,-5.49462464830793
39.9683673403116,-5.51785967074722
39.9683784900041,-5.54109469318651
39.9683896396966,-5.56432971562579
39.9684007893891,-5.58756473806508
39.9684119390815,-5.61079976050437
39.968423088774,-5.63403478294365
39.9684342384665,-5.65726980538294
39.968445388159,-5.68050482782223
39.9684565378515,-5.70373985026152
39.968467687544,-5.72697487270081
39.9684788372364,-5.7502098951401
39.9684899869289,-5.77344491757938
39.9685011366214,-5.79667994001867
39.9685122863139,-5.81991496245796
39.9685234360064,-5.84314998489725
39.9685345856989,-5.86638500733653
39.9685457353913,-5.88962002977582
39.9685568850838,-5.91285505221511
39.9685680347763,-5.9360900746544
39.9685791844688,-5.95932509709369
39.9685903341613,-5.98256011953297
39.9686014838538,-6.00579514197226
39.9686126335462,-6.02903016441155
39.9686237832387,-6.05226518685084
39.9686349329312,-6.07550020929012
39.9686460826237,-6.09873523172941
39.9686572323162,-6.1219702541687
39.9686683820087,-6.14520527660799
39.9686795317011,-6.16844029904728
39.9686906813936,-6.19167532148656
39.9687018310861,-6.21491034392585
39.9687129807786,-6.23814536636514
39.9687241304711,-6.26138038880443
39.9687352801636,-6.28461541124371
39.968746429856,-6.307850433683
39.9687575795485,-6.33108545612229
39.968768729241,-6.35432047856158
39.9687798789335,-6.37755550100086
39.968791028626,-6.40079052344015
39.9688021783185,-6.42402554587944
39.968813328011,-6.44726056831873
41.2424735679731,-7.81729591549149
41.2556992995978,-7.81785834207539
41.2689250312226,-7.81842076865929
41.2821507628474,-7.81898319524319
41.2953764944721,-7.81954562182709
39.9149582113236,-8.9821199564135
39.8063275465695,-9.02603481843279
39.600643428961,-9.08062748764336
39.5714059509388,-9.08634361516
38.7619494459308,-9.22859648034738
38.5424872069245,-9.30655806593743
38.4750674183013,-9.32345380705283
38.3465123225847,-9.34107548857446
38.0887073851376,-9.39772838748762
37.9739977804002,-9.30812539512053
36.6860233742433,-9.15458091721891
35.9962252227445,-9.15431780513192
35.6892092764015,-9.20006721778458
35.5891831827944,-9.20807803599072
35.4803170959972,-9.21801364514281
35.0610906579225,-9.30277443942776
34.6605340694908,-9.41124215418395
34.5951227580937,-9.43520550504029
34.5542353045976,-9.45100339527416
34.5265825263792,-9.45552877141627
34.3725819860531,-9.44756335889711
33.6445271291164,-9.58142687831967
33.6364410125462,-9.58494720634171
33.4664094742485,-9.63965770166853
33.4108565284438,-9.65724828807438
33.4070823677369,-9.6581605128105
33.2416369276336,-9.68195789634347
33.1276794597301,-9.67857617090274
33.1101996978749,-9.67660440408753
33.1010859130253,-9.6744829447266
33.0075948547694,-9.64097716213685
32.2281903014938,-9.50070776206196
32.0542509727196,-9.47670893048734
31.52682739235,-9.45541682690109
31.407686531513,-9.47243744627418
31.3285638254558,-9.45673529450822
31.2736925810211,-9.43716812038235
30.8877657708889,-9.34125345601149
30.2920747319178,-9.29043416923779
30.25495641228,-9.29095626490686
30.1631799041264,-9.29219521947289
29.7728493316457,-9.27733961214519
29.6610725928503,-9.29346899210128
29.6419393769605,-9.29416502858713
29.6343043554661,-9.29246794699875
29.2672025889617,-9.20425386079888
29.2130275690415,-9.17760564423533
28.6093283689557,-8.99249253100778
28.4958273904509,-8.95496568013962
28.1371557446744,-8.89340162462376
28.1090869199106,-8.88683489386084
27.5064797896065,-8.8742349535048
27.3716215716173,-8.90998315395827
27.269016986748,-8.93758409594592
26.9750891732974,-8.96527161207803
26.8411085780401,-8.99629745391087
26.7905746224428,-8.99251964465639
26.4001820112634,-8.98828581682635
26.2857170109563,-8.98509985835917
26.2151535989337,-8.97664494882527
25.717602213844,-8.94046039364768
25.6884977379854,-8.94371902833846
25.4661898887643,-8.95241081062313
24.617442098477,-9.26595955488916
24.4051216390803,-9.40131391691522
24.2592502673791,-9.52508838494212
24.2344917442619,-9.5415831831787
24.1717305585103,-9.56271393674721
24.1608941694996,-9.56481537671049
24.1550704693901,-9.56326162969401
24.041133165763,-9.50616459004845
24.0377197459993,-9.50437089121342
22.9095379119628,-9.19607682304011
22.723662263714,-9.17860225169301
22.6911257640537,-9.17234255289088
22.6411035973875,-9.1563869011435
22.5096254903041,-9.08855942832237
22.4404387274295,-9.05067970114946
22.3694188690186,-8.99824931090713
22.2902776320916,-8.91040023251308
20.7038036843119,-8.46836193852435
20.6757661296012,-8.47768404596396
20.6417930556212,-8.48663941379176
20.5220480378207,-8.50209984007931
20.4207434920755,-8.49643805707102
20.2397955244544,-8.4544156396584
20.2277468599744,-8.45137205005286
19.4948150635713,-8.33189948121902
19.3838005104291,-8.3491773528544
19.2577947689755,-8.37213247344772
18.9876328142386,-8.4446307389599
18.8598827487614,-8.44658707734806
18.8072891828179,-8.44422061178896
18.7762738251918,-8.44262162413079
18.1853681311259,-8.53882260882679
18.1570092423934,-8.54576113424363
17.2978088290803,-8.86362536382272
17.2134246219921,-8.90173162635112
17.0911033643874,-8.94401310947954
17.0242875561368,-8.95011072646352
17.0118901518828,-8.94801380841494
17.0089727042414,-8.94651835430018
16.984743824937,-8.92736930145244
16.8052105131701,-8.75777807029123
15.0096340176866,-8.54632786627438
14.9660816871233,-8.57030052726023
14.8938882384195,-8.59558251309812
14.8716148071575,-8.5990681341025
14.671869006623,-8.62437979749344
14.6056834757081,-8.63211836007106
14.5985951414148,-8.63125128193314
14.4994675479904,-8.60928209756608
13.514430314544,-8.67380996379655
13.3890351086122,-8.72785678472945
13.1950163411357,-8.80604805401698
13.1138171970185,-8.83559552890998
12.8446526386408,-8.92706187606441
12.8334407941442,-8.93090909310747
12.6139447927136,-8.96169267692007
12.5160995663272,-8.97388530615368
12.3924757812075,-8.99117146389809
12.2718163663261,-9.01677244537073
12.1148438213823,-9.06637511140057
11.7941627986951,-9.16096885280064
11.6036680056877,-9.24553751835991
11.0529635384513,-9.6671560627027
10.9040098914501,-9.77591263807019
10.8967520303922,-9.78093267619994
10.892008893888,-9.78407200061905
10.3495446619329,-10.4099180341764
10.3305006261159,-10.4105449126596
10.2855433139068,-10.4062723973888
10.1247275553354,-10.3844073263233
9.38095617673624,-10.3847877498363
9.0288716337478,-10.5474942280631
8.80619058109095,-10.7257359613202
8.7919773338286,-10.7366360763017
8.78297122128934,-10.7408792183716
8.49763341715195,-10.9176112240302
8.48232647846275,-10.9223508514044
8.35815549324525,-10.9678314655707
8.28057766605579,-10.9947868257522
8.25594652513743,-10.9980743812874
8.16176240703404,-10.98839828539
8.07515636142932,-10.9442480263291
7.02636769145402,-10.8606020581066
6.50674693965075,-11.0987232999039
6.49119263524483,-11.1066351062657
6.34428846351149,-11.1869355611768
6.2119268462978,-11.2612848783756
6.17189846072599,-11.2848866275696
5.9282942774732,-11.4286684141724
5.89162993857831,-11.447400669624
5.76016317725182,-11.5009561956823
5.63470391848506,-11.5485468933158
5.52430768433184,-11.6002035254671
5.48660003774127,-11.6151522309616
5.40100932642357,-11.6480690394469
5.2894083897331,-11.6854843461936
5.18563582996746,-11.7136981317887
5.11258130959102,-11.729186364494
5.08114462905248,-11.7262122601837
5.04463483563997,-11.723307698905
3.99909443457079,-11.5413479176462
3.98410010667715,-11.5426570759196
3.89563018842432,-11.5376568831159
3.85516762384899,-11.5287302370071
3.32935496746072,-11.4847361336991
3.21759079046045,-11.4813307955809
3.07715605142851,-11.4904152996684
3.02707406627991,-11.491571305337
2.94992408447266,-11.4748152321407
2.70030894031342,-11.4368157204269
2.64052190670828,-11.4312851130195
2.5765058843278,-11.4256542013423
2.45977958413977,-11.4124045678095
2.38844709632494,-11.3800852410987
2.34871191630016,-11.3627211706533
2.32451015650275,-11.3513361571547
2.21938331238669,-11.2962038658934
2.10446111194667,-11.2042622562992
2.05326315907269,-11.1548972863417
1.97454703235764,-11.0736366122028
1.91998815565398,-10.9060816798878
1.91253192986745,-10.8833709938702
1.91256134322613,-10.79265175135
1.91240901879802,-10.7709833904514
1.07793656877217,-9.48509476419871
1.07256659488388,-9.48286774806377
0.206089784243444,-9.39623921614829
-0.117319820941384,-9.47550461513443
-0.225154606859013,-9.46824687480531
-0.259266746347893,-9.46724640790425
-0.361269500590861,-9.43470176290558
-0.384437611406578,-9.42697407482253
-0.478771616653507,-9.39050286512141
-0.500353280659349,-9.37512003852643
-0.539867075881007,-9.33888344044007
-0.666992546624237,-9.23961905081089
-0.731341322310871,-9.16146300118639
-0.948256070316034,-8.95316665229354
-1.08044291929541,-8.84905868492772
-1.20130315118195,-8.76169923767003
-1.24697375095942,-8.71742816192812
-1.34021644706411,-8.62313956437992
-2.19109096112782,-8.25258396065259
-2.22515318587406,-8.24858229963527
-2.27724219143292,-8.23534452010651
-2.36748211013643,-8.20483865475031
-2.44002270356456,-8.16237643529316
-2.60100856904663,-8.08461537888171
-2.62855363310081,-8.06893525677649
-2.83496413298393,-7.94193998279552
-2.93279820804304,-7.89763155161402
-3.03930584851921,-7.84012312439833
-3.09111308576108,-7.8034413366656
-3.32630187955218,-7.65350384827877
-3.40516513325286,-7.60963584148402
-3.53710190748453,-7.54200341703525
-4.24728025299168,-7.22271588672144
-4.27010872663279,-7.20920444015437
-4.35668422021204,-7.16270718112893
-4.50280928341027,-7.09837185408246
-4.60509758076841,-6.97563218946338
-4.67852277509917,-6.90277312902829
-5.20926824997707,-6.33032111564673
-5.2194355600757,-6.3218851161617
-5.24382743943412,-6.29749468744728
-5.32381796573988,-6.22000441282502
-5.3639015730902,-6.16374825127639
-5.38193790630468,-6.10925810293066
-5.43777993913236,-5.96128208876932
-5.96257267918521,-5.35446906845273
-6.39944802684701,-5.13643425420352
-6.44598872481157,-5.12273115275932
-6.58746853446272,-5.0706439364077
-6.6264670418238,-5.05894600022677
-6.85489976761029,-4.99533532373321
-6.90328887605764,-4.98102201206583
-6.95585844704558,-4.95964890991455
-7.26328750203274,-4.78676710882048
-7.7012671945737,-4.67029985349248
-7.71526870090111,-4.66595229835403
-7.71958033971039,-4.66234347085105
-7.7575715542169,-4.54945366517867
-7.76016064009343,-4.49692108069709
-7.80520317788263,-4.05226607658481
-7.80332536526954,-4.01430104596391
-7.80914402886355,-3.50091663732754
-7.80856335223427,-3.46856063727381
-7.79605429988366,-3.32214655204017
-7.76284147974641,-3.1050066535879
-7.90882073068567,-2.02856865661376
-7.95345884874039,-1.93909541174828
-8.18052099082823,-1.51989369416043
-8.22269481627433,-1.46920421278323
-8.25708195216024,-1.40904230234698
-8.27087814354153,-1.37637267924177
-8.35071523435224,-1.2047924914117
-8.42683498683187,-1.0343974965553
-8.43261994432241,-1.01645420523312
-8.46179109587639,-0.876147657311154
-8.61882366112903,-0.0661289806634056
-8.63721242881579,-0.0329820036000975
-8.64629000409061,-0.00434788297170683
-8.67010442999782,0.0914647758577581
-8.67065128332845,0.210010055450326
-8.66938986789848,0.228792044664809
-8.59452547742946,0.854274018793716
-8.5762987125913,1.26703383350832
-8.577614904965,1.28731349338344
-8.56319938689244,1.401448001777
-8.52350133826687,1.50923203339447
-8.43941098538539,2.09935163780137
-8.43468489925391,2.18317232672036
-8.42978439215138,2.19982024475092
-8.39289745029221,2.32648953575966
-8.19530158187974,3.39807390193333
-8.21647526085473,3.49257228220263
-8.23636541464104,3.62829414277688
-8.43756076085963,4.22491871082245
-8.45351237472288,4.25420585864678
-8.49817979161477,4.44480337239412
-8.5075534873984,4.47772890453897
-8.5128528324206,4.61340301728325
-8.52525059175283,4.72839840076272
-8.51336001278675,4.77830420293663
-8.47209919947727,4.86229397742833
-8.39979882953634,5.01564959685246
-8.37674479671297,5.06685297252169
-8.14807759299695,5.72496771631545
-8.14175929196617,5.90807093205882
-8.14004869708848,6.03746537557794
-8.131025686785,6.1045452178901
-8.11762692766144,6.25511433888097
-8.09104604171037,6.32642700271919
-8.01546573103395,6.48866924220651
-7.9721980167306,6.54699439397652
-7.84810297606126,6.64980918877575
-7.2377640781199,7.57201416649258
-7.21980461640628,7.68846733197153
-7.18647154110896,8.00973189090747
-7.18727135447174,8.09309021769918
-7.18521592099043,8.18393820608509
-7.14672106915439,8.2661860816969
-6.88652485349352,9.06656547590299
-6.87401251639661,9.14984290154142
-6.79772559264149,9.31464633272511
-6.7744079151601,9.35512278175354
-6.52195970452773,9.55020218832119
-6.40630583099271,9.63800963114165
-6.38039853419674,9.65539346392458
-6.27401464239416,9.69847364114392
-6.18291300889896,9.71949417284576
-6.06110036185257,9.75366132286897
-5.89294826696995,9.8078445685229
-5.83594380519669,9.80781337092247
-5.52305238139755,9.84850374676583
-5.43857667910476,9.86134180040925
-4.46168457416871,10.2539488459674
-4.34070456212864,10.3656882325967
-4.31590321330995,10.3884435553659
-4.26029904898649,10.4384947662117
-4.19159210964698,10.4887652549437
-3.94185825359719,10.515122721517
-3.91320773830048,10.5007193102944
-3.87450464098472,10.4751931951778
-3.4827531243997,10.1576575072935
-2.54385312202795,10.0065781440002
-2.50387721827708,10.0152184318797
-2.29913411776149,10.0196911250109
-2.28210181307232,10.0202911574622
-2.15057779691659,9.99908104720235
-2.09220104397824,9.97397864545963
-1.99000136437623,9.92548478213434
-1.66138609498234,9.80870450514454
-1.62159698942874,9.79639755593293
-1.57670208432895,9.77871788489993
-1.51388934930353,9.74762280460575
-1.50197547820919,9.73992419148989
-1.43884565888596,9.67947463341288
-1.40694593159256,9.64676455288263
-1.29150681105137,9.4724344034809
-1.26212216049334,9.43098771228652
-1.11933472041048,9.22273437664156
-1.02674585320945,9.09996900959442
-0.996828016860078,9.06121795502538
-0.917401641258992,8.96859969100722
-0.79259052035746,8.79950580296468
-0.744032695293566,8.73933697491624
-0.520627138681059,8.51655807182501
-0.464061455696213,8.47322969300406
-0.199663692717215,8.31745545579988
0.232883297167306,8.2089053378989
0.539030571186194,8.21960528640844
0.56654045535169,8.22347818110966
0.576211846653609,8.22405305835705
0.65396585079905,8.21744346097897
0.73721831636495,8.21494043416988
0.847327495972564,8.20127988292325
1.05454441041319,8.18574531873016
1.07164399298544,8.1831180824539
1.10666807815341,8.17473045863988
1.29014050636661,8.13208416142942
1.46308173497847,8.10317347288255
1.54136640841911,8.08531964165824
1.80259180130184,8.0354858749344
1.81090247030624,8.0338763893768
1.93599588436648,8.00349187104628
2.03945544560166,7.98466715927992
2.20190551688578,7.96119295385239
2.28349466372939,7.94332659237469
2.32949640915533,7.93366524890079
2.55870089247907,7.89714286191468
2.56167849511703,7.89583280341619
3.05876444717293,7.69038952313319
3.32425074012855,7.60311016191207
3.35163382232733,7.59672370757341
3.41823646910771,7.5814876835638
3.58191127055359,7.52567122474647
3.65112597822401,7.50554548217147
3.70640391558735,7.48890501995295
3.90045671964057,7.43540509823654
5.13155992375548,7.81854910678373
5.20091820803078,7.88111754164543
5.2411514618464,7.88744004339531
5.33643981307461,7.89785999356198
5.47974987109234,7.90633149240421
5.53512019167961,7.91048881928028
5.61370825804597,7.90436592731697
5.76323450177592,7.87883086647957
5.86820550295461,7.86831444741663
5.92232810123596,7.84925783628576
5.97774305421678,7.82834655438104
6.58283686278918,7.68035537182746
7.15703454855816,7.80960150181939
7.17517625161183,7.81802184260327
7.28059696917048,7.85923779174953
7.30135321538681,7.86250045546163
7.43484984308481,7.88227484238446
7.65087307402285,7.85975203992243
7.85741220384398,7.85648026870207
8.25539319521769,7.93384035094074
8.27842874892765,7.94052406187264
9.13894129130776,8.45104868479205
9.17020881505281,8.48408668320654
9.2463481578069,8.56101203490777
9.34328078119052,8.62298403819916
9.36044119890998,8.63395188641995
9.67527526592386,8.86608897279542
9.70221645196313,8.8886112553047
9.78446207489787,8.94311587708961
9.88325424978287,9.01792442133783
9.94110481544659,9.02883959343481
10.0622448507796,9.02220557624907
10.1780650891794,8.99258935757244
11.3752715906307,9.20239895918754
11.4272112967543,9.23417406783452
11.5005654467305,9.2617139172917
12.0810868132953,9.54532489280024
12.2241563979701,9.61373759398068
12.2965398450123,9.62165833891871
13.1827380326988,9.83753162796377
13.2397768730537,9.86438968607562
13.2703943909925,9.86656611565893
13.878031124303,9.9710732722199
13.9212784925113,9.98361664488881
14.7227656290499,10.3184254603427
14.7960144349016,10.3789187277263
14.8399111380934,10.4104131962856
14.9961775244158,10.4937072873188
15.0381942112495,10.513820403207
15.0824298269689,10.5262403154741
15.1746241740532,10.5550082043207
15.1856306997343,10.5575428872454
15.1934751019019,10.5579996127843
15.481878040876,10.5773274169729
15.5183203433535,10.5733369905423
15.7871224767762,10.5465320729603
15.8661487192503,10.5489816443238
16.146638384578,10.5729514974015
16.2245952822943,10.5882588066293
16.4369722185165,10.6293283178741
16.5858697645672,10.667089035399
16.7023597333579,10.6782173325283
16.8663355994056,10.7057795499941
16.8839442284642,10.7087023874149
16.8941072844672,10.7084858778762
17.059419598424,10.6979290377101
17.1575345633371,10.6956511375776
17.8965943924933,10.8987653626526
17.9004105566341,10.8990476819234
18.0105717141509,10.9023948514316
18.1479276971046,10.8978546715722
18.672609992979,10.9840556090554
19.0838733869654,11.1717115884561
19.2812090037845,11.2868661683178
19.3650836485344,11.3491819384061
19.3987440051771,11.3718331169266
19.4907019990094,11.4076177672274
19.5850596427443,11.4101077780608
19.6477861234102,11.4122127250866
20.0464604629508,11.4704664861059
20.8309332429357,12.0196653411796
20.8880334843825,12.0901197997367
20.9169612888193,12.1145974928917
20.942960507475,12.1310586938125
20.9651877627818,12.134369559577
20.9866207126234,12.1325678512728
21.0812749879215,12.1181472504374
21.4218147808573,12.0897968678184
21.5155127041919,12.0971064322176
21.740688163629,12.111258040174
21.7454751646325,12.1103997956248
21.7600122754255,12.1075427364156
21.890886461912,12.0744943213017
22.1177744995122,12.0409093175988
22.2576362204005,12.0206188875666
22.3698318031611,11.9972627529422
22.5842921642998,11.9635414428881
22.6930514341438,11.9566455302416
22.7193936874993,11.9535053164294
22.7762952473286,11.9480138723408
22.9437168378169,11.9268757538856
23.0020409377028,11.9193305809099
23.0545561147219,11.9141933665411
23.234460998053,11.9015429687778
23.3649500043534,11.9063942341119
23.8392617485406,12.039194565012
23.8615762710503,12.0489240194941
23.8822386922093,12.0503109075715
24.2784318674225,12.1198417155616
24.3696328991824,12.1474223084902
24.3856370696966,12.1497583607683
25.0246033974922,12.1979055323774
25.0583621040404,12.2051478625863
25.1543709180752,12.2178855058923
25.4021066311651,12.2493144907795
25.4067218559055,12.2503595100357
25.4113370806459,12.2514045292918
25.4159523053863,12.2524495485479
25.4205675301267,12.253494567804
25.4251827548671,12.2545395870601
25.4297979796075,12.2555846063162
25.4344132043479,12.2566296255724
25.4390284290883,12.2576746448285
25.4436436538287,12.2587196640846
25.4482588785691,12.2597646833407
25.4528741033095,12.2608097025968
25.4574893280499,12.2618547218529
25.4621045527903,12.2628997411091
25.4667197775307,12.2639447603652
25.4713350022711,12.2649897796213
25.4759502270114,12.2660347988774
25.4805654517519,12.2670798181335
25.4851806764922,12.2681248373896
25.4897959012326,12.2691698566458
25.494411125973,12.2702148759019
25.4990263507134,12.271259895158
25.5036415754538,12.2723049144141
25.5082568001942,12.2733499336702
25.5128720249346,12.2743949529263
25.517487249675,12.2754399721825
25.5221024744154,12.2764849914386
25.5267176991558,12.2775300106947
25.5313329238962,12.2785750299508
25.5359481486366,12.2796200492069
25.540563373377,12.280665068463
25.5451785981174,12.2817100877192
25.5497938228578,12.2827551069753
25.5544090475982,12.2838001262314
25.5590242723386,12.2848451454875
25.563639497079,12.2858901647436
25.5682547218194,12.2869351839997
25.5728699465598,12.2879802032559
25.5774851713002,12.289025222512
25.5821003960406,12.2900702417681
25.586715620781,12.2911152610242
25.5913308455214,12.2921602802803
25.5959460702618,12.2932052995364
25.7045184727149,12.3227193723321
25.7761812671177,12.3444651592013
25.8390056325218,12.3601889720282
26.0113162968977,12.387257032587
26.0159315216381,12.3883020518431
26.0205467463785,12.3893470710992
26.0251619711189,12.3903920903553
26.0297771958593,12.3914371096114
26.0343924205997,12.3924821288675
26.0390076453401,12.3935271481237
26.0436228700805,12.3945721673798
26.0482380948209,12.3956171866359
26.0528533195613,12.396662205892
26.0574685443017,12.3977072251481
26.0620837690421,12.3987522444042
26.0666989937825,12.3997972636604
26.0713142185229,12.4008422829165
26.0759294432633,12.4018873021726
26.0805446680037,12.4029323214287
26.0851598927441,12.4039773406848
26.0897751174845,12.4050223599409
26.0943903422249,12.4060673791971
26.0990055669653,12.4071123984532
26.1036207917057,12.4081574177093
26.1082360164461,12.4092024369654
26.1128512411865,12.4102474562215
26.1174664659269,12.4112924754776
26.1220816906673,12.4123374947338
26.1266969154077,12.4133825139899
26.1313121401481,12.414427533246
26.1359273648885,12.4154725525021
26.5581904514935,12.5924686027458
26.5979554411701,12.5994911700884
26.6392430133576,12.604926790614
26.8291443658701,12.6321810195832
27.3398844646141,12.7902916848117
27.5419840763223,12.8864588304623
27.5618696600785,12.8945986642069
28.0367641266226,12.9628700592364
28.132247267053,12.9863830914147
28.2067244755835,12.9923446809866
28.6113624669604,13.0775174577743
29.3143198904566,13.3937105645326
29.3623202825718,13.4159440599974
29.4789296779746,13.4234586934257
30.0976956181326,13.6416263417826
30.1383809558765,13.6447481281518
30.8842125652814,13.7400270315909
31.0292731374114,13.7582741667465
31.0974156706441,13.7655398058037
31.1152465817376,13.7628111484051
32.0702003692216,13.944793601248
32.0756380044747,13.946558954689
32.1891937082389,13.9708838041318
32.414401276741,13.95380071484
32.4203002560884,13.9517878924515
33.2330086215424,13.8392551667661
33.2384096454015,13.8402455455118
33.2438106692606,13.8412359242575
33.2492116931197,13.8422263030032
33.2546127169788,13.843216681749
33.2600137408379,13.8442070604947
33.2654147646971,13.8451974392404
33.2708157885562,13.8461878179861
33.2762168124153,13.8471781967318
33.2816178362744,13.8481685754776
33.2870188601335,13.8491589542233
33.2924198839926,13.850149332969
33.2978209078518,13.8511397117147
33.3032219317109,13.8521300904605
33.30862295557,13.8531204692062
33.3140239794291,13.8541108479519
33.3194250032882,13.8551012266976
33.3248260271473,13.8560916054433
33.3302270510065,13.8570819841891
33.3356280748656,13.8580723629348
33.3410290987247,13.8590627416805
33.3464301225838,13.8600531204262
33.3518311464429,13.861043499172
33.357232170302,13.8620338779177
33.3626331941611,13.8630242566634
33.3680342180203,13.8640146354091
33.3734352418794,13.8650050141548
33.3788362657385,13.8659953929006
33.3842372895976,13.8669857716463
33.3896383134567,13.867976150392
33.3950393373158,13.8689665291377
33.400440361175,13.8699569078835
33.4058413850341,13.8709472866292
33.4112424088932,13.8719376653749
33.4166434327523,13.8729280441206
33.4220444566114,13.8739184228663
33.4274454804705,13.8749088016121
33.4328465043297,13.8758991803578
33.4382475281888,13.8768895591035
33.4436485520479,13.8778799378492
33.449049575907,13.8788703165949
33.4544505997661,13.8798606953407
33.4598516236252,13.8808510740864
33.4652526474843,13.8818414528321
33.4706536713435,13.8828318315778
33.4760546952026,13.8838222103236
33.4814557190617,13.8848125890693
33.4868567429208,13.885802967815
33.4922577667799,13.8867933465607
33.497658790639,13.8877837253064
33.5030598144982,13.8887741040522
33.5084608383573,13.8897644827979
33.5138618622164,13.8907548615436
33.5192628860755,13.8917452402893
33.5246639099346,13.8927356190351
33.5300649337937,13.8937259977808
33.5354659576529,13.8947163765265
33.540866981512,13.8957067552722
33.5462680053711,13.8966971340179
33.549129258618,13.8971982317635
33.551990511865,13.897699329509
33.5548517651119,13.8982004272545
33.5577130183589,13.8987015250001
33.5605742716059,13.8992026227456
33.5634355248528,13.8997037204911
33.5662967780998,13.9002048182366
33.5691580313467,13.9007059159822
33.5720192845937,13.9012070137277
33.5748805378406,13.9017081114732
33.5777417910876,13.9022092092188
33.5806030443345,13.9027103069643
33.5834642975815,13.9032114047098
33.5863255508284,13.9037125024554
33.5891868040754,13.9042136002009
33.5920480573223,13.9047146979464
33.5949093105693,13.9052157956919
33.5977705638162,13.9057168934375
33.6006318170632,13.906217991183
33.6034930703102,13.9067190889285
33.6063543235571,13.9072201866741
33.6092155768041,13.9077212844196
33.612076830051,13.9082223821651
33.614938083298,13.9087234799107
33.6177993365449,13.9092245776562
33.6206605897919,13.9097256754017
33.6235218430388,13.9102267731472
33.6263830962858,13.9107278708928
33.6292443495327,13.9112289686383
33.6321056027797,13.9117300663838
33.6349668560266,13.9122311641294
33.6378281092736,13.9127322618749
33.6406893625205,13.9132333596204
33.6435506157675,13.9137344573659
33.6464118690145,13.9142355551115
33.6492731222614,13.914736652857
33.6521343755084,13.9152377506025
33.6549956287553,13.9157388483481
33.6578568820023,13.9162399460936
33.6607181352492,13.9167410438391
33.6635793884962,13.9172421415847
33.6664406417431,13.9177432393302
33.6693018949901,13.9182443370757
33.672163148237,13.9187454348212
33.675024401484,13.9192465325668
33.6778856547309,13.9197476303123
33.6807469079779,13.9202487280578
33.6836081612248,13.9207498258034
33.6864694144718,13.9212509235489
33.6893306677188,13.9217520212944
33.6921919209657,13.92225311904
33.6950531742127,13.9227542167855
33.6979144274596,13.923255314531
33.7007756807066,13.9237564122765
33.7036369339535,13.9242575100221
33.7064981872005,13.9247586077676
33.7093594404474,13.9252597055131
33.7122206936944,13.9257608032587
33.7150819469413,13.9262619010042
33.7179432001883,13.9267629987497
33.7208044534352,13.9272640964952
33.7236657066822,13.9277651942408
33.7265269599292,13.9282662919863
33.7293882131761,13.9287673897318
33.7322494664231,13.9292684874774
33.73511071967,13.9297695852229
33.737971972917,13.9302706829684
33.7408332261639,13.930771780714
33.7436944794109,13.9312728784595
33.7465557326578,13.931773976205
33.7494169859048,13.9322750739505
33.7522782391517,13.9327761716961
33.7551394923987,13.9332772694416
33.7580007456456,13.9337783671871
33.7608619988926,13.9342794649327
33.7637232521395,13.9347805626782
33.7665845053865,13.9352816604237
33.7694457586335,13.9357827581692
33.7723070118804,13.9362838559148
33.7751682651274,13.9367849536603
33.7780295183743,13.9372860514058
33.7808907716213,13.9377871491514
33.7837520248682,13.9382882468969
33.7866132781152,13.9387893446424
33.7894745313621,13.939290442388
33.7923357846091,13.9397915401335
33.795197037856,13.940292637879
33.798058291103,13.9407937356245
33.8009195443499,13.9412948333701
33.8037807975969,13.9417959311156
33.8066420508438,13.9422970288611
33.8095033040908,13.9427981266067
33.8123645573378,13.9432992243522
33.8152258105847,13.9438003220977
33.8180870638317,13.9443014198432
33.8209483170786,13.9448025175888
33.8238095703256,13.9453036153343
33.8266708235725,13.9458047130798
33.8295320768195,13.9463058108254
33.8323933300664,13.9468069085709
33.8352545833134,13.9473080063164
33.8381158365603,13.947809104062
33.8409770898073,13.9483102018075
33.8438383430542,13.948811299553
33.8466995963012,13.9493123972985
33.8495608495481,13.9498134950441
33.8524221027951,13.9503145927896
33.8552833560421,13.9508156905351
33.858144609289,13.9513167882807
33.861005862536,13.9518178860262
33.8638671157829,13.9523189837717
33.8667283690299,13.9528200815173
33.8695896222768,13.9533211792628
33.8724508755238,13.9538222770083
33.8753121287707,13.9543233747538
33.8781733820177,13.9548244724994
33.8810346352646,13.9553255702449
33.8838958885116,13.9558266679904
33.8867571417585,13.956327765736
33.8896183950055,13.9568288634815
33.8924796482524,13.957329961227
33.8953409014994,13.9578310589725
33.8982021547464,13.9583321567181
33.9010634079933,13.9588332544636
33.9039246612403,13.9593343522091
33.9067859144872,13.9598354499547
33.9096471677342,13.9603365477002
33.9125084209811,13.9608376454457
33.9153696742281,13.9613387431913
33.918230927475,13.9618398409368
33.921092180722,13.9623409386823
33.9239534339689,13.9628420364278
33.9268146872159,13.9633431341734
33.9296759404628,13.9638442319189
33.9325371937098,13.9643453296644
33.9353984469567,13.96484642741
33.9382597002037,13.9653475251555
33.9411209534506,13.965848622901
33.9439822066976,13.9663497206465
33.9468434599446,13.9668508183921
33.9497047131915,13.9673519161376
33.9525659664385,13.9678530138831
33.9554272196854,13.9683541116287
33.9582884729324,13.9688552093742
33.9611497261793,13.9693563071197
33.9640109794263,13.9698574048653
33.9668722326732,13.9703585026108
33.9697334859202,13.9708596003563
33.9725947391671,13.9713606981018
33.9754559924141,13.9718617958474
33.978317245661,13.9723628935929
33.981178498908,13.9728639913384
33.9840397521549,13.973365089084
33.9869010054019,13.9738661868295
33.9897622586489,13.974367284575
33.9926235118958,13.9748683823206
33.9954847651428,13.9753694800661
33.9983460183897,13.9758705778116
34.0012072716367,13.9763716755571
34.0040685248836,13.9768727733027
34.0069297781306,13.9773738710482
34.0097910313775,13.9778749687937
34.0126522846245,13.9783760665393
34.0155135378714,13.9788771642848
34.0183747911184,13.9793782620303
34.0212360443653,13.9798793597758
34.0240972976123,13.9803804575214
34.0269585508592,13.9808815552669
34.0298198041062,13.9813826530124
34.0326810573532,13.981883750758
34.0355423106001,13.9823848485035
34.0384035638471,13.982885946249
34.041264817094,13.9833870439946
34.044126070341,13.9838881417401
34.0469873235879,13.9843892394856
34.0498485768349,13.9848903372311
34.0527098300818,13.9853914349767
34.0555710833288,13.9858925327222
34.0584323365757,13.9863936304677
34.0612935898227,13.9868947282133
34.0641548430696,13.9873958259588
34.0670160963166,13.9878969237043
34.0698773495635,13.9883980214499
34.0727386028105,13.9888991191954
34.0755998560575,13.9894002169409
34.0784611093044,13.9899013146864
34.0813223625514,13.990402412432
34.0841836157983,13.9909035101775
34.0870448690453,13.991404607923
34.0899061222922,13.9919057056686
34.0927673755392,13.9924068034141
34.0956286287861,13.9929079011596
34.0984898820331,13.9934089989051
34.10135113528,13.9939100966507
34.104212388527,13.9944111943962
34.1070736417739,13.9949122921417
34.1099348950209,13.9954133898873
34.1127961482678,13.9959144876328
34.1156574015148,13.9964155853783
34.1214499327849,13.9974300444666
34.127242464055,13.998444503555
34.1330349953251,13.9994589626433
34.1388275265953,14.0004734217316
34.1446200578654,14.0014878808199
34.1504125891355,14.0025023399083
34.1562051204056,14.0035167989966
34.1619976516757,14.0045312580849
34.1677901829458,14.0055457171732
34.1735827142159,14.0065601762615
34.1793752454861,14.0075746353499
34.1851677767562,14.0085890944382
34.1909603080263,14.0096035535265
34.1967528392964,14.0106180126148
34.2025453705665,14.0116324717032
34.2083379018366,14.0126469307915
34.2141304331067,14.0136613898798
34.2199229643769,14.0146758489681
34.225715495647,14.0156903080564
34.2315080269171,14.0167047671448
34.2373005581872,14.0177192262331
34.2430930894573,14.0187336853214
34.2488856207274,14.0197481444097
34.2546781519975,14.0207626034981
34.2604706832677,14.0217770625864
34.2662632145378,14.0227915216747
34.2720557458079,14.023805980763
34.277848277078,14.0248204398513
34.2836408083481,14.0258348989397
34.2894333396182,14.026849358028
34.2952258708884,14.0278638171163
34.3010184021585,14.0288782762046
34.3068109334286,14.029892735293
34.3126034646987,14.0309071943813
34.3183959959688,14.0319216534696
34.3241885272389,14.0329361125579
34.329981058509,14.0339505716462
34.3357735897792,14.0349650307346
34.3415661210493,14.0359794898229
34.3473586523194,14.0369939489112
34.3531511835895,14.0380084079995
34.3589437148596,14.0390228670879
34.3647362461297,14.0400373261762
34.3705287773998,14.0410517852645
34.37632130867,14.0420662443528
34.3821138399401,14.0430807034412
34.3879063712102,14.0440951625295
34.3936989024803,14.0451096216178
34.3994914337504,14.0461240807061
34.4052839650205,14.0471385397944
34.4110764962906,14.0481529988828
34.4168690275608,14.0491674579711
34.4226615588309,14.0501819170594
34.428454090101,14.0511963761477
34.4342466213711,14.052210835236
34.4400391526412,14.0532252943244
34.4458316839113,14.0542397534127
34.4516242151814,14.055254212501
34.4574167464516,14.0562686715893
34.4632092777217,14.0572831306777
34.4690018089918,14.058297589766
34.4747943402619,14.0593120488543
34.480586871532,14.0603265079426
34.4863794028021,14.061340967031
34.4921719340722,14.0623554261193
34.4979644653424,14.0633698852076
34.5037569966125,14.0643843442959
34.5095495278826,14.0653988033842
34.5153420591527,14.0664132624726
34.5211345904228,14.0674277215609
34.5269271216929,14.0684421806492
34.532719652963,14.0694566397375
34.5385121842332,14.0704710988259
34.5443047155033,14.0714855579142
34.5500972467734,14.0725000170025
34.5558897780435,14.0735144760908
34.5616823093136,14.0745289351791
34.5674748405837,14.0755433942675
34.5732673718538,14.0765578533558
34.579059903124,14.0775723124441
34.5848524343941,14.0785867715324
34.5906449656642,14.0796012306208
34.5964374969343,14.0806156897091
34.6022300282044,14.0816301487974
34.6080225594745,14.0826446078857
34.6138150907446,14.083659066974
34.6196076220148,14.0846735260624
34.6254001532849,14.0856879851507
34.631192684555,14.086702444239
34.6369852158251,14.0877169033273
34.6427777470952,14.0887313624157
34.6485702783653,14.089745821504
34.6543628096354,14.0907602805923
34.6601553409056,14.0917747396806
34.6659478721757,14.0927891987689
34.6717404034458,14.0938036578573
34.6775329347159,14.0948181169456
34.683325465986,14.0958325760339
34.6891179972561,14.0968470351222
34.6949105285262,14.0978614942106
34.7007030597964,14.0988759532989
34.7064955910665,14.0998904123872
34.7122881223366,14.1009048714755
34.7180806536067,14.1019193305638
34.7238731848768,14.1029337896522
34.7296657161469,14.1039482487405
34.735458247417,14.1049627078288
34.7412507786872,14.1059771669171
34.7470433099573,14.1069916260055
34.7528358412274,14.1080060850938
34.7586283724975,14.1090205441821
34.7644209037676,14.1100350032704
34.7702134350377,14.1110494623587
34.7760059663078,14.1120639214471
34.781798497578,14.1130783805354
34.7875910288481,14.1140928396237
34.7933835601182,14.115107298712
34.7991760913883,14.1161217578004
34.8049686226584,14.1171362168887
34.8107611539285,14.118150675977
34.8165536851986,14.1191651350653
34.8223462164688,14.1201795941536
34.8281387477389,14.121194053242
34.833931279009,14.1222085123303
34.8397238102791,14.1232229714186
34.8455163415492,14.1242374305069
34.8513088728193,14.1252518895953
34.8571014040894,14.1262663486836
34.8628939353596,14.1272808077719
34.8686864666297,14.1282952668602
34.8744789978998,14.1293097259486
34.8802715291699,14.1303241850369
34.88606406044,14.1313386441252
34.8918565917101,14.1323531032135
34.8976491229802,14.1333675623018
34.9034416542504,14.1343820213902
34.9092341855205,14.1353964804785
34.9150267167906,14.1364109395668
34.9208192480607,14.1374253986551
34.9266117793308,14.1384398577434
34.9324043106009,14.1394543168318
34.9381968418711,14.1404687759201
34.9439893731412,14.1414832350084
34.9497819044113,14.1424976940967
34.9555744356814,14.1435121531851
34.9613669669515,14.1445266122734
34.9671594982216,14.1455410713617
34.9729520294917,14.14655553045
34.9787445607619,14.1475699895384
34.984537092032,14.1485844486267
34.9903296233021,14.149598907715
34.9961221545722,14.1506133668033
35.0019146858423,14.1516278258916
35.0077072171124,14.15264228498
35.0134997483825,14.1536567440683
35.0192922796527,14.1546712031566
35.0250848109228,14.1556856622449
35.0308773421929,14.1567001213332
35.036669873463,14.1577145804216
35.0424624047331,14.1587290395099
35.0482549360032,14.1597434985982
35.0540474672733,14.1607579576865
35.0598399985435,14.1617724167749
35.0656325298136,14.1627868758632
35.0714250610837,14.1638013349515
35.0772175923538,14.1648157940398
35.0830101236239,14.1658302531282
35.088802654894,14.1668447122165
35.0945951861641,14.1678591713048
35.1003877174343,14.1688736303931
35.1061802487044,14.1698880894814
35.1119727799745,14.1709025485698
35.1177653112446,14.1719170076581
35.1235578425147,14.1729314667464
35.1293503737848,14.1739459258347
35.1351429050549,14.1749603849231
35.1409354363251,14.1759748440114
35.1467279675952,14.1769893030997
35.1525204988653,14.178003762188
35.1583130301354,14.1790182212763
35.1641055614055,14.1800326803647
35.1698980926756,14.181047139453
35.1756906239457,14.1820615985413
35.1814831552159,14.1830760576296
35.187275686486,14.184090516718
35.1930682177561,14.1851049758063
35.1988607490262,14.1861194348946
35.2046532802963,14.1871338939829
35.2104458115664,14.1881483530712
35.2162383428365,14.1891628121596
35.2220308741067,14.1901772712479
35.2278234053768,14.1911917303362
35.2336159366469,14.1922061894245
35.239408467917,14.1932206485129
35.2452009991871,14.1942351076012
35.2509935304572,14.1952495666895
35.2567860617273,14.1962640257778
35.2625785929975,14.1972784848661
35.2683711242676,14.1982929439545
35.2717127463901,14.1988491446863
35.2750543685127,14.1994053454181
35.2783959906353,14.1999615461498
35.2817376127579,14.2005177468816
35.2850792348804,14.2010739476134
35.288420857003,14.2016301483452
35.2917624791256,14.202186349077
35.2951041012481,14.2027425498088
35.2984457233707,14.2032987505406
35.3017873454933,14.2038549512724
35.3051289676159,14.2044111520042
35.3084705897384,14.204967352736
35.311812211861,14.2055235534678
35.3151538339836,14.2060797541996
35.3184954561061,14.2066359549314
35.3218370782287,14.2071921556632
35.3251787003513,14.2077483563949
35.3285203224738,14.2083045571267
35.3318619445964,14.2088607578585
35.335203566719,14.2094169585903
35.3385451888416,14.2099731593221
35.3418868109641,14.2105293600539
35.3452284330867,14.2110855607857
35.3485700552093,14.2116417615175
35.3519116773318,14.2121979622493
35.3552532994544,14.2127541629811
35.358594921577,14.2133103637129
35.3619365436996,14.2138665644447
35.3652781658221,14.2144227651765
35.3686197879447,14.2149789659083
35.3719614100673,14.21553516664
35.3753030321898,14.2160913673718
35.3786446543124,14.2166475681036
35.381986276435,14.2172037688354
35.3853278985575,14.2177599695672
35.3886695206801,14.218316170299
35.3920111428027,14.2188723710308
35.3953527649253,14.2194285717626
35.3986943870478,14.2199847724944
35.4020360091704,14.2205409732262
35.405377631293,14.221097173958
35.4087192534155,14.2216533746898
35.4120608755381,14.2222095754216
35.4154024976607,14.2227657761534
35.4187441197833,14.2233219768851
35.4220857419058,14.2238781776169
35.4254273640284,14.2244343783487
35.428768986151,14.2249905790805
35.4321106082735,14.2255467798123
35.4354522303961,14.2261029805441
35.4387938525187,14.2266591812759
35.4421354746413,14.2272153820077
35.4454770967638,14.2277715827395
35.4488187188864,14.2283277834713
35.452160341009,14.2288839842031
35.4555019631315,14.2294401849349
35.4588435852541,14.2299963856667
35.4621852073767,14.2305525863985
35.4655268294992,14.2311087871302
35.4688684516218,14.231664987862
35.4722100737444,14.2322211885938
35.475551695867,14.2327773893256
35.4788933179895,14.2333335900574
35.4822349401121,14.2338897907892
35.4855765622347,14.234445991521
35.4889181843572,14.2350021922528
35.4922598064798,14.2355583929846
35.4956014286024,14.2361145937164
35.498943050725,14.2366707944482
35.5022846728475,14.23722699518
35.5056262949701,14.2377831959118
35.5089679170927,14.2383393966436
35.5123095392152,14.2388955973754
35.5156511613378,14.2394517981071
35.5189927834604,14.2400079988389
35.522334405583,14.2405641995707
35.5256760277055,14.2411204003025
35.5290176498281,14.2416766010343
35.5323592719507,14.2422328017661
35.5357008940732,14.2427890024979
35.5390425161958,14.2433452032297
35.5423841383184,14.2439014039615
35.5457257604409,14.2444576046933
35.5490673825635,14.2450138054251
35.5524090046861,14.2455700061569
35.5557506268087,14.2461262068887
35.5590922489312,14.2466824076205
35.5624338710538,14.2472386083522
35.5657754931764,14.247794809084
35.5691171152989,14.2483510098158
35.5724587374215,14.2489072105476
35.5758003595441,14.2494634112794
35.5791419816667,14.2500196120112
35.5824836037892,14.250575812743
35.5858252259118,14.2511320134748
35.5891668480344,14.2516882142066
35.5925084701569,14.2522444149384
35.5958500922795,14.2528006156702
35.5991917144021,14.253356816402
35.6025333365247,14.2539130171338
35.6058749586472,14.2544692178656
35.6092165807698,14.2550254185973
35.6125582028924,14.2555816193291
35.6158998250149,14.2561378200609
35.6192414471375,14.2566940207927
35.6225830692601,14.2572502215245
35.6259246913826,14.2578064222563
35.6292663135052,14.2583626229881
35.6326079356278,14.2589188237199
35.6359495577504,14.2594750244517
35.6392911798729,14.2600312251835
35.6426328019955,14.2605874259153
35.6459744241181,14.2611436266471
35.6493160462406,14.2616998273789
35.6526576683632,14.2622560281107
35.6559992904858,14.2628122288424
35.6593409126084,14.2633684295742
35.6626825347309,14.263924630306
35.6660241568535,14.2644808310378
35.6693657789761,14.2650370317696
35.6727074010986,14.2655932325014
35.6760490232212,14.2661494332332
35.6793906453438,14.266705633965
35.6827322674663,14.2672618346968
35.6860738895889,14.2678180354286
35.6894155117115,14.2683742361604
35.6927571338341,14.2689304368922
35.6960987559566,14.269486637624
35.6994403780792,14.2700428383558
35.7027820002018,14.2705990390876
35.7061236223243,14.2711552398193
35.7094652444469,14.2717114405511
35.7128068665695,14.2722676412829
35.7161484886921,14.2728238420147
35.7194901108146,14.2733800427465
35.7228317329372,14.2739362434783
35.7261733550598,14.2744924442101
35.7295149771823,14.2750486449419
35.7328565993049,14.2756048456737
35.7361982214275,14.2761610464055
35.73953984355,14.2767172471373
35.7428814656726,14.2772734478691
35.7462230877952,14.2778296486009
35.7495647099178,14.2783858493327
35.7529063320403,14.2789420500644
35.7562479541629,14.2794982507962
35.7595895762855,14.280054451528
35.762931198408,14.2806106522598
35.7662728205306,14.2811668529916
35.7696144426532,14.2817230537234
35.7729560647758,14.2822792544552
35.7762976868983,14.282835455187
35.7796393090209,14.2833916559188
35.7829809311435,14.2839478566506
35.786322553266,14.2845040573824
35.7896641753886,14.2850602581142
35.7930057975112,14.285616458846
35.7963474196338,14.2861726595778
35.7996890417563,14.2867288603095
35.8030306638789,14.2872850610413
35.8063722860015,14.2878412617731
35.809713908124,14.2883974625049
35.8130555302466,14.2889536632367
35.8163971523692,14.2895098639685
35.8197387744917,14.2900660647003
35.8230803966143,14.2906222654321
35.8264220187369,14.2911784661639
35.8297636408595,14.2917346668957
35.833105262982,14.2922908676275
35.8364468851046,14.2928470683593
35.8397885072272,14.2934032690911
35.8431301293497,14.2939594698229
35.8464717514723,14.2945156705546
35.8498133735949,14.2950718712864
35.8531549957175,14.2956280720182
35.85649661784,14.29618427275
35.8598382399626,14.2967404734818
35.8631798620852,14.2972966742136
35.8665214842077,14.2978528749454
35.8698631063303,14.2984090756772
35.8732047284529,14.298965276409
35.8765463505754,14.2995214771408
35.879887972698,14.3000776778726
35.8832295948206,14.3006338786044
35.8865712169432,14.3011900793362
35.8899128390657,14.301746280068
35.8932544611883,14.3023024807997
35.8965960833109,14.3028586815315
35.8999377054334,14.3034148822633
35.903279327556,14.3039710829951
35.9066209496786,14.3045272837269
35.9099625718012,14.3050834844587
35.9133041939237,14.3056396851905
35.9166458160463,14.3061958859223
35.9199874381689,14.3067520866541
35.9233290602914,14.3073082873859
35.926670682414,14.3078644881177
35.9300123045366,14.3084206888495
35.9333539266592,14.3089768895813
35.9401189519705,14.310102903203
35.9468839772819,14.3112289168248
35.9536490025933,14.3123549304465
35.9604140279047,14.3134809440683
35.967179053216,14.3146069576901
35.9739440785274,14.3157329713118
35.9807091038388,14.3168589849336
35.9874741291502,14.3179849985553
35.9942391544615,14.3191110121771
36.0010041797729,14.3202370257989
36.0077692050843,14.3213630394206
36.0145342303957,14.3224890530424
36.021299255707,14.3236150666641
36.0280642810184,14.3247410802859
36.0348293063298,14.3258670939076
36.0415943316412,14.3269931075294
36.0483593569526,14.3281191211512
36.0551243822639,14.3292451347729
36.0618894075753,14.3303711483947
36.0686544328867,14.3314971620164
36.0754194581981,14.3326231756382
36.0821844835094,14.33374918926
36.0889495088208,14.3348752028817
36.0957145341322,14.3360012165035
36.1024795594436,14.3371272301252
36.1092445847549,14.338253243747
36.1160096100663,14.3393792573688
36.1227746353777,14.3405052709905
36.1295396606891,14.3416312846123
36.1363046860004,14.342757298234
36.1430697113118,14.3438833118558
36.1498347366232,14.3450093254775
36.1565997619346,14.3461353390993
36.1633647872459,14.3472613527211
36.1701298125573,14.3483873663428
36.1768948378687,14.3495133799646
36.1836598631801,14.3506393935863
36.1904248884914,14.3517654072081
36.1971899138028,14.3528914208299
36.2039549391142,14.3540174344516
36.2107199644256,14.3551434480734
36.217484989737,14.3562694616951
36.2242500150483,14.3573954753169
36.2310150403597,14.3585214889387
36.2377800656711,14.3596475025604
36.2445450909825,14.3607735161822
36.2513101162938,14.3618995298039
36.2580751416052,14.3630255434257
36.2648401669166,14.3641515570474
36.271605192228,14.3652775706692
36.2783702175393,14.366403584291
36.2851352428507,14.3675295979127
36.2919002681621,14.3686556115345
36.2986652934735,14.3697816251562
36.3054303187849,14.370907638778
36.3121953440962,14.3720336523998
36.3189603694076,14.3731596660215
36.325725394719,14.3742856796433
36.3324904200304,14.375411693265
36.3392554453417,14.3765377068868
36.3460204706531,14.3776637205086
36.3527854959645,14.3787897341303
36.3595505212759,14.3799157477521
36.3663155465872,14.3810417613738
36.3730805718986,14.3821677749956
36.37984559721,14.3832937886173
36.3866106225214,14.3844198022391
36.3933756478327,14.3855458158609
36.4001406731441,14.3866718294826
36.4069056984555,14.3877978431044
36.4136707237669,14.3889238567261
36.4204357490783,14.3900498703479
36.4272007743896,14.3911758839697
36.433965799701,14.3923018975914
36.4407308250124,14.3934279112132
36.4474958503238,14.3945539248349
36.4542608756351,14.3956799384567
36.4610259009465,14.3968059520785
36.4677909262579,14.3979319657002
36.4745559515693,14.399057979322
36.4813209768806,14.4001839929437
36.488086002192,14.4013100065655
36.4948510275034,14.4024360201873
36.5016160528148,14.403562033809
36.5083810781261,14.4046880474308
36.5151461034375,14.4058140610525
36.5219111287489,14.4069400746743
36.5286761540603,14.408066088296
36.5354411793716,14.4091921019178
36.542206204683,14.4103181155396
36.5489712299944,14.4114441291613
36.5557362553058,14.4125701427831
36.5625012806171,14.4136961564048
36.5692663059285,14.4148221700266
36.5760313312399,14.4159481836484
36.5827963565513,14.4170741972701
36.5895613818627,14.4182002108919
36.596326407174,14.4193262245136
36.6030914324854,14.4204522381354
36.6098564577968,14.4215782517572
36.6166214831082,14.4227042653789
36.6233865084195,14.4238302790007
36.6301515337309,14.4249562926224
36.6369165590423,14.4260823062442
36.6436815843537,14.4272083198659
36.650446609665,14.4283343334877
36.6572116349764,14.4294603471095
36.6639766602878,14.4305863607312
36.6707416855992,14.431712374353
36.6775067109105,14.4328383879747
36.6842717362219,14.4339644015965
36.6910367615333,14.4350904152183
36.6978017868447,14.43621642884
36.7045668121561,14.4373424424618
36.7113318374674,14.4384684560835
36.7180968627788,14.4395944697053
36.7248618880902,14.4407204833271
36.7316269134016,14.4418464969488
36.7383919387129,14.4429725105706
36.7451569640243,14.4440985241923
36.7519219893357,14.4452245378141
36.7586870146471,14.4463505514358
36.7654520399584,14.4474765650576
36.7722170652698,14.4486025786794
36.7789820905812,14.4497285923011
36.7857471158926,14.4508546059229
36.7925121412039,14.4519806195446
36.7992771665153,14.4531066331664
36.8060421918267,14.4542326467882
36.8128072171381,14.4553586604099
36.8195722424495,14.4564846740317
36.8263372677608,14.4576106876534
36.8331022930722,14.4587367012752
36.8398673183836,14.459862714897
36.846632343695,14.4609887285187
36.8533973690063,14.4621147421405
36.8601623943177,14.4632407557622
36.8669274196291,14.464366769384
36.8736924449405,14.4654927830057
36.8804574702518,14.4666187966275
36.8872224955632,14.4677448102493
36.8939875208746,14.468870823871
36.900752546186,14.4699968374928
36.9075175714973,14.4711228511145
36.9142825968087,14.4722488647363
36.9210476221201,14.4733748783581
36.9278126474315,14.4745008919798
36.9345776727428,14.4756269056016
36.9413426980542,14.4767529192233
