/usr/lib64/python3.11/site-packages/torch/cuda/__init__.py:61: FutureWarning: The pynvml package is deprecated. Please install nvidia-ml-py instead. If you did not install pynvml directly, please report this to the maintainers of the package that installed pynvml for you.
  import pynvml  # type: ignore[import]
--------------+--------------------------------------------
 Host IP      | 172.17.0.2
 PyTorch      | 2.7.1
 Torch-SDAA   | 3.1.1a3+gite3971b9
--------------+--------------------------------------------
 SDAA Driver  | 3.1.0 (N/A)
 SDAA Runtime | 3.1.0 (/opt/tecoai/lib64/libsdaart.so)
 SDPTI        | 1.7.0 (/opt/tecoai/lib64/libsdpti.so)
 TecoDNN      | 3.1.0 (/opt/tecoai/lib64/libtecodnn.so)
 TecoBLAS     | 3.1.0 (/opt/tecoai/lib64/libtecoblas.so)
 CustomDNN    | 3.1.0 (/opt/tecoai/lib64/libtecocustom.so)
 TecoRAND     | 3.1.0 (/opt/tecoai/lib64/libtecorand.so)
 TCCL         | 3.1.0 (/opt/tecoai/lib64/libtccl.so)
--------------+--------------------------------------------
[study] wall=bottom outlet=zouhe nx=1750 ny=500 le=20 L=1700 probes=[200, 740, 1640] U=0.05 nu=0.01 steps=50000
  step 5000: umax=0.05476 finite=True
  step 10000: umax=0.05491 finite=True
  step 15000: umax=0.05490 finite=True
  step 20000: umax=0.05491 finite=True
  step 25000: umax=0.05491 finite=True
  step 30000: umax=0.05491 finite=True
  step 35000: umax=0.05491 finite=True
  step 40000: umax=0.05490 finite=True
  step 45000: umax=0.05490 finite=True
  step 50000: umax=0.05490 finite=True
{
  "wall": "bottom",
  "outlet": "zouhe",
  "nx": 1750,
  "ny": 500,
  "le": 20,
  "plate_len": 1700,
  "U": 0.05,
  "nu": 0.01,
  "tau": 0.53,
  "steps": 50000,
  "fpp0": 0.3320573362151962,
  "mass_drift_pct": 0.0004928573540817231,
  "finite": true,
  "probes": {
    "200": {
      "x_eff": 180,
      "Rex": 900.0,
      "scale": 6.0,
      "delta99_cells": 29.46,
      "u_edge_over_U": 1.0018827766180038,
      "l2": 0.19097019796668585,
      "Cf_ref": 0.022133333333333335,
      "Cf_1st": 0.027811111882328987,
      "Cf_err_1st_pct": 25.652610778808594,
      "Cf_2nd": 0.03833370166830718,
      "Cf_err_2nd_pct": 73.1944352483758,
      "dstar": 1.2458905577659607,
      "dstar_ref": 10.324800000000002,
      "theta": -3.596180383581668,
      "theta_ref": 3.9840000000000004,
      "H": -0.3464482937101998,
      "eta_tab": [
        {
          "eta": 1.0,
          "u_sim": 0.0204122,
          "u_blas": 0.016489,
          "rel_pct": 23.79
        },
        {
          "eta": 2.0,
          "u_sim": 0.0380036,
          "u_blas": 0.0314883,
          "rel_pct": 20.69
        },
        {
          "eta": 3.0,
          "u_sim": 0.0493345,
          "u_blas": 0.0423022,
          "rel_pct": 16.62
        },
        {
          "eta": 4.0,
          "u_sim": 0.053886,
          "u_blas": 0.0477759,
          "rel_pct": 12.79
        },
        {
          "eta": 5.0,
          "u_sim": 0.0545955,
          "u_blas": 0.0495771,
          "rel_pct": 10.12
        }
      ],
      "prof_in_eta": [
        [
          0.0833,
          0.034764,
          0.027671
        ],
        [
          0.25,
          0.104099,
          0.083005
        ],
        [
          0.4167,
          0.173008,
          0.138288
        ],
        [
          0.5833,
          0.241367,
          0.193435
        ],
        [
          0.75,
          0.308976,
          0.248319
        ],
        [
          0.9167,
          0.375589,
          0.302775
        ],
        [
          1.0833,
          0.4409,
          0.356599
        ],
        [
          1.25,
          0.504572,
          0.409557
        ],
        [
          1.4167,
          0.566224,
          0.461386
        ],
        [
          1.5833,
          0.625466,
          0.511804
        ],
        [
          1.75,
          0.68191,
          0.560519
        ],
        [
          1.9167,
          0.735186,
          0.607241
        ],
        [
          2.0833,
          0.784959,
          0.651689
        ],
        [
          2.25,
          0.830956,
          0.693606
        ],
        [
          2.4167,
          0.872951,
          0.732769
        ],
        [
          2.5833,
          0.91081,
          0.768999
        ],
        [
          2.75,
          0.94447,
          0.802168
        ],
        [
          2.9167,
          0.973968,
          0.832206
        ],
        [
          3.0833,
          0.999412,
          0.859101
        ],
        [
          3.25,
          1.020992,
          0.882902
        ],
        [
          3.4167,
          1.038956,
          0.903712
        ],
        [
          3.5833,
          1.053607,
          0.921682
        ],
        [
          3.75,
          1.065279,
          0.937005
        ],
        [
          3.9167,
          1.074331,
          0.949903
        ],
        [
          4.0833,
          1.08111,
          0.960619
        ],
        [
          4.25,
          1.085969,
          0.969405
        ],
        [
          4.4167,
          1.089224,
          0.976513
        ],
        [
          4.5833,
          1.091176,
          0.982186
        ],
        [
          4.75,
          1.092077,
          0.986653
        ],
        [
          4.9167,
          1.092172,
          0.990122
        ],
        [
          5.0833,
          1.091648,
          0.99278
        ],
        [
          5.25,
          1.090662,
          0.994789
        ],
        [
          5.4167,
          1.089348,
          0.996285
        ],
        [
          5.5833,
          1.087798,
          0.997386
        ],
        [
          5.75,
          1.086105,
          0.998183
        ],
        [
          5.9167,
          1.084321,
          0.998754
        ],
        [
          6.0833,
          1.082493,
          0.999156
        ],
        [
          6.25,
          1.080653,
          0.999436
        ],
        [
          6.4167,
          1.078824,
          0.999628
        ],
        [
          6.5833,
          1.077025,
          0.999758
        ],
        [
          6.75,
          1.075263,
          0.999844
        ],
        [
          6.9167,
          1.07355,
          0.999901
        ],
        [
          7.0833,
          1.071883,
          0.999938
        ],
        [
          7.25,
          1.070274,
          0.999962
        ],
        [
          7.4167,
          1.068712,
          0.999977
        ],
        [
          7.5833,
          1.0672,
          0.999986
        ],
        [
          7.75,
          1.065745,
          0.999992
        ],
        [
          7.9167,
          1.064336,
          0.999995
        ],
        [
          8.0833,
          1.062979,
          0.999997
        ],
        [
          8.25,
          1.06166,
          0.999998
        ],
        [
          8.4167,
          1.060392,
          0.999999
        ],
        [
          8.5833,
          1.059165,
          0.999999
        ],
        [
          8.75,
          1.057974,
          1.0
        ],
        [
          8.9167,
          1.056823,
          1.0
        ],
        [
          9.0833,
          1.055714,
          1.0
        ],
        [
          9.25,
          1.054642,
          1.0
        ],
        [
          9.4167,
          1.053603,
          1.0
        ],
        [
          9.5833,
          1.052588,
          1.0
        ],
        [
          9.75,
          1.051612,
          1.0
        ],
        [
          9.9167,
          1.050666,
          1.0
        ],
        [
          10.0833,
          1.049747,
          1.0
        ],
        [
          10.25,
          1.04885,
          1.0
        ],
        [
          10.4167,
          1.04799,
          1.0
        ],
        [
          10.5833,
          1.047144,
          1.0
        ],
        [
          10.75,
          1.046324,
          1.0
        ],
        [
          10.9167,
          1.045527,
          1.0
        ],
        [
          11.0833,
          1.044755,
          1.0
        ],
        [
          11.25,
          1.043999,
          1.0
        ],
        [
          11.4167,
          1.043269,
          1.0
        ],
        [
          11.5833,
          1.042552,
          1.0
        ],
        [
          11.75,
          1.04186,
          1.0
        ],
        [
          11.9167,
          1.04118,
          1.0
        ],
        [
          12.0833,
          1.040525,
          1.0
        ],
        [
          12.25,
          1.03988,
          1.0
        ],
        [
          12.4167,
          1.039256,
          1.0
        ],
        [
          12.5833,
          1.038638,
          1.0
        ],
        [
          12.75,
          1.038044,
          1.0
        ],
        [
          12.9167,
          1.037461,
          1.0
        ],
        [
          13.0833,
          1.036894,
          1.0
        ],
        [
          13.25,
          1.036335,
          1.0
        ],
        [
          13.4167,
          1.035794,
          1.0
        ],
        [
          13.5833,
          1.03526,
          1.0
        ],
        [
          13.75,
          1.034737,
          1.0
        ],
        [
          13.9167,
          1.034231,
          1.0
        ],
        [
          14.0833,
          1.033735,
          1.0
        ],
        [
          14.25,
          1.033247,
          1.0
        ],
        [
          14.4167,
          1.032774,
          1.0
        ],
        [
          14.5833,
          1.032306,
          1.0
        ],
        [
          14.75,
          1.031854,
          1.0
        ],
        [
          14.9167,
          1.031406,
          1.0
        ],
        [
          15.0833,
          1.03097,
          1.0
        ],
        [
          15.25,
          1.030539,
          1.0
        ],
        [
          15.4167,
          1.030118,
          1.0
        ],
        [
          15.5833,
          1.029706,
          1.0
        ],
        [
          15.75,
          1.029306,
          1.0
        ],
        [
          15.9167,
          1.028911,
          1.0
        ],
        [
          16.0833,
          1.02852,
          1.0
        ],
        [
          16.25,
          1.028141,
          1.0
        ],
        [
          16.4167,
          1.027775,
          1.0
        ],
        [
          16.5833,
          1.027406,
          1.0
        ],
        [
          16.75,
          1.027052,
          1.0
        ],
        [
          16.9167,
          1.026693,
          1.0
        ],
        [
          17.0833,
          1.026345,
          1.0
        ],
        [
          17.25,
          1.026003,
          1.0
        ],
        [
          17.4167,
          1.025669,
          1.0
        ],
        [
          17.5833,
          1.025342,
          1.0
        ],
        [
          17.75,
          1.025016,
          1.0
        ],
        [
          17.9167,
          1.0247,
          1.0
        ],
        [
          18.0833,
          1.024392,
          1.0
        ],
        [
          18.25,
          1.024084,
          1.0
        ],
        [
          18.4167,
          1.02378,
          1.0
        ],
        [
          18.5833,
          1.02348,
          1.0
        ],
        [
          18.75,
          1.023187,
          1.0
        ],
        [
          18.9167,
          1.022904,
          1.0
        ],
        [
          19.0833,
          1.022621,
          1.0
        ],
        [
          19.25,
          1.022341,
          1.0
        ],
        [
          19.4167,
          1.022067,
          1.0
        ],
        [
          19.5833,
          1.021799,
          1.0
        ],
        [
          19.75,
          1.021533,
          1.0
        ],
        [
          19.9167,
          1.02127,
          1.0
        ],
        [
          20.0833,
          1.021022,
          1.0
        ],
        [
          20.25,
          1.020767,
          1.0
        ],
        [
          20.4167,
          1.020525,
          1.0
        ],
        [
          20.5833,
          1.020277,
          1.0
        ],
        [
          20.75,
          1.020044,
          1.0
        ],
        [
          20.9167,
          1.01981,
          1.0
        ],
        [
          21.0833,
          1.019581,
          1.0
        ],
        [
          21.25,
          1.019356,
          1.0
        ],
        [
          21.4167,
          1.019132,
          1.0
        ],
        [
          21.5833,
          1.018917,
          1.0
        ],
        [
          21.75,
          1.018705,
          1.0
        ],
        [
          21.9167,
          1.018492,
          1.0
        ],
        [
          22.0833,
          1.01829,
          1.0
        ],
        [
          22.25,
          1.01808,
          1.0
        ],
        [
          22.4167,
          1.017877,
          1.0
        ],
        [
          22.5833,
          1.017681,
          1.0
        ],
        [
          22.75,
          1.017487,
          1.0
        ],
        [
          22.9167,
          1.017291,
          1.0
        ],
        [
          23.0833,
          1.017103,
          1.0
        ],
        [
          23.25,
          1.016915,
          1.0
        ],
        [
          23.4167,
          1.016726,
          1.0
        ],
        [
          23.5833,
          1.016541,
          1.0
        ],
        [
          23.75,
          1.016363,
          1.0
        ],
        [
          23.9167,
          1.016183,
          1.0
        ],
        [
          24.0833,
          1.016003,
          1.0
        ],
        [
          24.25,
          1.015835,
          1.0
        ],
        [
          24.4167,
          1.015659,
          1.0
        ],
        [
          24.5833,
          1.015494,
          1.0
        ],
        [
          24.75,
          1.015325,
          1.0
        ],
        [
          24.9167,
          1.015163,
          1.0
        ],
        [
          25.0833,
          1.015002,
          1.0
        ],
        [
          25.25,
          1.014843,
          1.0
        ],
        [
          25.4167,
          1.014686,
          1.0
        ],
        [
          25.5833,
          1.014526,
          1.0
        ],
        [
          25.75,
          1.014372,
          1.0
        ],
        [
          25.9167,
          1.01422,
          1.0
        ],
        [
          26.0833,
          1.014071,
          1.0
        ],
        [
          26.25,
          1.013927,
          1.0
        ],
        [
          26.4167,
          1.01378,
          1.0
        ],
        [
          26.5833,
          1.013635,
          1.0
        ],
        [
          26.75,
          1.013488,
          1.0
        ],
        [
          26.9167,
          1.013355,
          1.0
        ],
        [
          27.0833,
          1.013215,
          1.0
        ],
        [
          27.25,
          1.013085,
          1.0
        ],
        [
          27.4167,
          1.012948,
          1.0
        ],
        [
          27.5833,
          1.012816,
          1.0
        ],
        [
          27.75,
          1.012682,
          1.0
        ],
        [
          27.9167,
          1.012553,
          1.0
        ],
        [
          28.0833,
          1.012423,
          1.0
        ],
        [
          28.25,
          1.012303,
          1.0
        ],
        [
          28.4167,
          1.012178,
          1.0
        ],
        [
          28.5833,
          1.012055,
          1.0
        ],
        [
          28.75,
          1.011926,
          1.0
        ],
        [
          28.9167,
          1.011807,
          1.0
        ],
        [
          29.0833,
          1.011687,
          1.0
        ],
        [
          29.25,
          1.011566,
          1.0
        ],
        [
          29.4167,
          1.011448,
          1.0
        ],
        [
          29.5833,
          1.011333,
          1.0
        ],
        [
          29.75,
          1.01122,
          1.0
        ],
        [
          29.9167,
          1.011112,
          1.0
        ],
        [
          30.0833,
          1.011003,
          1.0
        ],
        [
          30.25,
          1.010895,
          1.0
        ],
        [
          30.4167,
          1.010799,
          1.0
        ],
        [
          30.5833,
          1.010697,
          1.0
        ],
        [
          30.75,
          1.0106,
          1.0
        ],
        [
          30.9167,
          1.010504,
          1.0
        ],
        [
          31.0833,
          1.010401,
          1.0
        ],
        [
          31.25,
          1.010307,
          1.0
        ],
        [
          31.4167,
          1.010206,
          1.0
        ],
        [
          31.5833,
          1.010113,
          1.0
        ],
        [
          31.75,
          1.010013,
          1.0
        ],
        [
          31.9167,
          1.009913,
          1.0
        ],
        [
          32.0833,
          1.009813,
          1.0
        ],
        [
          32.25,
          1.009709,
          1.0
        ],
        [
          32.4167,
          1.009607,
          1.0
        ],
        [
          32.5833,
          1.009508,
          1.0
        ],
        [
          32.75,
          1.009406,
          1.0
        ],
        [
          32.9167,
          1.009312,
          1.0
        ],
        [
          33.0833,
          1.009212,
          1.0
        ],
        [
          33.25,
          1.009112,
          1.0
        ],
        [
          33.4167,
          1.009018,
          1.0
        ],
        [
          33.5833,
          1.008925,
          1.0
        ],
        [
          33.75,
          1.008832,
          1.0
        ],
        [
          33.9167,
          1.008749,
          1.0
        ],
        [
          34.0833,
          1.008664,
          1.0
        ],
        [
          34.25,
          1.008576,
          1.0
        ],
        [
          34.4167,
          1.008494,
          1.0
        ],
        [
          34.5833,
          1.008416,
          1.0
        ],
        [
          34.75,
          1.008346,
          1.0
        ],
        [
          34.9167,
          1.008277,
          1.0
        ],
        [
          35.0833,
          1.008206,
          1.0
        ],
        [
          35.25,
          1.008137,
          1.0
        ],
        [
          35.4167,
          1.008069,
          1.0
        ],
        [
          35.5833,
          1.007998,
          1.0
        ],
        [
          35.75,
          1.007942,
          1.0
        ],
        [
          35.9167,
          1.00788,
          1.0
        ],
        [
          36.0833,
          1.007827,
          1.0
        ],
        [
          36.25,
          1.007769,
          1.0
        ],
        [
          36.4167,
          1.007716,
          1.0
        ],
        [
          36.5833,
          1.007652,
          1.0
        ],
        [
          36.75,
          1.007597,
          1.0
        ],
        [
          36.9167,
          1.007536,
          1.0
        ],
        [
          37.0833,
          1.007476,
          1.0
        ],
        [
          37.25,
          1.007414,
          1.0
        ],
        [
          37.4167,
          1.00736,
          1.0
        ],
        [
          37.5833,
          1.0073,
          1.0
        ],
        [
          37.75,
          1.007237,
          1.0
        ],
        [
          37.9167,
          1.007178,
          1.0
        ],
        [
          38.0833,
          1.007113,
          1.0
        ],
        [
          38.25,
          1.007041,
          1.0
        ],
        [
          38.4167,
          1.00697,
          1.0
        ],
        [
          38.5833,
          1.006908,
          1.0
        ],
        [
          38.75,
          1.006846,
          1.0
        ],
        [
          38.9167,
          1.00678,
          1.0
        ],
        [
          39.0833,
          1.006723,
          1.0
        ],
        [
          39.25,
          1.00666,
          1.0
        ],
        [
          39.4167,
          1.006606,
          1.0
        ],
        [
          39.5833,
          1.006543,
          1.0
        ],
        [
          39.75,
          1.006485,
          1.0
        ],
        [
          39.9167,
          1.006426,
          1.0
        ],
        [
          40.0833,
          1.00636,
          1.0
        ],
        [
          40.25,
          1.006307,
          1.0
        ],
        [
          40.4167,
          1.006257,
          1.0
        ],
        [
          40.5833,
          1.006201,
          1.0
        ],
        [
          40.75,
          1.006154,
          1.0
        ],
        [
          40.9167,
          1.006105,
          1.0
        ],
        [
          41.0833,
          1.006051,
          1.0
        ],
        [
          41.25,
          1.006005,
          1.0
        ],
        [
          41.4167,
          1.005958,
          1.0
        ],
        [
          41.5833,
          1.005906,
          1.0
        ],
        [
          41.75,
          1.005858,
          1.0
        ],
        [
          41.9167,
          1.005809,
          1.0
        ],
        [
          42.0833,
          1.005763,
          1.0
        ],
        [
          42.25,
          1.005721,
          1.0
        ],
        [
          42.4167,
          1.00568,
          1.0
        ],
        [
          42.5833,
          1.005637,
          1.0
        ],
        [
          42.75,
          1.005597,
          1.0
        ],
        [
          42.9167,
          1.005557,
          1.0
        ],
        [
          43.0833,
          1.005518,
          1.0
        ],
        [
          43.25,
          1.005478,
          1.0
        ],
        [
          43.4167,
          1.005438,
          1.0
        ],
        [
          43.5833,
          1.005398,
          1.0
        ],
        [
          43.75,
          1.005358,
          1.0
        ],
        [
          43.9167,
          1.00532,
          1.0
        ],
        [
          44.0833,
          1.005284,
          1.0
        ],
        [
          44.25,
          1.005254,
          1.0
        ],
        [
          44.4167,
          1.005228,
          1.0
        ],
        [
          44.5833,
          1.005196,
          1.0
        ],
        [
          44.75,
          1.005162,
          1.0
        ],
        [
          44.9167,
          1.005127,
          1.0
        ],
        [
          45.0833,
          1.005092,
          1.0
        ],
        [
          45.25,
          1.005058,
          1.0
        ],
        [
          45.4167,
          1.005023,
          1.0
        ],
        [
          45.5833,
          1.00499,
          1.0
        ],
        [
          45.75,
          1.004959,
          1.0
        ],
        [
          45.9167,
          1.004924,
          1.0
        ],
        [
          46.0833,
          1.004893,
          1.0
        ],
        [
          46.25,
          1.004858,
          1.0
        ],
        [
          46.4167,
          1.004823,
          1.0
        ],
        [
          46.5833,
          1.004788,
          1.0
        ],
        [
          46.75,
          1.004757,
          1.0
        ],
        [
          46.9167,
          1.004725,
          1.0
        ],
        [
          47.0833,
          1.004697,
          1.0
        ],
        [
          47.25,
          1.004667,
          1.0
        ],
        [
          47.4167,
          1.004633,
          1.0
        ],
        [
          47.5833,
          1.004602,
          1.0
        ],
        [
          47.75,
          1.00457,
          1.0
        ],
        [
          47.9167,
          1.004535,
          1.0
        ],
        [
          48.0833,
          1.004506,
          1.0
        ],
        [
          48.25,
          1.004476,
          1.0
        ],
        [
          48.4167,
          1.004444,
          1.0
        ],
        [
          48.5833,
          1.00441,
          1.0
        ],
        [
          48.75,
          1.004373,
          1.0
        ],
        [
          48.9167,
          1.004336,
          1.0
        ],
        [
          49.0833,
          1.004302,
          1.0
        ],
        [
          49.25,
          1.004279,
          1.0
        ],
        [
          49.4167,
          1.00425,
          1.0
        ],
        [
          49.5833,
          1.004222,
          1.0
        ],
        [
          49.75,
          1.004197,
          1.0
        ],
        [
          49.9167,
          1.004168,
          1.0
        ],
        [
          50.0833,
          1.004139,
          1.0
        ],
        [
          50.25,
          1.004106,
          1.0
        ],
        [
          50.4167,
          1.004079,
          1.0
        ],
        [
          50.5833,
          1.004054,
          1.0
        ],
        [
          50.75,
          1.004027,
          1.0
        ],
        [
          50.9167,
          1.003996,
          1.0
        ],
        [
          51.0833,
          1.003976,
          1.0
        ],
        [
          51.25,
          1.003949,
          1.0
        ],
        [
          51.4167,
          1.003916,
          1.0
        ],
        [
          51.5833,
          1.003885,
          1.0
        ],
        [
          51.75,
          1.003854,
          1.0
        ],
        [
          51.9167,
          1.003822,
          1.0
        ],
        [
          52.0833,
          1.003797,
          1.0
        ],
        [
          52.25,
          1.003766,
          1.0
        ],
        [
          52.4167,
          1.003749,
          1.0
        ],
        [
          52.5833,
          1.003727,
          1.0
        ],
        [
          52.75,
          1.003712,
          1.0
        ],
        [
          52.9167,
          1.00369,
          1.0
        ],
        [
          53.0833,
          1.003671,
          1.0
        ],
        [
          53.25,
          1.00365,
          1.0
        ],
        [
          53.4167,
          1.003626,
          1.0
        ],
        [
          53.5833,
          1.003606,
          1.0
        ],
        [
          53.75,
          1.00358,
          1.0
        ],
        [
          53.9167,
          1.003562,
          1.0
        ],
        [
          54.0833,
          1.003538,
          1.0
        ],
        [
          54.25,
          1.003522,
          1.0
        ],
        [
          54.4167,
          1.003499,
          1.0
        ],
        [
          54.5833,
          1.003484,
          1.0
        ],
        [
          54.75,
          1.003461,
          1.0
        ],
        [
          54.9167,
          1.003446,
          1.0
        ],
        [
          55.0833,
          1.003423,
          1.0
        ],
        [
          55.25,
          1.003399,
          1.0
        ],
        [
          55.4167,
          1.003379,
          1.0
        ],
        [
          55.5833,
          1.003353,
          1.0
        ],
        [
          55.75,
          1.00333,
          1.0
        ],
        [
          55.9167,
          1.003309,
          1.0
        ],
        [
          56.0833,
          1.003285,
          1.0
        ],
        [
          56.25,
          1.00327,
          1.0
        ],
        [
          56.4167,
          1.003254,
          1.0
        ],
        [
          56.5833,
          1.003238,
          1.0
        ],
        [
          56.75,
          1.003229,
          1.0
        ],
        [
          56.9167,
          1.003217,
          1.0
        ],
        [
          57.0833,
          1.003201,
          1.0
        ],
        [
          57.25,
          1.003192,
          1.0
        ],
        [
          57.4167,
          1.003171,
          1.0
        ],
        [
          57.5833,
          1.003156,
          1.0
        ],
        [
          57.75,
          1.00314,
          1.0
        ],
        [
          57.9167,
          1.003121,
          1.0
        ],
        [
          58.0833,
          1.00311,
          1.0
        ],
        [
          58.25,
          1.003093,
          1.0
        ],
        [
          58.4167,
          1.003079,
          1.0
        ],
        [
          58.5833,
          1.003061,
          1.0
        ],
        [
          58.75,
          1.003047,
          1.0
        ],
        [
          58.9167,
          1.003036,
          1.0
        ],
        [
          59.0833,
          1.003019,
          1.0
        ],
        [
          59.25,
          1.003007,
          1.0
        ],
        [
          59.4167,
          1.002997,
          1.0
        ],
        [
          59.5833,
          1.002981,
          1.0
        ],
        [
          59.75,
          1.00297,
          1.0
        ],
        [
          59.9167,
          1.002961,
          1.0
        ],
        [
          60.0833,
          1.002942,
          1.0
        ],
        [
          60.25,
          1.002929,
          1.0
        ],
        [
          60.4167,
          1.00291,
          1.0
        ],
        [
          60.5833,
          1.002897,
          1.0
        ],
        [
          60.75,
          1.002882,
          1.0
        ],
        [
          60.9167,
          1.002864,
          1.0
        ],
        [
          61.0833,
          1.002853,
          1.0
        ],
        [
          61.25,
          1.002834,
          1.0
        ],
        [
          61.4167,
          1.002823,
          1.0
        ],
        [
          61.5833,
          1.002813,
          1.0
        ],
        [
          61.75,
          1.002802,
          1.0
        ],
        [
          61.9167,
          1.002793,
          1.0
        ],
        [
          62.0833,
          1.002788,
          1.0
        ],
        [
          62.25,
          1.002782,
          1.0
        ],
        [
          62.4167,
          1.002776,
          1.0
        ],
        [
          62.5833,
          1.002769,
          1.0
        ],
        [
          62.75,
          1.002763,
          1.0
        ],
        [
          62.9167,
          1.002758,
          1.0
        ],
        [
          63.0833,
          1.002754,
          1.0
        ],
        [
          63.25,
          1.002748,
          1.0
        ],
        [
          63.4167,
          1.002737,
          1.0
        ],
        [
          63.5833,
          1.002724,
          1.0
        ],
        [
          63.75,
          1.002711,
          1.0
        ],
        [
          63.9167,
          1.002702,
          1.0
        ],
        [
          64.0833,
          1.002688,
          1.0
        ],
        [
          64.25,
          1.002678,
          1.0
        ],
        [
          64.4167,
          1.002668,
          1.0
        ],
        [
          64.5833,
          1.002652,
          1.0
        ],
        [
          64.75,
          1.002641,
          1.0
        ],
        [
          64.9167,
          1.002633,
          1.0
        ],
        [
          65.0833,
          1.002618,
          1.0
        ],
        [
          65.25,
          1.002606,
          1.0
        ],
        [
          65.4167,
          1.002597,
          1.0
        ],
        [
          65.5833,
          1.002581,
          1.0
        ],
        [
          65.75,
          1.00257,
          1.0
        ],
        [
          65.9167,
          1.002562,
          1.0
        ],
        [
          66.0833,
          1.00255,
          1.0
        ],
        [
          66.25,
          1.002536,
          1.0
        ],
        [
          66.4167,
          1.002527,
          1.0
        ],
        [
          66.5833,
          1.002518,
          1.0
        ],
        [
          66.75,
          1.002507,
          1.0
        ],
        [
          66.9167,
          1.002493,
          1.0
        ],
        [
          67.0833,
          1.002483,
          1.0
        ],
        [
          67.25,
          1.002476,
          1.0
        ],
        [
          67.4167,
          1.002466,
          1.0
        ],
        [
          67.5833,
          1.00245,
          1.0
        ],
        [
          67.75,
          1.002438,
          1.0
        ],
        [
          67.9167,
          1.002422,
          1.0
        ],
        [
          68.0833,
          1.002405,
          1.0
        ],
        [
          68.25,
          1.002392,
          1.0
        ],
        [
          68.4167,
          1.002374,
          1.0
        ],
        [
          68.5833,
          1.002363,
          1.0
        ],
        [
          68.75,
          1.002353,
          1.0
        ],
        [
          68.9167,
          1.002335,
          1.0
        ],
        [
          69.0833,
          1.002324,
          1.0
        ],
        [
          69.25,
          1.002307,
          1.0
        ],
        [
          69.4167,
          1.002297,
          1.0
        ],
        [
          69.5833,
          1.002286,
          1.0
        ],
        [
          69.75,
          1.002272,
          1.0
        ],
        [
          69.9167,
          1.002265,
          1.0
        ],
        [
          70.0833,
          1.002259,
          1.0
        ],
        [
          70.25,
          1.002253,
          1.0
        ],
        [
          70.4167,
          1.002248,
          1.0
        ],
        [
          70.5833,
          1.002248,
          1.0
        ],
        [
          70.75,
          1.002249,
          1.0
        ],
        [
          70.9167,
          1.002248,
          1.0
        ],
        [
          71.0833,
          1.002241,
          1.0
        ],
        [
          71.25,
          1.002237,
          1.0
        ],
        [
          71.4167,
          1.002234,
          1.0
        ],
        [
          71.5833,
          1.002232,
          1.0
        ],
        [
          71.75,
          1.002231,
          1.0
        ],
        [
          71.9167,
          1.002229,
          1.0
        ],
        [
          72.0833,
          1.002228,
          1.0
        ],
        [
          72.25,
          1.002228,
          1.0
        ],
        [
          72.4167,
          1.002228,
          1.0
        ],
        [
          72.5833,
          1.002229,
          1.0
        ],
        [
          72.75,
          1.00223,
          1.0
        ],
        [
          72.9167,
          1.002231,
          1.0
        ],
        [
          73.0833,
          1.002232,
          1.0
        ],
        [
          73.25,
          1.002232,
          1.0
        ],
        [
          73.4167,
          1.002234,
          1.0
        ],
        [
          73.5833,
          1.002241,
          1.0
        ],
        [
          73.75,
          1.002246,
          1.0
        ],
        [
          73.9167,
          1.002245,
          1.0
        ],
        [
          74.0833,
          1.002237,
          1.0
        ],
        [
          74.25,
          1.002231,
          1.0
        ],
        [
          74.4167,
          1.002227,
          1.0
        ],
        [
          74.5833,
          1.002225,
          1.0
        ],
        [
          74.75,
          1.002221,
          1.0
        ],
        [
          74.9167,
          1.002217,
          1.0
        ],
        [
          75.0833,
          1.002213,
          1.0
        ],
        [
          75.25,
          1.002209,
          1.0
        ],
        [
          75.4167,
          1.002204,
          1.0
        ],
        [
          75.5833,
          1.0022,
          1.0
        ],
        [
          75.75,
          1.002194,
          1.0
        ],
        [
          75.9167,
          1.00219,
          1.0
        ],
        [
          76.0833,
          1.002187,
          1.0
        ],
        [
          76.25,
          1.002184,
          1.0
        ],
        [
          76.4167,
          1.00218,
          1.0
        ],
        [
          76.5833,
          1.002176,
          1.0
        ],
        [
          76.75,
          1.002172,
          1.0
        ],
        [
          76.9167,
          1.002167,
          1.0
        ],
        [
          77.0833,
          1.002163,
          1.0
        ],
        [
          77.25,
          1.002157,
          1.0
        ],
        [
          77.4167,
          1.002153,
          1.0
        ],
        [
          77.5833,
          1.002151,
          1.0
        ],
        [
          77.75,
          1.002149,
          1.0
        ],
        [
          77.9167,
          1.002146,
          1.0
        ],
        [
          78.0833,
          1.002143,
          1.0
        ],
        [
          78.25,
          1.00214,
          1.0
        ],
        [
          78.4167,
          1.002138,
          1.0
        ],
        [
          78.5833,
          1.002134,
          1.0
        ],
        [
          78.75,
          1.00213,
          1.0
        ],
        [
          78.9167,
          1.002127,
          1.0
        ],
        [
          79.0833,
          1.002123,
          1.0
        ],
        [
          79.25,
          1.00212,
          1.0
        ],
        [
          79.4167,
          1.002117,
          1.0
        ],
        [
          79.5833,
          1.002114,
          1.0
        ],
        [
          79.75,
          1.002112,
          1.0
        ],
        [
          79.9167,
          1.00211,
          1.0
        ],
        [
          80.0833,
          1.002108,
          1.0
        ],
        [
          80.25,
          1.002107,
          1.0
        ],
        [
          80.4167,
          1.002106,
          1.0
        ],
        [
          80.5833,
          1.002105,
          1.0
        ],
        [
          80.75,
          1.002103,
          1.0
        ],
        [
          80.9167,
          1.002102,
          1.0
        ],
        [
          81.0833,
          1.0021,
          1.0
        ],
        [
          81.25,
          1.002097,
          1.0
        ],
        [
          81.4167,
          1.002094,
          1.0
        ],
        [
          81.5833,
          1.002091,
          1.0
        ],
        [
          81.75,
          1.002089,
          1.0
        ],
        [
          81.9167,
          1.002089,
          1.0
        ],
        [
          82.0833,
          1.002088,
          1.0
        ],
        [
          82.25,
          1.002088,
          1.0
        ],
        [
          82.4167,
          1.002087,
          1.0
        ],
        [
          82.5833,
          1.002087,
          1.0
        ],
        [
          82.75,
          1.002087,
          1.0
        ],
        [
          82.9167,
          1.002086,
          1.0
        ],
        [
          83.0833,
          0.992656,
          1.0
        ]
      ]
    },
    "740": {
      "x_eff": 720,
      "Rex": 3600.0,
      "scale": 12.0,
      "delta99_cells": 58.92,
      "u_edge_over_U": 1.0198979079723358,
      "l2": 0.1960078234069349,
      "Cf_ref": 0.011066666666666667,
      "Cf_1st": 0.014218919910490513,
      "Cf_err_1st_pct": 28.48421287536621,
      "Cf_2nd": 0.01957906445022672,
      "Cf_err_2nd_pct": 76.91925708036193,
      "dstar": 9.855014264583588,
      "dstar_ref": 20.649600000000003,
      "theta": -0.008024073380511254,
      "theta_ref": 7.968000000000001,
      "H": -1228.180974580728,
      "eta_tab": [
        {
          "eta": 1.0,
          "u_sim": 0.0206939,
          "u_blas": 0.016489,
          "rel_pct": 25.5
        },
        {
          "eta": 2.0,
          "u_sim": 0.0382166,
          "u_blas": 0.0314883,
          "rel_pct": 21.37
        },
        {
          "eta": 3.0,
          "u_sim": 0.0492312,
          "u_blas": 0.0423022,
          "rel_pct": 16.38
        },
        {
          "eta": 4.0,
          "u_sim": 0.0534346,
          "u_blas": 0.0477759,
          "rel_pct": 11.84
        },
        {
          "eta": 5.0,
          "u_sim": 0.0539664,
          "u_blas": 0.0495771,
          "rel_pct": 8.85
        }
      ],
      "prof_in_eta": [
        [
          0.0417,
          0.017774,
          0.013836
        ],
        [
          0.125,
          0.053247,
          0.041507
        ],
        [
          0.2083,
          0.088575,
          0.069174
        ],
        [
          0.2917,
          0.123752,
          0.096833
        ],
        [
          0.375,
          0.158769,
          0.124476
        ],
        [
          0.4583,
          0.193608,
          0.152092
        ],
        [
          0.5417,
          0.22825,
          0.179667
        ],
        [
          0.625,
          0.262664,
          0.207186
        ],
        [
          0.7083,
          0.296826,
          0.234631
        ],
        [
          0.7917,
          0.330706,
          0.26198
        ],
        [
          0.875,
          0.364271,
          0.289211
        ],
        [
          0.9583,
          0.397476,
          0.316299
        ],
        [
          1.0417,
          0.430281,
          0.343215
        ],
        [
          1.125,
          0.462647,
          0.36993
        ],
        [
          1.2083,
          0.49453,
          0.396413
        ],
        [
          1.2917,
          0.525884,
          0.422631
        ],
        [
          1.375,
          0.556663,
          0.44855
        ],
        [
          1.4583,
          0.586822,
          0.474134
        ],
        [
          1.5417,
          0.616309,
          0.499347
        ],
        [
          1.625,
          0.645079,
          0.524154
        ],
        [
          1.7083,
          0.673085,
          0.548516
        ],
        [
          1.7917,
          0.700281,
          0.572398
        ],
        [
          1.875,
          0.726623,
          0.595763
        ],
        [
          1.9583,
          0.752072,
          0.618576
        ],
        [
          2.0417,
          0.776591,
          0.640804
        ],
        [
          2.125,
          0.800145,
          0.662415
        ],
        [
          2.2083,
          0.822704,
          0.683377
        ],
        [
          2.2917,
          0.844246,
          0.703662
        ],
        [
          2.375,
          0.864748,
          0.723247
        ],
        [
          2.4583,
          0.884193,
          0.742107
        ],
        [
          2.5417,
          0.902575,
          0.760224
        ],
        [
          2.625,
          0.91989,
          0.777582
        ],
        [
          2.7083,
          0.936134,
          0.794167
        ],
        [
          2.7917,
          0.951319,
          0.809972
        ],
        [
          2.875,
          0.965459,
          0.824991
        ],
        [
          2.9583,
          0.978569,
          0.839223
        ],
        [
          3.0417,
          0.990677,
          0.85267
        ],
        [
          3.125,
          1.001796,
          0.865338
        ],
        [
          3.2083,
          1.01197,
          0.877237
        ],
        [
          3.2917,
          1.021221,
          0.88838
        ],
        [
          3.375,
          1.029594,
          0.898782
        ],
        [
          3.4583,
          1.037126,
          0.908463
        ],
        [
          3.5417,
          1.043862,
          0.917445
        ],
        [
          3.625,
          1.049848,
          0.925752
        ],
        [
          3.7083,
          1.055133,
          0.93341
        ],
        [
          3.7917,
          1.059759,
          0.940447
        ],
        [
          3.875,
          1.063771,
          0.946893
        ],
        [
          3.9583,
          1.067228,
          0.952777
        ],
        [
          4.0417,
          1.070154,
          0.958131
        ],
        [
          4.125,
          1.072615,
          0.962987
        ],
        [
          4.2083,
          1.074637,
          0.967376
        ],
        [
          4.2917,
          1.076271,
          0.97133
        ],
        [
          4.375,
          1.077546,
          0.97488
        ],
        [
          4.4583,
          1.078506,
          0.978057
        ],
        [
          4.5417,
          1.079195,
          0.98089
        ],
        [
          4.625,
          1.079638,
          0.983407
        ],
        [
          4.7083,
          1.079865,
          0.985638
        ],
        [
          4.7917,
          1.079904,
          0.987606
        ],
        [
          4.875,
          1.079783,
          0.989338
        ],
        [
          4.9583,
          1.079518,
          0.990856
        ],
        [
          5.0417,
          1.079138,
          0.992182
        ],
        [
          5.125,
          1.078665,
          0.993337
        ],
        [
          5.2083,
          1.078103,
          0.994339
        ],
        [
          5.2917,
          1.077479,
          0.995206
        ],
        [
          5.375,
          1.076794,
          0.995952
        ],
        [
          5.4583,
          1.076068,
          0.996594
        ],
        [
          5.5417,
          1.075307,
          0.997142
        ],
        [
          5.625,
          1.074521,
          0.99761
        ],
        [
          5.7083,
          1.073723,
          0.998008
        ],
        [
          5.7917,
          1.072918,
          0.998345
        ],
        [
          5.875,
          1.072108,
          0.998629
        ],
        [
          5.9583,
          1.071296,
          0.998868
        ],
        [
          6.0417,
          1.070492,
          0.999069
        ],
        [
          6.125,
          1.069697,
          0.999236
        ],
        [
          6.2083,
          1.068911,
          0.999375
        ],
        [
          6.2917,
          1.068137,
          0.999491
        ],
        [
          6.375,
          1.067375,
          0.999586
        ],
        [
          6.4583,
          1.066623,
          0.999665
        ],
        [
          6.5417,
          1.065894,
          0.99973
        ],
        [
          6.625,
          1.065174,
          0.999783
        ],
        [
          6.7083,
          1.064476,
          0.999826
        ],
        [
          6.7917,
          1.063792,
          0.999861
        ],
        [
          6.875,
          1.063129,
          0.999889
        ],
        [
          6.9583,
          1.062481,
          0.999912
        ],
        [
          7.0417,
          1.061852,
          0.99993
        ],
        [
          7.125,
          1.061236,
          0.999945
        ],
        [
          7.2083,
          1.060634,
          0.999957
        ],
        [
          7.2917,
          1.060049,
          0.999966
        ],
        [
          7.375,
          1.059476,
          0.999974
        ],
        [
          7.4583,
          1.058915,
          0.999979
        ],
        [
          7.5417,
          1.058368,
          0.999984
        ],
        [
          7.625,
          1.057834,
          0.999988
        ],
        [
          7.7083,
          1.057305,
          0.99999
        ],
        [
          7.7917,
          1.056793,
          0.999993
        ],
        [
          7.875,
          1.056292,
          0.999994
        ],
        [
          7.9583,
          1.055817,
          0.999996
        ],
        [
          8.0417,
          1.055342,
          0.999997
        ],
        [
          8.125,
          1.054883,
          0.999998
        ],
        [
          8.2083,
          1.05443,
          0.999998
        ],
        [
          8.2917,
          1.053992,
          0.999999
        ],
        [
          8.375,
          1.053552,
          0.999999
        ],
        [
          8.4583,
          1.053128,
          0.999999
        ],
        [
          8.5417,
          1.052711,
          0.999999
        ],
        [
          8.625,
          1.052304,
          1.0
        ],
        [
          8.7083,
          1.051898,
          1.0
        ],
        [
          8.7917,
          1.051504,
          1.0
        ],
        [
          8.875,
          1.051115,
          1.0
        ],
        [
          8.9583,
          1.050733,
          1.0
        ],
        [
          9.0417,
          1.050363,
          1.0
        ],
        [
          9.125,
          1.049998,
          1.0
        ],
        [
          9.2083,
          1.049651,
          1.0
        ],
        [
          9.2917,
          1.049307,
          1.0
        ],
        [
          9.375,
          1.048963,
          1.0
        ],
        [
          9.4583,
          1.048623,
          1.0
        ],
        [
          9.5417,
          1.048294,
          1.0
        ],
        [
          9.625,
          1.047969,
          1.0
        ],
        [
          9.7083,
          1.047651,
          1.0
        ],
        [
          9.7917,
          1.047333,
          1.0
        ],
        [
          9.875,
          1.04702,
          1.0
        ],
        [
          9.9583,
          1.046715,
          1.0
        ],
        [
          10.0417,
          1.046414,
          1.0
        ],
        [
          10.125,
          1.046121,
          1.0
        ],
        [
          10.2083,
          1.045836,
          1.0
        ],
        [
          10.2917,
          1.045546,
          1.0
        ],
        [
          10.375,
          1.045267,
          1.0
        ],
        [
          10.4583,
          1.044998,
          1.0
        ],
        [
          10.5417,
          1.044732,
          1.0
        ],
        [
          10.625,
          1.044468,
          1.0
        ],
        [
          10.7083,
          1.044203,
          1.0
        ],
        [
          10.7917,
          1.043943,
          1.0
        ],
        [
          10.875,
          1.043687,
          1.0
        ],
        [
          10.9583,
          1.04343,
          1.0
        ],
        [
          11.0417,
          1.043185,
          1.0
        ],
        [
          11.125,
          1.042936,
          1.0
        ],
        [
          11.2083,
          1.042703,
          1.0
        ],
        [
          11.2917,
          1.042468,
          1.0
        ],
        [
          11.375,
          1.042238,
          1.0
        ],
        [
          11.4583,
          1.042006,
          1.0
        ],
        [
          11.5417,
          1.041779,
          1.0
        ],
        [
          11.625,
          1.041563,
          1.0
        ],
        [
          11.7083,
          1.041344,
          1.0
        ],
        [
          11.7917,
          1.041133,
          1.0
        ],
        [
          11.875,
          1.040917,
          1.0
        ],
        [
          11.9583,
          1.04071,
          1.0
        ],
        [
          12.0417,
          1.040498,
          1.0
        ],
        [
          12.125,
          1.040295,
          1.0
        ],
        [
          12.2083,
          1.040098,
          1.0
        ],
        [
          12.2917,
          1.039903,
          1.0
        ],
        [
          12.375,
          1.039698,
          1.0
        ],
        [
          12.4583,
          1.039503,
          1.0
        ],
        [
          12.5417,
          1.039307,
          1.0
        ],
        [
          12.625,
          1.039118,
          1.0
        ],
        [
          12.7083,
          1.03893,
          1.0
        ],
        [
          12.7917,
          1.038746,
          1.0
        ],
        [
          12.875,
          1.038562,
          1.0
        ],
        [
          12.9583,
          1.038379,
          1.0
        ],
        [
          13.0417,
          1.038204,
          1.0
        ],
        [
          13.125,
          1.038016,
          1.0
        ],
        [
          13.2083,
          1.037834,
          1.0
        ],
        [
          13.2917,
          1.037665,
          1.0
        ],
        [
          13.375,
          1.037491,
          1.0
        ],
        [
          13.4583,
          1.037327,
          1.0
        ],
        [
          13.5417,
          1.037162,
          1.0
        ],
        [
          13.625,
          1.036993,
          1.0
        ],
        [
          13.7083,
          1.036828,
          1.0
        ],
        [
          13.7917,
          1.036667,
          1.0
        ],
        [
          13.875,
          1.036501,
          1.0
        ],
        [
          13.9583,
          1.036346,
          1.0
        ],
        [
          14.0417,
          1.036189,
          1.0
        ],
        [
          14.125,
          1.036035,
          1.0
        ],
        [
          14.2083,
          1.035883,
          1.0
        ],
        [
          14.2917,
          1.035733,
          1.0
        ],
        [
          14.375,
          1.035583,
          1.0
        ],
        [
          14.4583,
          1.035432,
          1.0
        ],
        [
          14.5417,
          1.035285,
          1.0
        ],
        [
          14.625,
          1.035134,
          1.0
        ],
        [
          14.7083,
          1.03499,
          1.0
        ],
        [
          14.7917,
          1.034846,
          1.0
        ],
        [
          14.875,
          1.034697,
          1.0
        ],
        [
          14.9583,
          1.03455,
          1.0
        ],
        [
          15.0417,
          1.034413,
          1.0
        ],
        [
          15.125,
          1.034273,
          1.0
        ],
        [
          15.2083,
          1.034143,
          1.0
        ],
        [
          15.2917,
          1.034004,
          1.0
        ],
        [
          15.375,
          1.033864,
          1.0
        ],
        [
          15.4583,
          1.033736,
          1.0
        ],
        [
          15.5417,
          1.033601,
          1.0
        ],
        [
          15.625,
          1.033474,
          1.0
        ],
        [
          15.7083,
          1.033347,
          1.0
        ],
        [
          15.7917,
          1.033227,
          1.0
        ],
        [
          15.875,
          1.03311,
          1.0
        ],
        [
          15.9583,
          1.032988,
          1.0
        ],
        [
          16.0417,
          1.032868,
          1.0
        ],
        [
          16.125,
          1.032753,
          1.0
        ],
        [
          16.2083,
          1.032636,
          1.0
        ],
        [
          16.2917,
          1.032507,
          1.0
        ],
        [
          16.375,
          1.032386,
          1.0
        ],
        [
          16.4583,
          1.032266,
          1.0
        ],
        [
          16.5417,
          1.032143,
          1.0
        ],
        [
          16.625,
          1.032024,
          1.0
        ],
        [
          16.7083,
          1.031901,
          1.0
        ],
        [
          16.7917,
          1.031782,
          1.0
        ],
        [
          16.875,
          1.031665,
          1.0
        ],
        [
          16.9583,
          1.031548,
          1.0
        ],
        [
          17.0417,
          1.031437,
          1.0
        ],
        [
          17.125,
          1.031331,
          1.0
        ],
        [
          17.2083,
          1.031226,
          1.0
        ],
        [
          17.2917,
          1.031116,
          1.0
        ],
        [
          17.375,
          1.031012,
          1.0
        ],
        [
          17.4583,
          1.030906,
          1.0
        ],
        [
          17.5417,
          1.030803,
          1.0
        ],
        [
          17.625,
          1.030706,
          1.0
        ],
        [
          17.7083,
          1.030604,
          1.0
        ],
        [
          17.7917,
          1.030505,
          1.0
        ],
        [
          17.875,
          1.030409,
          1.0
        ],
        [
          17.9583,
          1.030306,
          1.0
        ],
        [
          18.0417,
          1.030209,
          1.0
        ],
        [
          18.125,
          1.030104,
          1.0
        ],
        [
          18.2083,
          1.03,
          1.0
        ],
        [
          18.2917,
          1.029902,
          1.0
        ],
        [
          18.375,
          1.029797,
          1.0
        ],
        [
          18.4583,
          1.029703,
          1.0
        ],
        [
          18.5417,
          1.029599,
          1.0
        ],
        [
          18.625,
          1.029505,
          1.0
        ],
        [
          18.7083,
          1.029409,
          1.0
        ],
        [
          18.7917,
          1.029317,
          1.0
        ],
        [
          18.875,
          1.029225,
          1.0
        ],
        [
          18.9583,
          1.029131,
          1.0
        ],
        [
          19.0417,
          1.029046,
          1.0
        ],
        [
          19.125,
          1.028955,
          1.0
        ],
        [
          19.2083,
          1.028871,
          1.0
        ],
        [
          19.2917,
          1.028794,
          1.0
        ],
        [
          19.375,
          1.028717,
          1.0
        ],
        [
          19.4583,
          1.02864,
          1.0
        ],
        [
          19.5417,
          1.028561,
          1.0
        ],
        [
          19.625,
          1.028481,
          1.0
        ],
        [
          19.7083,
          1.028401,
          1.0
        ],
        [
          19.7917,
          1.028321,
          1.0
        ],
        [
          19.875,
          1.028239,
          1.0
        ],
        [
          19.9583,
          1.028156,
          1.0
        ],
        [
          20.0417,
          1.028076,
          1.0
        ],
        [
          20.125,
          1.027995,
          1.0
        ],
        [
          20.2083,
          1.027914,
          1.0
        ],
        [
          20.2917,
          1.027836,
          1.0
        ],
        [
          20.375,
          1.027756,
          1.0
        ],
        [
          20.4583,
          1.027673,
          1.0
        ],
        [
          20.5417,
          1.027588,
          1.0
        ],
        [
          20.625,
          1.027508,
          1.0
        ],
        [
          20.7083,
          1.027431,
          1.0
        ],
        [
          20.7917,
          1.027358,
          1.0
        ],
        [
          20.875,
          1.027284,
          1.0
        ],
        [
          20.9583,
          1.027211,
          1.0
        ],
        [
          21.0417,
          1.027143,
          1.0
        ],
        [
          21.125,
          1.027073,
          1.0
        ],
        [
          21.2083,
          1.02701,
          1.0
        ],
        [
          21.2917,
          1.026951,
          1.0
        ],
        [
          21.375,
          1.026892,
          1.0
        ],
        [
          21.4583,
          1.026829,
          1.0
        ],
        [
          21.5417,
          1.026772,
          1.0
        ],
        [
          21.625,
          1.026709,
          1.0
        ],
        [
          21.7083,
          1.026654,
          1.0
        ],
        [
          21.7917,
          1.02659,
          1.0
        ],
        [
          21.875,
          1.026534,
          1.0
        ],
        [
          21.9583,
          1.026469,
          1.0
        ],
        [
          22.0417,
          1.026406,
          1.0
        ],
        [
          22.125,
          1.026342,
          1.0
        ],
        [
          22.2083,
          1.026274,
          1.0
        ],
        [
          22.2917,
          1.026211,
          1.0
        ],
        [
          22.375,
          1.026149,
          1.0
        ],
        [
          22.4583,
          1.026082,
          1.0
        ],
        [
          22.5417,
          1.026018,
          1.0
        ],
        [
          22.625,
          1.025956,
          1.0
        ],
        [
          22.7083,
          1.025895,
          1.0
        ],
        [
          22.7917,
          1.025831,
          1.0
        ],
        [
          22.875,
          1.025776,
          1.0
        ],
        [
          22.9583,
          1.02571,
          1.0
        ],
        [
          23.0417,
          1.025649,
          1.0
        ],
        [
          23.125,
          1.025587,
          1.0
        ],
        [
          23.2083,
          1.025532,
          1.0
        ],
        [
          23.2917,
          1.025471,
          1.0
        ],
        [
          23.375,
          1.025427,
          1.0
        ],
        [
          23.4583,
          1.025378,
          1.0
        ],
        [
          23.5417,
          1.025328,
          1.0
        ],
        [
          23.625,
          1.025281,
          1.0
        ],
        [
          23.7083,
          1.025239,
          1.0
        ],
        [
          23.7917,
          1.025193,
          1.0
        ],
        [
          23.875,
          1.025147,
          1.0
        ],
        [
          23.9583,
          1.025105,
          1.0
        ],
        [
          24.0417,
          1.025058,
          1.0
        ],
        [
          24.125,
          1.025012,
          1.0
        ],
        [
          24.2083,
          1.024955,
          1.0
        ],
        [
          24.2917,
          1.024904,
          1.0
        ],
        [
          24.375,
          1.024852,
          1.0
        ],
        [
          24.4583,
          1.024791,
          1.0
        ],
        [
          24.5417,
          1.024738,
          1.0
        ],
        [
          24.625,
          1.024679,
          1.0
        ],
        [
          24.7083,
          1.024627,
          1.0
        ],
        [
          24.7917,
          1.024569,
          1.0
        ],
        [
          24.875,
          1.024514,
          1.0
        ],
        [
          24.9583,
          1.024456,
          1.0
        ],
        [
          25.0417,
          1.024403,
          1.0
        ],
        [
          25.125,
          1.024345,
          1.0
        ],
        [
          25.2083,
          1.024292,
          1.0
        ],
        [
          25.2917,
          1.024232,
          1.0
        ],
        [
          25.375,
          1.024178,
          1.0
        ],
        [
          25.4583,
          1.024121,
          1.0
        ],
        [
          25.5417,
          1.024064,
          1.0
        ],
        [
          25.625,
          1.024007,
          1.0
        ],
        [
          25.7083,
          1.023948,
          1.0
        ],
        [
          25.7917,
          1.023887,
          1.0
        ],
        [
          25.875,
          1.023829,
          1.0
        ],
        [
          25.9583,
          1.023774,
          1.0
        ],
        [
          26.0417,
          1.023722,
          1.0
        ],
        [
          26.125,
          1.023674,
          1.0
        ],
        [
          26.2083,
          1.023633,
          1.0
        ],
        [
          26.2917,
          1.023586,
          1.0
        ],
        [
          26.375,
          1.023541,
          1.0
        ],
        [
          26.4583,
          1.023502,
          1.0
        ],
        [
          26.5417,
          1.023463,
          1.0
        ],
        [
          26.625,
          1.023427,
          1.0
        ],
        [
          26.7083,
          1.02339,
          1.0
        ],
        [
          26.7917,
          1.023351,
          1.0
        ],
        [
          26.875,
          1.023311,
          1.0
        ],
        [
          26.9583,
          1.02327,
          1.0
        ],
        [
          27.0417,
          1.023229,
          1.0
        ],
        [
          27.125,
          1.023187,
          1.0
        ],
        [
          27.2083,
          1.023142,
          1.0
        ],
        [
          27.2917,
          1.023098,
          1.0
        ],
        [
          27.375,
          1.023056,
          1.0
        ],
        [
          27.4583,
          1.02301,
          1.0
        ],
        [
          27.5417,
          1.022964,
          1.0
        ],
        [
          27.625,
          1.022921,
          1.0
        ],
        [
          27.7083,
          1.022876,
          1.0
        ],
        [
          27.7917,
          1.022833,
          1.0
        ],
        [
          27.875,
          1.022793,
          1.0
        ],
        [
          27.9583,
          1.022753,
          1.0
        ],
        [
          28.0417,
          1.022715,
          1.0
        ],
        [
          28.125,
          1.022676,
          1.0
        ],
        [
          28.2083,
          1.022635,
          1.0
        ],
        [
          28.2917,
          1.022594,
          1.0
        ],
        [
          28.375,
          1.022552,
          1.0
        ],
        [
          28.4583,
          1.022511,
          1.0
        ],
        [
          28.5417,
          1.022469,
          1.0
        ],
        [
          28.625,
          1.022431,
          1.0
        ],
        [
          28.7083,
          1.02239,
          1.0
        ],
        [
          28.7917,
          1.022351,
          1.0
        ],
        [
          28.875,
          1.022311,
          1.0
        ],
        [
          28.9583,
          1.02227,
          1.0
        ],
        [
          29.0417,
          1.022229,
          1.0
        ],
        [
          29.125,
          1.02219,
          1.0
        ],
        [
          29.2083,
          1.02215,
          1.0
        ],
        [
          29.2917,
          1.022114,
          1.0
        ],
        [
          29.375,
          1.022081,
          1.0
        ],
        [
          29.4583,
          1.02205,
          1.0
        ],
        [
          29.5417,
          1.02202,
          1.0
        ],
        [
          29.625,
          1.021993,
          1.0
        ],
        [
          29.7083,
          1.021962,
          1.0
        ],
        [
          29.7917,
          1.021933,
          1.0
        ],
        [
          29.875,
          1.021904,
          1.0
        ],
        [
          29.9583,
          1.021876,
          1.0
        ],
        [
          30.0417,
          1.021855,
          1.0
        ],
        [
          30.125,
          1.021829,
          1.0
        ],
        [
          30.2083,
          1.021803,
          1.0
        ],
        [
          30.2917,
          1.02178,
          1.0
        ],
        [
          30.375,
          1.021753,
          1.0
        ],
        [
          30.4583,
          1.021729,
          1.0
        ],
        [
          30.5417,
          1.021701,
          1.0
        ],
        [
          30.625,
          1.021677,
          1.0
        ],
        [
          30.7083,
          1.021656,
          1.0
        ],
        [
          30.7917,
          1.021632,
          1.0
        ],
        [
          30.875,
          1.021609,
          1.0
        ],
        [
          30.9583,
          1.021586,
          1.0
        ],
        [
          31.0417,
          1.021569,
          1.0
        ],
        [
          31.125,
          1.021547,
          1.0
        ],
        [
          31.2083,
          1.02153,
          1.0
        ],
        [
          31.2917,
          1.021508,
          1.0
        ],
        [
          31.375,
          1.021493,
          1.0
        ],
        [
          31.4583,
          1.021472,
          1.0
        ],
        [
          31.5417,
          1.021455,
          1.0
        ],
        [
          31.625,
          1.021432,
          1.0
        ],
        [
          31.7083,
          1.021416,
          1.0
        ],
        [
          31.7917,
          1.021394,
          1.0
        ],
        [
          31.875,
          1.021378,
          1.0
        ],
        [
          31.9583,
          1.021355,
          1.0
        ],
        [
          32.0417,
          1.021339,
          1.0
        ],
        [
          32.125,
          1.021315,
          1.0
        ],
        [
          32.2083,
          1.021297,
          1.0
        ],
        [
          32.2917,
          1.021271,
          1.0
        ],
        [
          32.375,
          1.021253,
          1.0
        ],
        [
          32.4583,
          1.021227,
          1.0
        ],
        [
          32.5417,
          1.021206,
          1.0
        ],
        [
          32.625,
          1.021184,
          1.0
        ],
        [
          32.7083,
          1.021158,
          1.0
        ],
        [
          32.7917,
          1.021137,
          1.0
        ],
        [
          32.875,
          1.021108,
          1.0
        ],
        [
          32.9583,
          1.021079,
          1.0
        ],
        [
          33.0417,
          1.021056,
          1.0
        ],
        [
          33.125,
          1.021025,
          1.0
        ],
        [
          33.2083,
          1.020996,
          1.0
        ],
        [
          33.2917,
          1.020963,
          1.0
        ],
        [
          33.375,
          1.020941,
          1.0
        ],
        [
          33.4583,
          1.020909,
          1.0
        ],
        [
          33.5417,
          1.020876,
          1.0
        ],
        [
          33.625,
          1.020846,
          1.0
        ],
        [
          33.7083,
          1.020815,
          1.0
        ],
        [
          33.7917,
          1.020788,
          1.0
        ],
        [
          33.875,
          1.020758,
          1.0
        ],
        [
          33.9583,
          1.020726,
          1.0
        ],
        [
          34.0417,
          1.0207,
          1.0
        ],
        [
          34.125,
          1.020674,
          1.0
        ],
        [
          34.2083,
          1.020653,
          1.0
        ],
        [
          34.2917,
          1.020629,
          1.0
        ],
        [
          34.375,
          1.020612,
          1.0
        ],
        [
          34.4583,
          1.020593,
          1.0
        ],
        [
          34.5417,
          1.020581,
          1.0
        ],
        [
          34.625,
          1.020559,
          1.0
        ],
        [
          34.7083,
          1.020545,
          1.0
        ],
        [
          34.7917,
          1.020528,
          1.0
        ],
        [
          34.875,
          1.020515,
          1.0
        ],
        [
          34.9583,
          1.020503,
          1.0
        ],
        [
          35.0417,
          1.020489,
          1.0
        ],
        [
          35.125,
          1.02048,
          1.0
        ],
        [
          35.2083,
          1.020468,
          1.0
        ],
        [
          35.2917,
          1.020455,
          1.0
        ],
        [
          35.375,
          1.020447,
          1.0
        ],
        [
          35.4583,
          1.02044,
          1.0
        ],
        [
          35.5417,
          1.020435,
          1.0
        ],
        [
          35.625,
          1.020429,
          1.0
        ],
        [
          35.7083,
          1.020425,
          1.0
        ],
        [
          35.7917,
          1.020422,
          1.0
        ],
        [
          35.875,
          1.020418,
          1.0
        ],
        [
          35.9583,
          1.020414,
          1.0
        ],
        [
          36.0417,
          1.020406,
          1.0
        ],
        [
          36.125,
          1.020399,
          1.0
        ],
        [
          36.2083,
          1.020389,
          1.0
        ],
        [
          36.2917,
          1.020381,
          1.0
        ],
        [
          36.375,
          1.020375,
          1.0
        ],
        [
          36.4583,
          1.020367,
          1.0
        ],
        [
          36.5417,
          1.020359,
          1.0
        ],
        [
          36.625,
          1.020349,
          1.0
        ],
        [
          36.7083,
          1.020337,
          1.0
        ],
        [
          36.7917,
          1.020334,
          1.0
        ],
        [
          36.875,
          1.020331,
          1.0
        ],
        [
          36.9583,
          1.020327,
          1.0
        ],
        [
          37.0417,
          1.020323,
          1.0
        ],
        [
          37.125,
          1.020322,
          1.0
        ],
        [
          37.2083,
          1.020318,
          1.0
        ],
        [
          37.2917,
          1.020314,
          1.0
        ],
        [
          37.375,
          1.020311,
          1.0
        ],
        [
          37.4583,
          1.020307,
          1.0
        ],
        [
          37.5417,
          1.020304,
          1.0
        ],
        [
          37.625,
          1.020304,
          1.0
        ],
        [
          37.7083,
          1.020303,
          1.0
        ],
        [
          37.7917,
          1.020301,
          1.0
        ],
        [
          37.875,
          1.020298,
          1.0
        ],
        [
          37.9583,
          1.020293,
          1.0
        ],
        [
          38.0417,
          1.020289,
          1.0
        ],
        [
          38.125,
          1.020281,
          1.0
        ],
        [
          38.2083,
          1.020272,
          1.0
        ],
        [
          38.2917,
          1.020267,
          1.0
        ],
        [
          38.375,
          1.020262,
          1.0
        ],
        [
          38.4583,
          1.020256,
          1.0
        ],
        [
          38.5417,
          1.020248,
          1.0
        ],
        [
          38.625,
          1.020238,
          1.0
        ],
        [
          38.7083,
          1.02023,
          1.0
        ],
        [
          38.7917,
          1.020223,
          1.0
        ],
        [
          38.875,
          1.020217,
          1.0
        ],
        [
          38.9583,
          1.020209,
          1.0
        ],
        [
          39.0417,
          1.020198,
          1.0
        ],
        [
          39.125,
          1.02019,
          1.0
        ],
        [
          39.2083,
          1.020182,
          1.0
        ],
        [
          39.2917,
          1.020176,
          1.0
        ],
        [
          39.375,
          1.020166,
          1.0
        ],
        [
          39.4583,
          1.020155,
          1.0
        ],
        [
          39.5417,
          1.020149,
          1.0
        ],
        [
          39.625,
          1.020141,
          1.0
        ],
        [
          39.7083,
          1.020137,
          1.0
        ],
        [
          39.7917,
          1.020127,
          1.0
        ],
        [
          39.875,
          1.020119,
          1.0
        ],
        [
          39.9583,
          1.020115,
          1.0
        ],
        [
          40.0417,
          1.02011,
          1.0
        ],
        [
          40.125,
          1.020106,
          1.0
        ],
        [
          40.2083,
          1.020104,
          1.0
        ],
        [
          40.2917,
          1.020101,
          1.0
        ],
        [
          40.375,
          1.020098,
          1.0
        ],
        [
          40.4583,
          1.020095,
          1.0
        ],
        [
          40.5417,
          1.020089,
          1.0
        ],
        [
          40.625,
          1.020085,
          1.0
        ],
        [
          40.7083,
          1.020081,
          1.0
        ],
        [
          40.7917,
          1.020076,
          1.0
        ],
        [
          40.875,
          1.020073,
          1.0
        ],
        [
          40.9583,
          1.02007,
          1.0
        ],
        [
          41.0417,
          1.020068,
          1.0
        ],
        [
          41.125,
          1.020066,
          1.0
        ],
        [
          41.2083,
          1.020064,
          1.0
        ],
        [
          41.2917,
          1.020062,
          1.0
        ],
        [
          41.375,
          1.020059,
          1.0
        ],
        [
          41.4583,
          1.020058,
          1.0
        ],
        [
          41.5417,
          1.010448,
          1.0
        ]
      ]
    },
    "1640": {
      "x_eff": 1620,
      "Rex": 8100.0,
      "scale": 18.0,
      "delta99_cells": 88.38,
      "u_edge_over_U": 1.0237010568380356,
      "l2": 0.476842854498747,
      "Cf_ref": 0.007377777777777778,
      "Cf_1st": 0.015256201848387718,
      "Cf_err_1st_pct": 106.78588104248047,
      "Cf_2nd": 0.021180914365686473,
      "Cf_err_2nd_pct": 187.09070676382265,
      "dstar": 11.506870180368423,
      "dstar_ref": 30.974400000000003,
      "theta": 0.5631416901014745,
      "theta_ref": 11.952,
      "H": 20.43334809449991,
      "eta_tab": [
        {
          "eta": 1.0,
          "u_sim": 0.0274696,
          "u_blas": 0.016489,
          "rel_pct": 66.59
        },
        {
          "eta": 2.0,
          "u_sim": 0.0442597,
          "u_blas": 0.0314883,
          "rel_pct": 40.56
        },
        {
          "eta": 3.0,
          "u_sim": 0.0522199,
          "u_blas": 0.0423022,
          "rel_pct": 23.44
        },
        {
          "eta": 4.0,
          "u_sim": 0.0542187,
          "u_blas": 0.0477759,
          "rel_pct": 13.49
        },
        {
          "eta": 5.0,
          "u_sim": 0.0540002,
          "u_blas": 0.0495771,
          "rel_pct": 8.92
        }
      ],
      "prof_in_eta": [
        [
          0.0278,
          0.01907,
          0.009224
        ],
        [
          0.0833,
          0.056695,
          0.027671
        ],
        [
          0.1389,
          0.093294,
          0.046118
        ],
        [
          0.1944,
          0.12888,
          0.064563
        ],
        [
          0.25,
          0.16347,
          0.083005
        ],
        [
          0.3056,
          0.197093,
          0.101442
        ],
        [
          0.3611,
          0.22978,
          0.119871
        ],
        [
          0.4167,
          0.26157,
          0.138288
        ],
        [
          0.4722,
          0.2925,
          0.156691
        ],
        [
          0.5278,
          0.322605,
          0.175074
        ],
        [
          0.5833,
          0.351923,
          0.193435
        ],
        [
          0.6389,
          0.380485,
          0.211766
        ],
        [
          0.6944,
          0.40832,
          0.230063
        ],
        [
          0.75,
          0.435457,
          0.248319
        ],
        [
          0.8056,
          0.46192,
          0.266528
        ],
        [
          0.8611,
          0.487727,
          0.284682
        ],
        [
          0.9167,
          0.51289,
          0.302775
        ],
        [
          0.9722,
          0.537429,
          0.320797
        ],
        [
          1.0278,
          0.561354,
          0.338742
        ],
        [
          1.0833,
          0.584675,
          0.356599
        ],
        [
          1.1389,
          0.607398,
          0.374361
        ],
        [
          1.1944,
          0.629529,
          0.392017
        ],
        [
          1.25,
          0.651073,
          0.409557
        ],
        [
          1.3056,
          0.672033,
          0.426973
        ],
        [
          1.3611,
          0.69241,
          0.444252
        ],
        [
          1.4167,
          0.712206,
          0.461386
        ],
        [
          1.4722,
          0.731423,
          0.478363
        ],
        [
          1.5278,
          0.750062,
          0.495172
        ],
        [
          1.5833,
          0.768123,
          0.511804
        ],
        [
          1.6389,
          0.785606,
          0.528246
        ],
        [
          1.6944,
          0.802513,
          0.544488
        ],
        [
          1.75,
          0.818845,
          0.560519
        ],
        [
          1.8056,
          0.834601,
          0.576329
        ],
        [
          1.8611,
          0.849787,
          0.591906
        ],
        [
          1.9167,
          0.864404,
          0.607241
        ],
        [
          1.9722,
          0.878452,
          0.622323
        ],
        [
          2.0278,
          0.891938,
          0.637142
        ],
        [
          2.0833,
          0.904864,
          0.651689
        ],
        [
          2.1389,
          0.917236,
          0.665954
        ],
        [
          2.1944,
          0.929061,
          0.679929
        ],
        [
          2.25,
          0.940345,
          0.693606
        ],
        [
          2.3056,
          0.951092,
          0.706976
        ],
        [
          2.3611,
          0.961311,
          0.720032
        ],
        [
          2.4167,
          0.971014,
          0.732769
        ],
        [
          2.4722,
          0.980211,
          0.745179
        ],
        [
          2.5278,
          0.988913,
          0.757257
        ],
        [
          2.5833,
          0.997128,
          0.768999
        ],
        [
          2.6389,
          1.004864,
          0.7804
        ],
        [
          2.6944,
          1.012135,
          0.791457
        ],
        [
          2.75,
          1.018957,
          0.802168
        ],
        [
          2.8056,
          1.02534,
          0.81253
        ],
        [
          2.8611,
          1.031303,
          0.822543
        ],
        [
          2.9167,
          1.036855,
          0.832206
        ],
        [
          2.9722,
          1.042011,
          0.841519
        ],
        [
          3.0278,
          1.046785,
          0.850483
        ],
        [
          3.0833,
          1.051194,
          0.859101
        ],
        [
          3.1389,
          1.055249,
          0.867374
        ],
        [
          3.1944,
          1.058969,
          0.875307
        ],
        [
          3.25,
          1.062367,
          0.882902
        ],
        [
          3.3056,
          1.06546,
          0.890164
        ],
        [
          3.3611,
          1.068265,
          0.897099
        ],
        [
          3.4167,
          1.0708,
          0.903712
        ],
        [
          3.4722,
          1.073077,
          0.910008
        ],
        [
          3.5278,
          1.07511,
          0.915996
        ],
        [
          3.5833,
          1.076908,
          0.921682
        ],
        [
          3.6389,
          1.078491,
          0.927073
        ],
        [
          3.6944,
          1.079868,
          0.932178
        ],
        [
          3.75,
          1.081059,
          0.937005
        ],
        [
          3.8056,
          1.082064,
          0.941562
        ],
        [
          3.8611,
          1.082916,
          0.945858
        ],
        [
          3.9167,
          1.083604,
          0.949903
        ],
        [
          3.9722,
          1.084162,
          0.953705
        ],
        [
          4.0278,
          1.084587,
          0.957274
        ],
        [
          4.0833,
          1.084896,
          0.960619
        ],
        [
          4.1389,
          1.085097,
          0.96375
        ],
        [
          4.1944,
          1.085197,
          0.966675
        ],
        [
          4.25,
          1.085213,
          0.969405
        ],
        [
          4.3056,
          1.085137,
          0.971949
        ],
        [
          4.3611,
          1.084986,
          0.974315
        ],
        [
          4.4167,
          1.084774,
          0.976513
        ],
        [
          4.4722,
          1.084502,
          0.978552
        ],
        [
          4.5278,
          1.084177,
          0.98044
        ],
        [
          4.5833,
          1.083805,
          0.982186
        ],
        [
          4.6389,
          1.083394,
          0.983798
        ],
        [
          4.6944,
          1.082943,
          0.985285
        ],
        [
          4.75,
          1.08246,
          0.986653
        ],
        [
          4.8056,
          1.081949,
          0.987911
        ],
        [
          4.8611,
          1.081417,
          0.989065
        ],
        [
          4.9167,
          1.080865,
          0.990122
        ],
        [
          4.9722,
          1.080296,
          0.99109
        ],
        [
          5.0278,
          1.079711,
          0.991974
        ],
        [
          5.0833,
          1.079114,
          0.99278
        ],
        [
          5.1389,
          1.078511,
          0.993514
        ],
        [
          5.1944,
          1.077902,
          0.994182
        ],
        [
          5.25,
          1.077289,
          0.994789
        ],
        [
          5.3056,
          1.076672,
          0.995338
        ],
        [
          5.3611,
          1.076055,
          0.995836
        ],
        [
          5.4167,
          1.075438,
          0.996285
        ],
        [
          5.4722,
          1.074822,
          0.996691
        ],
        [
          5.5278,
          1.074207,
          0.997057
        ],
        [
          5.5833,
          1.073596,
          0.997386
        ],
        [
          5.6389,
          1.072989,
          0.997681
        ],
        [
          5.6944,
          1.072389,
          0.997946
        ],
        [
          5.75,
          1.071791,
          0.998183
        ],
        [
          5.8056,
          1.071199,
          0.998396
        ],
        [
          5.8611,
          1.070614,
          0.998585
        ],
        [
          5.9167,
          1.070036,
          0.998754
        ],
        [
          5.9722,
          1.069465,
          0.998904
        ],
        [
          6.0278,
          1.068899,
          0.999038
        ],
        [
          6.0833,
          1.068343,
          0.999156
        ],
        [
          6.1389,
          1.067793,
          0.999261
        ],
        [
          6.1944,
          1.067252,
          0.999354
        ],
        [
          6.25,
          1.066718,
          0.999436
        ],
        [
          6.3056,
          1.066191,
          0.999508
        ],
        [
          6.3611,
          1.065673,
          0.999572
        ],
        [
          6.4167,
          1.065161,
          0.999628
        ],
        [
          6.4722,
          1.064657,
          0.999677
        ],
        [
          6.5278,
          1.064162,
          0.99972
        ],
        [
          6.5833,
          1.063675,
          0.999758
        ],
        [
          6.6389,
          1.063193,
          0.99979
        ],
        [
          6.6944,
          1.062721,
          0.999819
        ],
        [
          6.75,
          1.062255,
          0.999844
        ],
        [
          6.8056,
          1.061798,
          0.999866
        ],
        [
          6.8611,
          1.061348,
          0.999885
        ],
        [
          6.9167,
          1.060903,
          0.999901
        ],
        [
          6.9722,
          1.060469,
          0.999915
        ],
        [
          7.0278,
          1.060038,
          0.999928
        ],
        [
          7.0833,
          1.059616,
          0.999938
        ],
        [
          7.1389,
          1.059199,
          0.999947
        ],
        [
          7.1944,
          1.058792,
          0.999955
        ],
        [
          7.25,
          1.058389,
          0.999962
        ],
        [
          7.3056,
          1.057993,
          0.999967
        ],
        [
          7.3611,
          1.057603,
          0.999972
        ],
        [
          7.4167,
          1.057218,
          0.999977
        ],
        [
          7.4722,
          1.05684,
          0.99998
        ],
        [
          7.5278,
          1.056467,
          0.999983
        ],
        [
          7.5833,
          1.056101,
          0.999986
        ],
        [
          7.6389,
          1.05574,
          0.999988
        ],
        [
          7.6944,
          1.055384,
          0.99999
        ],
        [
          7.75,
          1.055035,
          0.999992
        ],
        [
          7.8056,
          1.054691,
          0.999993
        ],
        [
          7.8611,
          1.05435,
          0.999994
        ],
        [
          7.9167,
          1.054015,
          0.999995
        ],
        [
          7.9722,
          1.053686,
          0.999996
        ],
        [
          8.0278,
          1.053361,
          0.999997
        ],
        [
          8.0833,
          1.05304,
          0.999997
        ],
        [
          8.1389,
          1.052723,
          0.999998
        ],
        [
          8.1944,
          1.052413,
          0.999998
        ],
        [
          8.25,
          1.052105,
          0.999998
        ],
        [
          8.3056,
          1.051802,
          0.999999
        ],
        [
          8.3611,
          1.051504,
          0.999999
        ],
        [
          8.4167,
          1.051209,
          0.999999
        ],
        [
          8.4722,
          1.050918,
          0.999999
        ],
        [
          8.5278,
          1.050631,
          0.999999
        ],
        [
          8.5833,
          1.050347,
          0.999999
        ],
        [
          8.6389,
          1.050066,
          1.0
        ],
        [
          8.6944,
          1.049789,
          1.0
        ],
        [
          8.75,
          1.049515,
          1.0
        ],
        [
          8.8056,
          1.049246,
          1.0
        ],
        [
          8.8611,
          1.048981,
          1.0
        ],
        [
          8.9167,
          1.048721,
          1.0
        ],
        [
          8.9722,
          1.048462,
          1.0
        ],
        [
          9.0278,
          1.048205,
          1.0
        ],
        [
          9.0833,
          1.047953,
          1.0
        ],
        [
          9.1389,
          1.047705,
          1.0
        ],
        [
          9.1944,
          1.047458,
          1.0
        ],
        [
          9.25,
          1.047212,
          1.0
        ],
        [
          9.3056,
          1.046973,
          1.0
        ],
        [
          9.3611,
          1.046734,
          1.0
        ],
        [
          9.4167,
          1.0465,
          1.0
        ],
        [
          9.4722,
          1.046267,
          1.0
        ],
        [
          9.5278,
          1.046038,
          1.0
        ],
        [
          9.5833,
          1.045812,
          1.0
        ],
        [
          9.6389,
          1.045589,
          1.0
        ],
        [
          9.6944,
          1.045366,
          1.0
        ],
        [
          9.75,
          1.045144,
          1.0
        ],
        [
          9.8056,
          1.044927,
          1.0
        ],
        [
          9.8611,
          1.044716,
          1.0
        ],
        [
          9.9167,
          1.044502,
          1.0
        ],
        [
          9.9722,
          1.044294,
          1.0
        ],
        [
          10.0278,
          1.044083,
          1.0
        ],
        [
          10.0833,
          1.04388,
          1.0
        ],
        [
          10.1389,
          1.043678,
          1.0
        ],
        [
          10.1944,
          1.043474,
          1.0
        ],
        [
          10.25,
          1.043276,
          1.0
        ],
        [
          10.3056,
          1.043082,
          1.0
        ],
        [
          10.3611,
          1.042889,
          1.0
        ],
        [
          10.4167,
          1.042699,
          1.0
        ],
        [
          10.4722,
          1.04251,
          1.0
        ],
        [
          10.5278,
          1.04232,
          1.0
        ],
        [
          10.5833,
          1.042132,
          1.0
        ],
        [
          10.6389,
          1.04195,
          1.0
        ],
        [
          10.6944,
          1.04177,
          1.0
        ],
        [
          10.75,
          1.041589,
          1.0
        ],
        [
          10.8056,
          1.041409,
          1.0
        ],
        [
          10.8611,
          1.04123,
          1.0
        ],
        [
          10.9167,
          1.041053,
          1.0
        ],
        [
          10.9722,
          1.04088,
          1.0
        ],
        [
          11.0278,
          1.040707,
          1.0
        ],
        [
          11.0833,
          1.040536,
          1.0
        ],
        [
          11.1389,
          1.040363,
          1.0
        ],
        [
          11.1944,
          1.040193,
          1.0
        ],
        [
          11.25,
          1.040025,
          1.0
        ],
        [
          11.3056,
          1.039863,
          1.0
        ],
        [
          11.3611,
          1.039699,
          1.0
        ],
        [
          11.4167,
          1.039536,
          1.0
        ],
        [
          11.4722,
          1.039371,
          1.0
        ],
        [
          11.5278,
          1.039213,
          1.0
        ],
        [
          11.5833,
          1.039057,
          1.0
        ],
        [
          11.6389,
          1.038903,
          1.0
        ],
        [
          11.6944,
          1.038749,
          1.0
        ],
        [
          11.75,
          1.038593,
          1.0
        ],
        [
          11.8056,
          1.03844,
          1.0
        ],
        [
          11.8611,
          1.038288,
          1.0
        ],
        [
          11.9167,
          1.038139,
          1.0
        ],
        [
          11.9722,
          1.037991,
          1.0
        ],
        [
          12.0278,
          1.037843,
          1.0
        ],
        [
          12.0833,
          1.037698,
          1.0
        ],
        [
          12.1389,
          1.037554,
          1.0
        ],
        [
          12.1944,
          1.037412,
          1.0
        ],
        [
          12.25,
          1.037271,
          1.0
        ],
        [
          12.3056,
          1.037134,
          1.0
        ],
        [
          12.3611,
          1.036997,
          1.0
        ],
        [
          12.4167,
          1.036857,
          1.0
        ],
        [
          12.4722,
          1.036722,
          1.0
        ],
        [
          12.5278,
          1.036585,
          1.0
        ],
        [
          12.5833,
          1.036453,
          1.0
        ],
        [
          12.6389,
          1.03632,
          1.0
        ],
        [
          12.6944,
          1.036192,
          1.0
        ],
        [
          12.75,
          1.036062,
          1.0
        ],
        [
          12.8056,
          1.035935,
          1.0
        ],
        [
          12.8611,
          1.035806,
          1.0
        ],
        [
          12.9167,
          1.035677,
          1.0
        ],
        [
          12.9722,
          1.035555,
          1.0
        ],
        [
          13.0278,
          1.035435,
          1.0
        ],
        [
          13.0833,
          1.035313,
          1.0
        ],
        [
          13.1389,
          1.035191,
          1.0
        ],
        [
          13.1944,
          1.035073,
          1.0
        ],
        [
          13.25,
          1.034954,
          1.0
        ],
        [
          13.3056,
          1.034837,
          1.0
        ],
        [
          13.3611,
          1.034719,
          1.0
        ],
        [
          13.4167,
          1.034606,
          1.0
        ],
        [
          13.4722,
          1.034495,
          1.0
        ],
        [
          13.5278,
          1.034384,
          1.0
        ],
        [
          13.5833,
          1.034274,
          1.0
        ],
        [
          13.6389,
          1.034166,
          1.0
        ],
        [
          13.6944,
          1.034054,
          1.0
        ],
        [
          13.75,
          1.033944,
          1.0
        ],
        [
          13.8056,
          1.03384,
          1.0
        ],
        [
          13.8611,
          1.033737,
          1.0
        ],
        [
          13.9167,
          1.033631,
          1.0
        ],
        [
          13.9722,
          1.033528,
          1.0
        ],
        [
          14.0278,
          1.033431,
          1.0
        ],
        [
          14.0833,
          1.033327,
          1.0
        ],
        [
          14.1389,
          1.033221,
          1.0
        ],
        [
          14.1944,
          1.033121,
          1.0
        ],
        [
          14.25,
          1.033019,
          1.0
        ],
        [
          14.3056,
          1.032921,
          1.0
        ],
        [
          14.3611,
          1.032827,
          1.0
        ],
        [
          14.4167,
          1.032732,
          1.0
        ],
        [
          14.4722,
          1.032639,
          1.0
        ],
        [
          14.5278,
          1.03255,
          1.0
        ],
        [
          14.5833,
          1.032454,
          1.0
        ],
        [
          14.6389,
          1.032366,
          1.0
        ],
        [
          14.6944,
          1.032267,
          1.0
        ],
        [
          14.75,
          1.032177,
          1.0
        ],
        [
          14.8056,
          1.032083,
          1.0
        ],
        [
          14.8611,
          1.031994,
          1.0
        ],
        [
          14.9167,
          1.031909,
          1.0
        ],
        [
          14.9722,
          1.031822,
          1.0
        ],
        [
          15.0278,
          1.031739,
          1.0
        ],
        [
          15.0833,
          1.031654,
          1.0
        ],
        [
          15.1389,
          1.031571,
          1.0
        ],
        [
          15.1944,
          1.031489,
          1.0
        ],
        [
          15.25,
          1.031404,
          1.0
        ],
        [
          15.3056,
          1.031319,
          1.0
        ],
        [
          15.3611,
          1.031234,
          1.0
        ],
        [
          15.4167,
          1.031153,
          1.0
        ],
        [
          15.4722,
          1.031073,
          1.0
        ],
        [
          15.5278,
          1.030994,
          1.0
        ],
        [
          15.5833,
          1.030917,
          1.0
        ],
        [
          15.6389,
          1.03084,
          1.0
        ],
        [
          15.6944,
          1.030762,
          1.0
        ],
        [
          15.75,
          1.030685,
          1.0
        ],
        [
          15.8056,
          1.030608,
          1.0
        ],
        [
          15.8611,
          1.030529,
          1.0
        ],
        [
          15.9167,
          1.030451,
          1.0
        ],
        [
          15.9722,
          1.030373,
          1.0
        ],
        [
          16.0278,
          1.030297,
          1.0
        ],
        [
          16.0833,
          1.030221,
          1.0
        ],
        [
          16.1389,
          1.030146,
          1.0
        ],
        [
          16.1944,
          1.030072,
          1.0
        ],
        [
          16.25,
          1.030004,
          1.0
        ],
        [
          16.3056,
          1.029934,
          1.0
        ],
        [
          16.3611,
          1.029862,
          1.0
        ],
        [
          16.4167,
          1.029791,
          1.0
        ],
        [
          16.4722,
          1.029722,
          1.0
        ],
        [
          16.5278,
          1.029651,
          1.0
        ],
        [
          16.5833,
          1.029579,
          1.0
        ],
        [
          16.6389,
          1.029507,
          1.0
        ],
        [
          16.6944,
          1.02944,
          1.0
        ],
        [
          16.75,
          1.029373,
          1.0
        ],
        [
          16.8056,
          1.029307,
          1.0
        ],
        [
          16.8611,
          1.029238,
          1.0
        ],
        [
          16.9167,
          1.029175,
          1.0
        ],
        [
          16.9722,
          1.029111,
          1.0
        ],
        [
          17.0278,
          1.029044,
          1.0
        ],
        [
          17.0833,
          1.028979,
          1.0
        ],
        [
          17.1389,
          1.028915,
          1.0
        ],
        [
          17.1944,
          1.028851,
          1.0
        ],
        [
          17.25,
          1.028786,
          1.0
        ],
        [
          17.3056,
          1.028726,
          1.0
        ],
        [
          17.3611,
          1.028667,
          1.0
        ],
        [
          17.4167,
          1.028607,
          1.0
        ],
        [
          17.4722,
          1.028551,
          1.0
        ],
        [
          17.5278,
          1.028492,
          1.0
        ],
        [
          17.5833,
          1.028438,
          1.0
        ],
        [
          17.6389,
          1.028381,
          1.0
        ],
        [
          17.6944,
          1.028329,
          1.0
        ],
        [
          17.75,
          1.028275,
          1.0
        ],
        [
          17.8056,
          1.028221,
          1.0
        ],
        [
          17.8611,
          1.028171,
          1.0
        ],
        [
          17.9167,
          1.028113,
          1.0
        ],
        [
          17.9722,
          1.028063,
          1.0
        ],
        [
          18.0278,
          1.028009,
          1.0
        ],
        [
          18.0833,
          1.027959,
          1.0
        ],
        [
          18.1389,
          1.027912,
          1.0
        ],
        [
          18.1944,
          1.027857,
          1.0
        ],
        [
          18.25,
          1.027807,
          1.0
        ],
        [
          18.3056,
          1.027754,
          1.0
        ],
        [
          18.3611,
          1.027699,
          1.0
        ],
        [
          18.4167,
          1.027651,
          1.0
        ],
        [
          18.4722,
          1.027599,
          1.0
        ],
        [
          18.5278,
          1.02755,
          1.0
        ],
        [
          18.5833,
          1.027503,
          1.0
        ],
        [
          18.6389,
          1.027458,
          1.0
        ],
        [
          18.6944,
          1.027411,
          1.0
        ],
        [
          18.75,
          1.027364,
          1.0
        ],
        [
          18.8056,
          1.027313,
          1.0
        ],
        [
          18.8611,
          1.027268,
          1.0
        ],
        [
          18.9167,
          1.027222,
          1.0
        ],
        [
          18.9722,
          1.027174,
          1.0
        ],
        [
          19.0278,
          1.027125,
          1.0
        ],
        [
          19.0833,
          1.027083,
          1.0
        ],
        [
          19.1389,
          1.027042,
          1.0
        ],
        [
          19.1944,
          1.027003,
          1.0
        ],
        [
          19.25,
          1.026963,
          1.0
        ],
        [
          19.3056,
          1.02692,
          1.0
        ],
        [
          19.3611,
          1.026876,
          1.0
        ],
        [
          19.4167,
          1.026827,
          1.0
        ],
        [
          19.4722,
          1.026783,
          1.0
        ],
        [
          19.5278,
          1.026742,
          1.0
        ],
        [
          19.5833,
          1.026701,
          1.0
        ],
        [
          19.6389,
          1.026659,
          1.0
        ],
        [
          19.6944,
          1.026618,
          1.0
        ],
        [
          19.75,
          1.026577,
          1.0
        ],
        [
          19.8056,
          1.026537,
          1.0
        ],
        [
          19.8611,
          1.026498,
          1.0
        ],
        [
          19.9167,
          1.02646,
          1.0
        ],
        [
          19.9722,
          1.026422,
          1.0
        ],
        [
          20.0278,
          1.026384,
          1.0
        ],
        [
          20.0833,
          1.026345,
          1.0
        ],
        [
          20.1389,
          1.026308,
          1.0
        ],
        [
          20.1944,
          1.026271,
          1.0
        ],
        [
          20.25,
          1.026235,
          1.0
        ],
        [
          20.3056,
          1.026201,
          1.0
        ],
        [
          20.3611,
          1.026169,
          1.0
        ],
        [
          20.4167,
          1.026136,
          1.0
        ],
        [
          20.4722,
          1.026112,
          1.0
        ],
        [
          20.5278,
          1.02608,
          1.0
        ],
        [
          20.5833,
          1.026047,
          1.0
        ],
        [
          20.6389,
          1.026012,
          1.0
        ],
        [
          20.6944,
          1.02598,
          1.0
        ],
        [
          20.75,
          1.025947,
          1.0
        ],
        [
          20.8056,
          1.025916,
          1.0
        ],
        [
          20.8611,
          1.025883,
          1.0
        ],
        [
          20.9167,
          1.025848,
          1.0
        ],
        [
          20.9722,
          1.025815,
          1.0
        ],
        [
          21.0278,
          1.025779,
          1.0
        ],
        [
          21.0833,
          1.025746,
          1.0
        ],
        [
          21.1389,
          1.025712,
          1.0
        ],
        [
          21.1944,
          1.025679,
          1.0
        ],
        [
          21.25,
          1.025643,
          1.0
        ],
        [
          21.3056,
          1.025607,
          1.0
        ],
        [
          21.3611,
          1.02557,
          1.0
        ],
        [
          21.4167,
          1.025534,
          1.0
        ],
        [
          21.4722,
          1.025499,
          1.0
        ],
        [
          21.5278,
          1.025464,
          1.0
        ],
        [
          21.5833,
          1.02543,
          1.0
        ],
        [
          21.6389,
          1.025396,
          1.0
        ],
        [
          21.6944,
          1.025364,
          1.0
        ],
        [
          21.75,
          1.025335,
          1.0
        ],
        [
          21.8056,
          1.025304,
          1.0
        ],
        [
          21.8611,
          1.025277,
          1.0
        ],
        [
          21.9167,
          1.025248,
          1.0
        ],
        [
          21.9722,
          1.025221,
          1.0
        ],
        [
          22.0278,
          1.025197,
          1.0
        ],
        [
          22.0833,
          1.02517,
          1.0
        ],
        [
          22.1389,
          1.025141,
          1.0
        ],
        [
          22.1944,
          1.025115,
          1.0
        ],
        [
          22.25,
          1.025087,
          1.0
        ],
        [
          22.3056,
          1.025055,
          1.0
        ],
        [
          22.3611,
          1.025028,
          1.0
        ],
        [
          22.4167,
          1.025003,
          1.0
        ],
        [
          22.4722,
          1.024973,
          1.0
        ],
        [
          22.5278,
          1.02495,
          1.0
        ],
        [
          22.5833,
          1.024926,
          1.0
        ],
        [
          22.6389,
          1.024903,
          1.0
        ],
        [
          22.6944,
          1.024884,
          1.0
        ],
        [
          22.75,
          1.024862,
          1.0
        ],
        [
          22.8056,
          1.024844,
          1.0
        ],
        [
          22.8611,
          1.024825,
          1.0
        ],
        [
          22.9167,
          1.024807,
          1.0
        ],
        [
          22.9722,
          1.024787,
          1.0
        ],
        [
          23.0278,
          1.024769,
          1.0
        ],
        [
          23.0833,
          1.024752,
          1.0
        ],
        [
          23.1389,
          1.024731,
          1.0
        ],
        [
          23.1944,
          1.024716,
          1.0
        ],
        [
          23.25,
          1.024696,
          1.0
        ],
        [
          23.3056,
          1.024678,
          1.0
        ],
        [
          23.3611,
          1.024656,
          1.0
        ],
        [
          23.4167,
          1.024638,
          1.0
        ],
        [
          23.4722,
          1.024616,
          1.0
        ],
        [
          23.5278,
          1.024597,
          1.0
        ],
        [
          23.5833,
          1.024576,
          1.0
        ],
        [
          23.6389,
          1.02456,
          1.0
        ],
        [
          23.6944,
          1.02454,
          1.0
        ],
        [
          23.75,
          1.024523,
          1.0
        ],
        [
          23.8056,
          1.024503,
          1.0
        ],
        [
          23.8611,
          1.024487,
          1.0
        ],
        [
          23.9167,
          1.024468,
          1.0
        ],
        [
          23.9722,
          1.024451,
          1.0
        ],
        [
          24.0278,
          1.024432,
          1.0
        ],
        [
          24.0833,
          1.024417,
          1.0
        ],
        [
          24.1389,
          1.0244,
          1.0
        ],
        [
          24.1944,
          1.024387,
          1.0
        ],
        [
          24.25,
          1.024374,
          1.0
        ],
        [
          24.3056,
          1.02436,
          1.0
        ],
        [
          24.3611,
          1.024349,
          1.0
        ],
        [
          24.4167,
          1.024335,
          1.0
        ],
        [
          24.4722,
          1.024319,
          1.0
        ],
        [
          24.5278,
          1.024303,
          1.0
        ],
        [
          24.5833,
          1.024286,
          1.0
        ],
        [
          24.6389,
          1.024272,
          1.0
        ],
        [
          24.6944,
          1.024257,
          1.0
        ],
        [
          24.75,
          1.024239,
          1.0
        ],
        [
          24.8056,
          1.024224,
          1.0
        ],
        [
          24.8611,
          1.024207,
          1.0
        ],
        [
          24.9167,
          1.024196,
          1.0
        ],
        [
          24.9722,
          1.024181,
          1.0
        ],
        [
          25.0278,
          1.024167,
          1.0
        ],
        [
          25.0833,
          1.024157,
          1.0
        ],
        [
          25.1389,
          1.024144,
          1.0
        ],
        [
          25.1944,
          1.024132,
          1.0
        ],
        [
          25.25,
          1.024123,
          1.0
        ],
        [
          25.3056,
          1.024114,
          1.0
        ],
        [
          25.3611,
          1.024104,
          1.0
        ],
        [
          25.4167,
          1.024095,
          1.0
        ],
        [
          25.4722,
          1.024086,
          1.0
        ],
        [
          25.5278,
          1.024078,
          1.0
        ],
        [
          25.5833,
          1.024068,
          1.0
        ],
        [
          25.6389,
          1.02406,
          1.0
        ],
        [
          25.6944,
          1.02405,
          1.0
        ],
        [
          25.75,
          1.024043,
          1.0
        ],
        [
          25.8056,
          1.024033,
          1.0
        ],
        [
          25.8611,
          1.024025,
          1.0
        ],
        [
          25.9167,
          1.024016,
          1.0
        ],
        [
          25.9722,
          1.024009,
          1.0
        ],
        [
          26.0278,
          1.024002,
          1.0
        ],
        [
          26.0833,
          1.023992,
          1.0
        ],
        [
          26.1389,
          1.023985,
          1.0
        ],
        [
          26.1944,
          1.023978,
          1.0
        ],
        [
          26.25,
          1.023971,
          1.0
        ],
        [
          26.3056,
          1.023965,
          1.0
        ],
        [
          26.3611,
          1.023957,
          1.0
        ],
        [
          26.4167,
          1.023949,
          1.0
        ],
        [
          26.4722,
          1.023942,
          1.0
        ],
        [
          26.5278,
          1.023934,
          1.0
        ],
        [
          26.5833,
          1.02393,
          1.0
        ],
        [
          26.6389,
          1.023922,
          1.0
        ],
        [
          26.6944,
          1.023914,
          1.0
        ],
        [
          26.75,
          1.023909,
          1.0
        ],
        [
          26.8056,
          1.023903,
          1.0
        ],
        [
          26.8611,
          1.023898,
          1.0
        ],
        [
          26.9167,
          1.023895,
          1.0
        ],
        [
          26.9722,
          1.023892,
          1.0
        ],
        [
          27.0278,
          1.023886,
          1.0
        ],
        [
          27.0833,
          1.023882,
          1.0
        ],
        [
          27.1389,
          1.023878,
          1.0
        ],
        [
          27.1944,
          1.023875,
          1.0
        ],
        [
          27.25,
          1.023873,
          1.0
        ],
        [
          27.3056,
          1.023872,
          1.0
        ],
        [
          27.3611,
          1.023871,
          1.0
        ],
        [
          27.4167,
          1.02387,
          1.0
        ],
        [
          27.4722,
          1.023868,
          1.0
        ],
        [
          27.5278,
          1.023868,
          1.0
        ],
        [
          27.5833,
          1.023867,
          1.0
        ],
        [
          27.6389,
          1.023867,
          1.0
        ],
        [
          27.6944,
          1.014248,
          1.0
        ]
      ]
    }
  }
}
